user_id,state,device_type,app_section,experience_rating,feedback_tag,session_duration_sec,is_crash
4993499d-4e2b-4250-b691-c2d4995e2fbc,Karnataka,Android,Search,2,Easy to Use,152,0
be935818-0195-4422-8f00-e07a9cc5dce3,Uttar Pradesh,Android,Notifications,4,Slow Loading,40,0
3f6e4a36-3958-4495-a425-ef52ff777807,Maharashtra,Android,Notifications,2,Confusing,235,0
d116b2fc-2d78-4ca2-b006-43185271438e,Delhi,Android,Profile,4,Feature-Rich,294,0
a028662b-b589-4dbf-8031-b4a5bd3b2dd6,Delhi,Android,Home,4,Crash,377,0
fa470e5d-e16f-4b4c-b94c-5572e56d5d24,Uttar Pradesh,iOS,Home,4,Crash,397,0
a2cf80db-d9ea-4cdc-a0d1-accf43c2cbe0,Delhi,iOS,Notifications,2,Crash,56,0
962dfc17-eab5-4f1d-884b-d98e8834b1f3,Delhi,Android,Profile,1,Confusing,294,0
710f84af-96cb-4efc-8449-7db884827353,Delhi,Android,Search,3,Easy to Use,283,0
895fab1e-250b-41d6-8e51-855290ccc66b,Karnataka,Android,Notifications,2,Great UI,483,0
83f7d552-cf0f-4b8f-8d1a-7ac445c14638,Uttar Pradesh,Android,Search,1,Easy to Use,42,0
031e0055-0a20-4abe-9311-fd9f4b7287f6,Tamil Nadu,iOS,Home,2,Feature-Rich,227,0
35faa714-fb45-45dc-9c84-4bc1ba078700,Tamil Nadu,iOS,Profile,3,Great UI,262,0
de8bc632-097b-416e-8bb6-65cd36177aa7,Uttar Pradesh,iOS,Notifications,4,Confusing,380,0
b86a8e92-fe8a-4939-99cc-6dcf2b73a74c,Maharashtra,iOS,Home,1,Crash,166,0
250e3184-e0ec-4049-ade0-1d9f220db4fa,Tamil Nadu,Android,Settings,4,Helpful,551,0
48d988c8-eef5-4639-9385-8213d230b0d9,Uttar Pradesh,Android,Home,5,Buggy,358,0
7be507e1-f4ba-4565-9082-9bd72d92bd62,Tamil Nadu,Android,Settings,1,Buggy,522,0
67656e36-28ca-4ca8-ad1e-475e8dcdef10,Uttar Pradesh,Android,Search,5,Easy to Use,166,0
b82fa486-b2fb-4118-af79-72bc956db6a7,Maharashtra,Android,Notifications,3,Helpful,29,0
eb9d2924-153e-484c-9bee-399e5844121c,Delhi,iOS,Profile,1,Easy to Use,590,1
1402107f-3c10-4328-ba6e-1bd554bb5432,Karnataka,iOS,Home,5,Great UI,141,0
90d1e4b5-2e35-4425-934b-77b151eaa7fa,Uttar Pradesh,Android,Search,5,Confusing,226,1
d0414d00-92a2-4857-a3b9-54c1d8633669,Maharashtra,iOS,Settings,3,Helpful,539,0
8c4c7141-fc55-454d-bff0-3045c0468621,Maharashtra,Android,Home,3,Slow Loading,577,0
4442b9b3-3a46-4203-9311-10dbe0fbcc9f,Maharashtra,Android,Home,1,Easy to Use,79,1
27bbe1d0-4294-4d9a-a5ca-1a211e40f054,Delhi,Android,Notifications,2,Buggy,507,0
dcd822bf-6e6e-4b5c-81aa-048dd81bd009,Maharashtra,iOS,Profile,4,Confusing,204,0
a2cd04df-f86d-494d-b7b4-c0d7cd5d19da,Tamil Nadu,iOS,Settings,4,Helpful,65,0
db121075-3609-446f-81fd-2c8c70fe70c7,Karnataka,Android,Settings,3,Crash,264,0
1d375250-14ab-4fbb-8f34-f3d2a8a3e20b,Uttar Pradesh,iOS,Profile,4,Great UI,295,0
a342bce1-2668-4d7e-b3e8-6503cfdc6293,Karnataka,iOS,Notifications,1,Slow Loading,563,0
4401484a-5478-4bb5-bf91-84fb82b5fe31,Karnataka,Android,Profile,4,Helpful,502,0
58926c5a-8dbf-4e7d-af32-82eff4fb61f1,Tamil Nadu,Android,Profile,4,Slow Loading,409,0
f49ed632-fd2f-425c-a919-a195534d7083,Tamil Nadu,iOS,Settings,5,Helpful,168,0
5d10a1cb-d999-4ec7-af43-1ae44d93ea71,Maharashtra,Android,Notifications,5,Slow Loading,331,0
e9dec5ef-fb49-4550-b748-ce4c43ded222,Uttar Pradesh,iOS,Notifications,5,Great UI,68,1
c107a2d6-f1a7-41cb-9f8a-8da74337d189,Karnataka,Android,Home,5,Crash,250,0
ed62c005-0d99-412f-adcf-79dc05c2eced,Uttar Pradesh,Android,Notifications,5,Slow Loading,93,0
a9de8672-a182-480f-b586-42f186512cce,Uttar Pradesh,iOS,Search,2,Feature-Rich,254,0
22212c97-6828-479d-8a9b-fa7685bfe695,Maharashtra,iOS,Settings,3,Crash,19,0
d390ce82-8feb-4727-a15a-57b36e6a536b,Uttar Pradesh,Android,Home,5,Easy to Use,528,0
29a747f5-1fb4-4910-9103-fa5d0a1d90e4,Delhi,Android,Profile,3,Buggy,171,0
8b72a0d0-47d5-454d-952c-6aaee82ff3cc,Uttar Pradesh,iOS,Notifications,5,Slow Loading,577,0
777a33fc-7cc3-40a4-a351-4b11752b9fe3,Karnataka,Android,Search,1,Crash,576,0
5887da80-586f-4ad5-a301-c9579baf5d81,Delhi,Android,Search,2,Buggy,527,0
a121af21-8b45-48b1-9d27-fcaa18d3ffa3,Karnataka,Android,Settings,3,Slow Loading,13,0
19fdb214-432b-48f0-9666-4f7e71e74e9a,Maharashtra,iOS,Profile,4,Confusing,584,0
536f72fa-5dc9-4c27-a02d-209ad1427a23,Karnataka,Android,Notifications,1,Feature-Rich,575,0
aa6dddd1-981d-47f0-9161-89277ef8bcb8,Maharashtra,Android,Search,3,Slow Loading,376,0
97ad209f-4717-418d-b933-0d28ebb43df1,Maharashtra,Android,Search,5,Confusing,168,1
07c3ffd0-668b-4ebf-9e99-8057bf52e554,Maharashtra,Android,Profile,4,Slow Loading,193,0
7cd416c2-0503-401f-8bba-ec9f63759d3d,Delhi,iOS,Profile,3,Great UI,120,0
d88a2820-873f-4d9e-83da-445ac6339237,Karnataka,iOS,Profile,2,Helpful,368,0
1c04f0ee-ed20-4f18-9d27-62f2963bf443,Maharashtra,Android,Home,2,Confusing,346,0
066cdb14-d45a-490a-9cce-b0fe83207776,Karnataka,iOS,Search,5,Confusing,559,0
0e24e03d-51d2-47d9-bdb2-0d76e6df9b2d,Karnataka,Android,Search,2,Buggy,49,0
d4d4ccb0-1b91-428d-851d-b3414a9939c0,Tamil Nadu,iOS,Search,4,Crash,404,0
3f4f2321-3c32-4ac8-8952-93e5b281a708,Maharashtra,iOS,Home,4,Slow Loading,542,1
730f4ad3-b14b-47b5-9844-b1ac68e3a9c9,Uttar Pradesh,Android,Search,4,Crash,348,0
d6070710-0765-4169-b980-0e4d1f5a1ffc,Karnataka,iOS,Notifications,3,Confusing,344,0
ebfee654-4212-46a6-8564-20ce46607fee,Delhi,Android,Profile,4,Confusing,188,0
f4064855-14a9-49b0-af50-5634b18ac171,Delhi,iOS,Notifications,1,Buggy,303,0
af55354a-d961-4b7f-af61-c62052ee372f,Uttar Pradesh,iOS,Settings,4,Helpful,228,0
775db571-eab5-48ee-9fc9-a3ca98931621,Maharashtra,Android,Search,5,Feature-Rich,105,0
5e4a60fa-6de4-443d-bf75-1c8fce696db1,Maharashtra,iOS,Profile,2,Great UI,35,0
032a1d9a-5107-41cf-8497-4547f6380fbb,Tamil Nadu,Android,Settings,4,Easy to Use,403,0
5199f46a-cd67-4c63-a84f-4a78599a0954,Maharashtra,Android,Home,1,Confusing,234,0
538cf156-4f3a-4f69-b030-f1f8242b1ed1,Uttar Pradesh,iOS,Home,5,Easy to Use,134,0
7005c308-1b0b-4867-9f06-eea53f6fa7ac,Tamil Nadu,iOS,Settings,5,Confusing,571,0
34814976-62f6-4a1b-966c-b8cb91b944d9,Maharashtra,iOS,Settings,3,Easy to Use,293,0
f554f0ea-8d9f-406e-bd6e-df8d936fba6f,Uttar Pradesh,iOS,Profile,3,Helpful,89,0
882be790-7dfe-48d3-ab9d-3f6543c86e5b,Maharashtra,iOS,Search,3,Crash,151,0
633e7741-0219-4eb7-abab-e9900c15701a,Tamil Nadu,Android,Profile,1,Confusing,427,0
2893e06b-fb1f-46e8-acf3-d7dd57c7e073,Tamil Nadu,iOS,Home,2,Confusing,408,1
9a1ee729-07dc-4e0e-a00d-172e9673e548,Uttar Pradesh,Android,Notifications,4,Helpful,16,1
f946737b-fbed-469e-9bf4-1c8dad60d9e9,Delhi,iOS,Settings,5,Easy to Use,509,0
b9b78054-eaa0-4256-9400-694afb6fd004,Tamil Nadu,iOS,Home,4,Feature-Rich,424,0
695ea00b-b4fa-4d7a-a186-694c40b479e0,Tamil Nadu,Android,Notifications,5,Slow Loading,413,0
d95d50a2-3d79-404a-be5b-ab14891d0a52,Karnataka,Android,Settings,2,Helpful,196,0
0f645482-b9f7-477c-b4b5-af6051e0dd1e,Tamil Nadu,iOS,Profile,4,Feature-Rich,355,0
031e11f3-bd13-476c-904e-5e1a226d0173,Tamil Nadu,iOS,Settings,3,Crash,491,0
39eb8704-a88b-4f01-9196-c70fc99025e3,Uttar Pradesh,Android,Search,2,Crash,51,0
0058851a-0059-4659-9204-aeddbcdbd135,Maharashtra,Android,Home,5,Great UI,254,0
058d9773-b3d5-4f81-986e-794230d741f2,Karnataka,Android,Settings,3,Feature-Rich,181,0
3835668a-40cc-4cbb-8465-b2edc664d366,Karnataka,Android,Search,1,Slow Loading,329,0
d99ba78e-f3d5-45bb-a8e6-375ba9e44f39,Tamil Nadu,iOS,Profile,1,Easy to Use,114,0
85a22b87-f57b-4302-a988-049796273bd5,Delhi,Android,Notifications,1,Feature-Rich,555,0
faf0ca65-48bc-45e1-a258-ee859340bb8f,Delhi,Android,Notifications,3,Slow Loading,440,0
3b9584c6-b02a-430c-ab3d-5a22be0b9ec4,Karnataka,iOS,Search,4,Great UI,455,0
ce70dd77-25c4-4251-9d58-cd2f9cce4fb8,Uttar Pradesh,iOS,Notifications,5,Helpful,486,0
38b2da79-cb19-4f3f-823c-a3b039d3547b,Uttar Pradesh,iOS,Search,2,Crash,295,0
ed5d0049-cd99-4a0e-a66e-0f79bcce257e,Maharashtra,iOS,Notifications,5,Confusing,354,0
ff2e029d-c691-4ec1-a7d1-ca17d9ebf6d2,Delhi,Android,Settings,2,Feature-Rich,274,0
cba82556-d7c3-470a-8b81-01a6930fe018,Uttar Pradesh,iOS,Notifications,1,Easy to Use,97,0
e6f4c9c3-0742-4d95-964d-daba75f28242,Tamil Nadu,iOS,Notifications,2,Helpful,512,0
be87e996-bf9e-4503-b6dc-ecd18aff143c,Karnataka,Android,Search,2,Confusing,259,0
b6a4ba73-8ea7-469d-8426-70b4ef96c5a7,Uttar Pradesh,iOS,Settings,5,Feature-Rich,445,1
5b005f26-729b-49a7-938a-8ae055a2aa86,Uttar Pradesh,iOS,Search,4,Buggy,323,0
135f421b-bbaa-4910-8c20-ede9f1ead20a,Karnataka,Android,Search,1,Great UI,206,0
ce705c76-bef7-4326-bfbc-7ee1f62951d8,Tamil Nadu,iOS,Notifications,5,Buggy,112,0
70ea77b8-afa5-49f7-8abc-4ccf31813fd3,Delhi,Android,Search,2,Buggy,24,0
16ade1cd-6a37-49dc-95f8-9b7590c425ef,Maharashtra,iOS,Home,1,Buggy,139,0
517ff315-8973-4f11-b360-a23405c0c69e,Tamil Nadu,Android,Home,5,Buggy,490,0
35e265cc-1ab4-4ae0-89d2-93883495d6c3,Delhi,Android,Home,3,Helpful,126,0
63a937a8-2338-4221-b965-3beb75994380,Tamil Nadu,iOS,Home,5,Slow Loading,165,0
5d4adc14-d60e-41d9-b00d-19cd0e5519b4,Uttar Pradesh,iOS,Home,2,Crash,581,0
80eb8e67-fba9-40fc-bf3d-c78566adf8f8,Uttar Pradesh,Android,Notifications,4,Helpful,463,0
0ac47a70-06e3-4b0b-a9a3-30f4c8b99542,Uttar Pradesh,iOS,Search,5,Slow Loading,111,1
8ad97f5f-7b32-4938-a6fb-2802eaae2cd9,Maharashtra,Android,Search,1,Great UI,255,0
6e5963ac-bc7c-4b51-8867-3128c6fee258,Karnataka,Android,Home,4,Helpful,491,0
4c15f129-677f-48e2-bd84-0ac889952b5b,Maharashtra,iOS,Search,4,Crash,249,1
ea2164ef-03c7-4806-8221-9e8763e811b6,Uttar Pradesh,Android,Settings,1,Easy to Use,162,1
109a0130-ebba-4ddd-8af4-cec0691c9993,Maharashtra,Android,Home,2,Buggy,592,1
9a3d1e11-7cd7-4b88-b46b-85a0357402c4,Tamil Nadu,Android,Settings,3,Confusing,288,0
554dc82f-f3b3-4ad3-b428-6129f4346dad,Tamil Nadu,iOS,Home,5,Slow Loading,452,0
edc20f44-8bbf-473b-a679-711593f2512a,Uttar Pradesh,iOS,Home,1,Easy to Use,599,0
ded1457f-e3e8-45cb-b3e2-4cec0e2f0c38,Karnataka,iOS,Notifications,1,Great UI,491,0
12811386-132e-4699-a988-4f6539683c1e,Tamil Nadu,iOS,Profile,5,Confusing,513,1
689c588e-e8ae-4655-9c9d-59b35e068e28,Tamil Nadu,iOS,Settings,3,Feature-Rich,117,0
f2e72aa1-e66e-46c6-b99c-9e2224fb03cb,Delhi,iOS,Settings,3,Confusing,573,0
ead00661-21c6-4bff-b728-a01b6e9e9e59,Karnataka,iOS,Search,3,Crash,423,0
890fdfaf-ecf3-4284-9cdd-7b8ba8950196,Karnataka,iOS,Settings,1,Easy to Use,540,0
f83fa439-4685-4e52-bbdf-f47f64f1ee10,Tamil Nadu,iOS,Home,2,Buggy,572,0
adb7602c-6ce4-4c70-b267-5fa66b9001fc,Delhi,iOS,Settings,1,Slow Loading,255,0
ae2fbfa8-4bbf-4d43-859f-f45a613dca18,Delhi,Android,Notifications,4,Crash,240,1
9b4e0e51-d442-44d5-af76-fc4ef8d80c9a,Karnataka,iOS,Home,2,Helpful,308,0
719568f1-ca03-4573-8031-285247efac34,Delhi,iOS,Settings,4,Easy to Use,477,0
2dcffc4f-35c4-4e19-9441-83181374299e,Tamil Nadu,Android,Notifications,5,Great UI,81,0
d7692588-70fa-4b12-ae3b-fb14245cebcc,Tamil Nadu,iOS,Notifications,3,Slow Loading,299,0
ff1a1823-bf83-4b34-8313-58eb63648b16,Uttar Pradesh,iOS,Profile,4,Helpful,363,0
2d5e4cb7-8152-41e6-bcef-04ccb9ddf799,Uttar Pradesh,iOS,Settings,3,Easy to Use,254,0
5596c37f-4638-44c8-8381-47047ea3718f,Maharashtra,iOS,Home,3,Helpful,400,0
1f4bd695-acb5-48dd-ac21-f7eaa5ee6ad7,Maharashtra,iOS,Home,2,Feature-Rich,112,0
b5f57a9e-71b9-4f99-be15-7b937ee8cb6a,Tamil Nadu,Android,Notifications,4,Slow Loading,157,0
dca389df-10bb-4b83-9c39-06998ac7e6a1,Maharashtra,Android,Settings,3,Feature-Rich,417,0
6841333b-aebf-4140-a685-5ed9b2e598e2,Delhi,iOS,Search,4,Slow Loading,80,0
725eaf34-ae74-4a62-b509-b3468f99d338,Delhi,Android,Home,4,Crash,112,0
a25e7e08-a314-4c86-9b9e-5e45fb09cdc9,Delhi,Android,Home,3,Slow Loading,310,0
05cde0a9-afc0-4d2c-b499-21d6363fe141,Tamil Nadu,Android,Profile,5,Confusing,589,0
14cf0cac-443f-4925-ab2c-8106256392fc,Maharashtra,Android,Profile,1,Confusing,256,0
89f998f9-bccb-4c5a-bf17-97cba892cbfb,Uttar Pradesh,Android,Profile,4,Buggy,480,0
da6da86d-4d65-41f6-8eb6-3f4101374d7a,Karnataka,iOS,Search,5,Great UI,85,0
d002abd8-a699-465e-8be7-06126802d970,Delhi,iOS,Settings,3,Helpful,319,0
a94fc2ec-f355-42af-8fc0-ea37ed5c4042,Tamil Nadu,iOS,Home,2,Confusing,595,0
fda5aad9-2275-45b7-8d14-579e47865ad2,Delhi,iOS,Home,4,Buggy,18,0
9e3a4d7f-41ea-4d13-b8ed-8cc20c589ec3,Karnataka,iOS,Search,2,Feature-Rich,234,0
ffc7fa79-f86a-4d17-8c59-5bfd544d6fb4,Uttar Pradesh,iOS,Profile,1,Slow Loading,326,0
8e0ba66e-f2cd-4c33-8ed4-40036142abad,Karnataka,iOS,Profile,1,Buggy,344,0
2e499e51-4894-4319-b29c-55c793291c43,Maharashtra,Android,Profile,5,Feature-Rich,553,0
8dcd7657-7692-484c-bf0e-d66d5f81ef21,Delhi,Android,Search,4,Buggy,356,0
31889fa6-3c16-4a0b-bf40-638b89c30d5b,Tamil Nadu,Android,Profile,2,Confusing,580,0
150bf7d7-1feb-4b82-874d-4112e612a3c6,Tamil Nadu,Android,Search,5,Crash,475,0
9a6b26f9-1a2e-488a-a8f6-21d93e00f4c9,Delhi,iOS,Search,1,Easy to Use,492,0
d6910627-e43b-430b-970b-d9dd5682bc4d,Uttar Pradesh,iOS,Notifications,2,Crash,485,1
54afa76e-f856-4d99-9fd5-9a79bb2da92d,Delhi,iOS,Home,2,Slow Loading,48,0
729a2cd4-27b7-4bd4-85cc-4faddcc1a720,Tamil Nadu,Android,Home,2,Great UI,407,0
b4dec9e9-0003-4c7d-97cb-47c32fefb2e1,Uttar Pradesh,iOS,Notifications,2,Confusing,111,0
63372353-a973-4f21-bc43-08af7c5d53d3,Uttar Pradesh,iOS,Search,1,Feature-Rich,232,0
3076bbf6-6eaa-40d0-8d8e-66ccfe7dd258,Maharashtra,iOS,Home,3,Feature-Rich,72,0
406e4402-d469-4d00-9682-bdc3ee705764,Maharashtra,Android,Settings,1,Easy to Use,31,0
71c66b1f-ca78-434c-89e6-027fcde1321d,Delhi,Android,Profile,5,Easy to Use,80,0
0a8df9b4-6764-4aaf-aeb1-c0d9b0d63a73,Uttar Pradesh,Android,Notifications,2,Easy to Use,346,0
44bf30cc-3153-4edc-b2ef-9b703c307745,Uttar Pradesh,Android,Search,2,Great UI,563,0
3e741894-a3f7-43d6-860f-fbb211e48faf,Maharashtra,Android,Home,2,Slow Loading,376,0
d9c10eef-0b4e-4bbf-87f1-3205ccd2e34b,Maharashtra,iOS,Home,2,Buggy,63,0
ec383fb5-496c-49ec-a1a9-1ff101945d98,Tamil Nadu,Android,Home,4,Helpful,380,0
16834d57-c4bd-4895-8ebc-fb33d38187bc,Karnataka,iOS,Notifications,2,Slow Loading,543,0
c53bcb13-8202-4f19-9959-26e49bec2522,Karnataka,Android,Settings,4,Confusing,120,0
29acee3e-5577-42bb-8149-5874da62db07,Tamil Nadu,Android,Home,3,Great UI,77,0
6544f4b4-c33f-459d-9f23-ff76a5aa4080,Uttar Pradesh,iOS,Settings,5,Buggy,474,0
ed86c9e2-26c6-49c5-92c7-28b5106d6b5b,Tamil Nadu,Android,Home,5,Easy to Use,450,0
4bda3da3-03e1-4832-8c75-bfa93421739b,Maharashtra,iOS,Search,4,Confusing,435,0
3e340b86-2136-44f5-ad08-82734960a5a1,Delhi,iOS,Search,3,Feature-Rich,166,0
dbc3b04a-e78d-4c56-ac61-a9e4b0e35e60,Tamil Nadu,Android,Home,1,Crash,452,0
2235b262-a78a-4f8b-890f-1a0b9d66866f,Delhi,Android,Notifications,1,Feature-Rich,135,0
7b3bf1b5-a432-4284-96fb-c781916ed974,Tamil Nadu,Android,Search,5,Buggy,370,0
eafb8680-edac-4f45-9aea-6bb8eaf52496,Uttar Pradesh,Android,Profile,4,Easy to Use,120,0
5c3880c5-4c3f-4a93-8fee-67a1104d78b3,Uttar Pradesh,iOS,Home,3,Easy to Use,449,0
a1e15d05-8c39-466a-95e2-da36db42ddbb,Uttar Pradesh,Android,Notifications,3,Slow Loading,194,0
ffea03bb-4fd2-4122-af89-253d4e01ba94,Delhi,iOS,Search,1,Great UI,156,0
981cfeb2-405c-47c7-979e-5d2ec42d38b2,Tamil Nadu,Android,Profile,1,Crash,553,0
f5a3084a-d992-4e91-979a-511529a6a23d,Tamil Nadu,iOS,Search,2,Feature-Rich,329,0
ea6a1353-ee9d-4ce8-8c3b-5e211d42c370,Uttar Pradesh,Android,Home,2,Great UI,60,0
8232d2fa-b1f0-47de-b7ef-116a900af308,Delhi,iOS,Settings,4,Helpful,434,0
e3e716f3-9cea-4f1e-b244-7f061ad93a07,Uttar Pradesh,Android,Search,4,Crash,300,0
91041375-93e8-4e2f-9196-b7084b535ac8,Uttar Pradesh,iOS,Notifications,3,Slow Loading,235,0
3d881cc2-380f-4fbe-a8ae-e58d4ed90b25,Uttar Pradesh,Android,Home,2,Buggy,226,0
d825e789-cb9b-4c6a-a504-df664d50a8ec,Delhi,iOS,Search,1,Slow Loading,519,0
77cb2d3f-959f-468b-80a6-ba2f9dea74cf,Maharashtra,Android,Settings,5,Easy to Use,522,0
218e4579-59a3-47e5-a4ed-81803f7c975d,Delhi,Android,Settings,1,Confusing,29,0
8822477b-c034-4d69-aed8-f118cfa67f2c,Karnataka,iOS,Notifications,4,Confusing,437,0
6acf1f4a-2d55-4b27-a2ca-2f177ed01a6c,Tamil Nadu,Android,Search,2,Helpful,380,0
33efcfab-1907-43e1-ac9e-ef990cf31826,Karnataka,Android,Settings,5,Confusing,546,0
c66f10bd-dad7-48b1-8f2f-6e194380eb3a,Delhi,iOS,Profile,3,Great UI,88,0
a0bb8ed4-d29d-4033-90a3-b4d5c9f30116,Karnataka,Android,Search,3,Great UI,251,0
09e8a1e6-651f-4a1b-8e1c-1b195852fa8c,Delhi,Android,Profile,5,Great UI,87,0
9c7be279-92e3-4cdd-a6e8-8bf70c3ade71,Tamil Nadu,iOS,Notifications,5,Helpful,588,0
a1640504-3a85-47e8-9081-c83f6b31788c,Uttar Pradesh,iOS,Search,2,Helpful,79,0
c31f3aa3-b4ea-4683-acb3-8fdf3884b136,Delhi,iOS,Notifications,1,Feature-Rich,529,0
29c64118-727d-4cd6-99e8-0e01b2e915ba,Tamil Nadu,iOS,Home,1,Feature-Rich,303,0
3638ffb6-7901-4da6-b816-6ad11e154349,Karnataka,iOS,Settings,5,Slow Loading,470,1
17ccfcde-fc92-4429-a5c5-596b51c220d3,Uttar Pradesh,Android,Search,5,Helpful,523,0
8fbd97f8-00b4-4829-940e-85bec7258783,Karnataka,iOS,Home,3,Crash,526,0
9ac05007-1bf8-4826-9d0e-51ed7efe3215,Karnataka,Android,Settings,4,Great UI,382,0
40fe6e38-45d2-4af4-81a6-2dd2a28c0d23,Delhi,iOS,Settings,3,Slow Loading,352,0
af3d4307-8e92-49dd-a9b7-b375448c90f1,Karnataka,iOS,Search,3,Great UI,351,0
d769a001-4396-42d1-8ecd-d5dc02464687,Maharashtra,iOS,Search,4,Great UI,96,0
fccf386c-a78d-431c-adfd-56574b3b0ded,Tamil Nadu,iOS,Profile,5,Crash,443,0
988464ce-c213-48d9-8cda-fd26db095d55,Karnataka,iOS,Search,2,Easy to Use,359,1
0ee03943-b030-4e58-baaa-56838e91c65d,Tamil Nadu,Android,Profile,2,Great UI,89,0
c09e420c-80fc-4f3b-8281-a9ab8f7a002e,Karnataka,Android,Search,5,Great UI,395,0
665990fc-8027-4bdf-9999-e8350ac0aab1,Maharashtra,Android,Settings,1,Confusing,383,0
c4b525e3-e2eb-454a-95f8-207ae423a755,Maharashtra,iOS,Notifications,3,Helpful,249,0
10371838-9718-4ea8-8c04-a9d70379833e,Delhi,iOS,Profile,3,Helpful,482,0
e712d096-8924-46df-8e25-02c746f3edd4,Tamil Nadu,iOS,Profile,2,Great UI,266,0
481f5444-42d9-4a55-b234-13af28c88382,Tamil Nadu,iOS,Notifications,1,Crash,301,0
acca381e-e64b-4b1e-a5b8-c2e54dca3b53,Maharashtra,iOS,Settings,5,Great UI,457,0
701c7e8b-ba58-4652-8462-0207d1fbb7c1,Maharashtra,iOS,Search,1,Confusing,64,0
c07f245d-d848-478a-9200-cdec7f98bb26,Delhi,Android,Settings,1,Feature-Rich,239,0
ce05eacb-8ddd-4a0e-a9d6-0455f2b0a832,Karnataka,iOS,Profile,2,Slow Loading,303,1
014c313f-0c56-42e1-b73e-48467c66e548,Tamil Nadu,Android,Settings,4,Slow Loading,91,0
f200f72d-8d45-442f-a983-750270629d50,Maharashtra,Android,Notifications,5,Confusing,123,0
fa7052ed-5fcd-424e-9e11-f72e9f46a0bf,Maharashtra,iOS,Home,1,Easy to Use,439,0
ac331467-d450-4279-904c-777331abe70c,Uttar Pradesh,iOS,Home,1,Helpful,558,0
1cc35734-4a13-471d-b4a3-c9eab8fece76,Uttar Pradesh,Android,Profile,3,Confusing,11,0
161d5b7e-2db1-4892-a1dd-5f4256514f1a,Maharashtra,iOS,Profile,1,Feature-Rich,79,1
6bbb42ba-2ab9-4c54-8def-52a43059b143,Uttar Pradesh,Android,Settings,4,Slow Loading,406,1
74f16aa9-72c8-4d35-b288-ae008ce63035,Delhi,Android,Search,1,Feature-Rich,256,0
9d430ae8-51ae-4d79-9bcb-2d60e654081c,Karnataka,iOS,Profile,1,Feature-Rich,569,0
615fbf65-3e9e-4f4b-8f52-0abb40eb773b,Maharashtra,iOS,Settings,2,Great UI,74,0
2b5d0bb0-8892-4880-814d-365ab17c4075,Tamil Nadu,Android,Search,2,Slow Loading,214,0
b90e31c3-3d4c-4ba9-bcf0-716e52fb2dce,Delhi,iOS,Notifications,4,Helpful,269,0
d5039b84-2e56-4fb2-972d-ffbcd0362dde,Maharashtra,iOS,Search,1,Feature-Rich,289,0
dcdcfadd-89f3-466c-8bff-12baca37c310,Delhi,iOS,Settings,4,Confusing,357,1
18c9d06a-dd34-4bf5-b3b4-a7fbf81ba09d,Tamil Nadu,iOS,Search,5,Buggy,94,0
489a928f-8e17-4995-9ce7-5bd4791ef426,Karnataka,iOS,Notifications,2,Buggy,338,0
968c6619-5fe8-4e21-b176-47d61cb3f1fe,Delhi,iOS,Search,4,Confusing,180,0
80b682f1-be06-4e0b-807e-40d7e9ad5b97,Delhi,iOS,Home,3,Confusing,291,0
bdda1c75-7839-4de3-86c7-6ba36320f95c,Karnataka,Android,Settings,3,Great UI,41,0
19f26880-6b88-4c23-beed-a907371df64d,Uttar Pradesh,iOS,Home,2,Crash,251,0
51a49f31-a8c4-488d-a013-70ab92c09cdb,Delhi,iOS,Settings,5,Slow Loading,167,0
f3583bad-ce2d-483c-8253-2597d6f5301b,Delhi,iOS,Settings,1,Great UI,552,0
4591e6d1-77a9-4320-a9ca-b289cae246a6,Delhi,iOS,Profile,1,Slow Loading,200,0
f6b40f36-eb73-4219-86a7-ff3a75e6b516,Tamil Nadu,Android,Search,3,Helpful,229,1
4c7f742f-0795-4db4-80da-d5f018a37939,Delhi,iOS,Profile,1,Great UI,85,0
9bc9e7fe-46a9-4ed2-a36f-6ea75cbb091d,Tamil Nadu,Android,Search,3,Crash,573,0
34c5a0db-1fed-40c2-a486-d759df115e69,Delhi,Android,Profile,3,Easy to Use,134,1
c3adfd67-05c3-4c0c-ba4d-420a121fedd8,Maharashtra,Android,Settings,1,Feature-Rich,577,0
cda0dedf-8900-49db-a12e-f6cb1bed5526,Tamil Nadu,Android,Notifications,1,Crash,326,0
cf9eca22-1991-46a3-a72a-2197cd1f37da,Tamil Nadu,iOS,Settings,5,Crash,138,1
fbf3435e-49f7-43ad-a84a-ee3dddbc1820,Karnataka,iOS,Settings,5,Feature-Rich,141,0
47fc478f-548a-484a-85d9-b990ba2b6a0d,Uttar Pradesh,Android,Profile,4,Slow Loading,137,0
9230df84-d479-4ca6-93d1-78322eb276ac,Delhi,Android,Profile,3,Easy to Use,364,1
547a1c66-9e98-4fb2-afb1-9400f8501691,Uttar Pradesh,iOS,Home,3,Easy to Use,574,0
e851f2e3-f662-42a3-b22b-fff7eb146ca3,Delhi,Android,Notifications,2,Great UI,185,0
d04dd80a-68d2-4a6c-be6f-beaf4b34ff39,Uttar Pradesh,iOS,Notifications,1,Slow Loading,93,0
bc021ea3-10c6-4f50-bff2-2b3a7e33cd8e,Uttar Pradesh,iOS,Profile,5,Confusing,41,0
686b34ce-ac1f-428c-8301-eb87f20fdadb,Uttar Pradesh,iOS,Search,4,Easy to Use,425,0
35242f70-e714-4684-bc2f-fea9a6f9ea9b,Karnataka,Android,Profile,4,Confusing,505,0
4f59a88f-3674-4599-86dd-c6d5bf72aa9f,Delhi,Android,Search,3,Feature-Rich,418,0
cb2b6753-76c9-496d-a098-af0040c088c7,Delhi,Android,Search,2,Helpful,135,0
7c29cff8-45a8-4b4e-a239-85a3f14637c4,Maharashtra,Android,Home,1,Buggy,403,0
073bcd6e-c160-4fb7-8296-251e35c48d85,Tamil Nadu,Android,Profile,3,Feature-Rich,204,0
f7a03572-0439-48f5-9531-5ee1c6ab7f8b,Tamil Nadu,iOS,Settings,3,Helpful,33,0
b930a0a1-8791-400f-8826-53457f3d9739,Tamil Nadu,iOS,Profile,2,Feature-Rich,59,0
d583cccf-67fe-4b8d-b4fb-e38d337d3717,Tamil Nadu,iOS,Search,5,Slow Loading,120,0
c0854677-f2db-4e5b-bb1a-d94c744037ad,Delhi,iOS,Settings,3,Slow Loading,420,0
7dc456d3-28cd-4eeb-89f0-c4c385ea76b6,Uttar Pradesh,Android,Search,5,Buggy,85,0
5dbfcabe-ced1-4dd5-ad99-baa0235378b0,Tamil Nadu,iOS,Notifications,5,Crash,141,1
82d4764c-d2d4-49b4-bcaa-408dfb8c0673,Tamil Nadu,iOS,Search,5,Feature-Rich,157,0
3befbdf8-53ae-4b60-93ab-bc12c35294d3,Uttar Pradesh,iOS,Notifications,1,Slow Loading,49,0
23a69f09-f5e1-4679-9be9-c0cf016b8d91,Delhi,iOS,Notifications,4,Great UI,537,0
7fe0eab2-4e90-490b-ba8c-fbd1b9c7f910,Uttar Pradesh,iOS,Profile,4,Buggy,354,0
75ed4f19-01cb-414d-b808-2127b9a273e9,Uttar Pradesh,iOS,Notifications,3,Helpful,27,0
664a2568-0062-4b80-b777-abef080b8b57,Karnataka,iOS,Notifications,3,Slow Loading,495,0
05bd7fc7-d71f-4bc0-ae5f-95a89b687b9d,Uttar Pradesh,Android,Home,5,Helpful,184,0
eeddcdb6-7a42-4cf0-bbe7-1fc7b9d3e7b5,Uttar Pradesh,iOS,Profile,2,Slow Loading,596,1
91b4c2fa-a240-4e0a-bc1e-a3663ce034a6,Karnataka,Android,Home,4,Feature-Rich,438,0
b01737ae-7067-4266-b4ce-c43d977942b1,Maharashtra,iOS,Notifications,5,Helpful,73,0
60cffaf7-5429-4c9b-819f-c63eede71f8c,Uttar Pradesh,Android,Notifications,3,Helpful,548,0
4babc2f5-c243-4863-9c24-9eb25cb926d9,Maharashtra,iOS,Notifications,3,Feature-Rich,280,0
5065c1b0-a509-48ce-a23c-b9fd4a533416,Maharashtra,Android,Search,5,Buggy,240,1
b72e23b6-9d65-43a3-b654-b9529d1d0494,Delhi,iOS,Profile,4,Feature-Rich,501,0
3003afe8-6b7e-415c-becc-7db4a0704f8e,Delhi,iOS,Home,5,Confusing,414,0
4330ec2b-3b96-4090-9b9b-50be3ac68d97,Maharashtra,iOS,Home,3,Crash,364,1
19d92149-d667-4293-a86d-792a86899fe7,Delhi,iOS,Profile,2,Buggy,585,0
95eed782-0a50-4e56-8cfb-e78bbfc2cea4,Maharashtra,Android,Notifications,5,Easy to Use,258,0
34ad7c8d-5162-4ab2-8be7-437edc3b2ebc,Uttar Pradesh,Android,Profile,1,Crash,433,0
f5467aea-1a42-4073-bead-fbe0e3aa8049,Tamil Nadu,Android,Profile,1,Great UI,426,0
f67fff43-cc1e-4bbb-a6cf-b9af7f7a6222,Tamil Nadu,iOS,Profile,3,Feature-Rich,302,0
f51d4d31-dfdd-4def-9182-f3afd38ef9ad,Karnataka,Android,Notifications,1,Great UI,437,0
8700d307-ec24-444d-a317-958352e25812,Maharashtra,Android,Settings,4,Great UI,306,0
26c8b36c-a0ea-4ccb-85df-bb113ddf68d1,Karnataka,iOS,Notifications,5,Crash,353,0
b5718b47-6bc1-428c-b5a5-b31a545b524c,Uttar Pradesh,iOS,Profile,5,Helpful,289,0
ee9daba8-f21c-4a36-bce3-10dc6f0cc973,Karnataka,iOS,Profile,4,Buggy,200,0
4089ce87-d252-4698-b143-c66138c59dcc,Delhi,iOS,Notifications,2,Great UI,425,0
22947b95-d04d-466c-aaea-d086541abb74,Uttar Pradesh,iOS,Home,4,Crash,199,1
5e402f8e-4e52-4f7e-b880-e9429cf340e5,Tamil Nadu,iOS,Profile,1,Buggy,402,0
ecdcc2aa-a3cf-4464-b94f-b618b3df6608,Delhi,iOS,Search,5,Slow Loading,277,0
22e3e98e-0ae1-4c92-9345-61a65f719a04,Maharashtra,Android,Home,4,Buggy,173,0
758879d9-81e5-4173-9f3b-391e4859f228,Uttar Pradesh,iOS,Home,3,Feature-Rich,236,0
e8e69099-be43-44d1-af4d-f43f0a37e73e,Maharashtra,iOS,Profile,4,Feature-Rich,435,0
36aab5f0-54aa-46e2-991d-09f99531cf85,Tamil Nadu,Android,Profile,5,Crash,548,0
393eae5d-b0c6-4f64-bd83-281996899781,Delhi,Android,Notifications,1,Slow Loading,570,1
4da879de-025e-4273-999c-e685678ee483,Maharashtra,Android,Profile,3,Helpful,129,0
4dbb3def-16c8-4ede-ab56-6ef37f62dc0f,Uttar Pradesh,iOS,Home,5,Helpful,66,0
5bc0b157-95d4-411b-a75b-1a16aa53cd6d,Uttar Pradesh,iOS,Settings,5,Slow Loading,582,0
57015ca3-fbeb-4f52-9884-3dcd64438056,Delhi,Android,Settings,3,Slow Loading,233,0
09e7a786-1211-4a05-8b1f-88efe78e30be,Karnataka,iOS,Search,1,Slow Loading,80,1
a6006e3f-0310-42cd-a5d7-948f24b3b625,Tamil Nadu,Android,Search,4,Great UI,148,0
6bc755d6-c103-4413-9012-f4d6f1dfe914,Tamil Nadu,iOS,Settings,4,Confusing,394,0
672d6c32-d1d8-4838-83aa-f7c4f1350096,Uttar Pradesh,Android,Search,1,Great UI,560,0
a0a1b801-1aef-4d4d-b854-3533770631ad,Maharashtra,Android,Home,1,Buggy,484,0
7f6a5ea1-3466-44f5-a9da-7ee954a122b8,Uttar Pradesh,iOS,Notifications,4,Easy to Use,263,0
7f7003cc-aa0f-422b-873b-c4314b3faa9f,Maharashtra,iOS,Profile,1,Slow Loading,439,0
239b7457-139f-4892-8156-4f99f29489f6,Karnataka,Android,Profile,1,Crash,44,0
3dfd5862-69fc-4658-ab0c-56ae0b702974,Karnataka,Android,Home,4,Helpful,249,0
b95c29a6-f402-40d2-9a99-bb0bc2ef3f67,Karnataka,Android,Notifications,3,Easy to Use,599,0
6dfe7ea9-ab9e-4224-88a9-f94a8b11c985,Uttar Pradesh,iOS,Profile,3,Great UI,543,0
af273017-6a11-4de0-8bce-4d009d3ff3ac,Delhi,iOS,Home,5,Great UI,447,0
ae570594-5727-44dc-be1d-d3ca2d725804,Karnataka,iOS,Settings,5,Feature-Rich,436,0
3b90b982-5848-4662-8f48-b222af9ea5a6,Delhi,iOS,Profile,5,Helpful,256,0
6f05b199-e9aa-4f37-b6fe-47901aaaa957,Delhi,Android,Settings,1,Confusing,436,0
960c4140-f4bf-4317-b7c3-39d813c277a3,Maharashtra,iOS,Profile,3,Easy to Use,348,0
91641848-c2a0-4b29-af87-3d4aac07402d,Tamil Nadu,iOS,Home,5,Easy to Use,62,0
11a0db58-5906-4422-9c92-276c68cf4a2a,Uttar Pradesh,Android,Home,2,Easy to Use,500,0
eeabf16d-3fcf-408b-be95-2ad7e94ac2f7,Delhi,iOS,Home,2,Easy to Use,130,0
7c40402e-d10a-40e2-ba8b-b885cb19a42d,Tamil Nadu,Android,Notifications,2,Confusing,255,0
9ebd88ab-c27b-40f2-aefc-52e24c53e5f9,Delhi,iOS,Settings,5,Feature-Rich,325,0
306399cb-93dd-4e60-9a63-f3ad43a931e6,Uttar Pradesh,iOS,Settings,1,Helpful,337,1
15c84e39-cb23-4154-a109-2740c39276ac,Delhi,iOS,Settings,1,Easy to Use,159,0
01df2fac-e931-4dcb-a0e9-5e6677ef4716,Uttar Pradesh,iOS,Search,2,Easy to Use,347,0
9540af88-2827-473e-afa0-3678eaf0da82,Uttar Pradesh,Android,Settings,5,Feature-Rich,273,0
8d34c0ef-3981-4344-a9e2-39d6c653e34e,Tamil Nadu,iOS,Settings,2,Feature-Rich,183,0
25c12adc-a241-49f9-8c55-5e3dbe1cb5c1,Uttar Pradesh,iOS,Profile,5,Slow Loading,546,0
024839b2-e4e7-49bb-8763-e34c0df29d94,Karnataka,Android,Home,4,Great UI,246,0
b05a8982-5249-4205-9b3b-f0b75f7510e9,Maharashtra,Android,Profile,5,Helpful,392,0
bcd5b6ee-1db2-4562-839a-8c6613158bc7,Uttar Pradesh,iOS,Settings,1,Slow Loading,554,0
a0e020ee-47fa-40f3-8ca9-ed885aea509f,Karnataka,Android,Notifications,3,Buggy,27,0
e43acc84-64c2-43f6-8640-d5726f05150e,Tamil Nadu,Android,Home,1,Great UI,256,0
99f00454-983a-4263-a8b0-4cbd0a0ce1c6,Uttar Pradesh,iOS,Search,3,Confusing,90,0
668b2f6e-64bf-4352-bb45-208eab7e9138,Tamil Nadu,iOS,Notifications,2,Easy to Use,317,0
49e317b9-8bb2-414a-acd5-b1a172f159de,Karnataka,Android,Home,4,Confusing,396,0
1ce4af58-246b-466a-a13e-62cb53874fce,Karnataka,Android,Profile,1,Helpful,454,0
86d9209d-3076-41d4-9183-6735f3c8f4bf,Delhi,Android,Notifications,1,Easy to Use,226,1
ae8db434-2ac0-4a4f-930a-23a7899d36b1,Uttar Pradesh,iOS,Search,1,Crash,297,0
c7d28a56-3835-47e1-b898-1c615d7f16dd,Uttar Pradesh,Android,Profile,3,Slow Loading,222,0
a055adb2-d049-4f91-b4b4-a6c556d14da0,Tamil Nadu,Android,Search,2,Easy to Use,590,0
bc5141df-4ddc-4151-b1b8-bcb38d0a0492,Tamil Nadu,iOS,Settings,2,Crash,522,0
7ff54cdb-42a9-462e-851a-d3b5c4ae4124,Delhi,Android,Home,4,Easy to Use,87,0
a3347d78-486f-4eb4-b715-bfbac8797153,Uttar Pradesh,iOS,Search,1,Buggy,471,0
c637b10f-0374-441c-a836-8812289a2c0d,Delhi,iOS,Settings,2,Confusing,97,0
b5922236-a255-4d43-b407-ef367506a716,Delhi,Android,Home,1,Buggy,167,0
ecc666a3-bfae-4a7c-be05-611a38c507c2,Maharashtra,iOS,Search,3,Crash,103,0
53a18297-09d3-4311-b689-d8d4901d25dc,Delhi,iOS,Search,3,Crash,145,0
22c5c346-e92a-4b6a-84c9-ddc13f727223,Tamil Nadu,iOS,Notifications,5,Confusing,115,0
d6cf1255-a0cb-4c18-a0bf-533f7e74b8c9,Delhi,Android,Notifications,5,Feature-Rich,404,0
6bcd34e5-afd2-4fd0-810f-6d8f7f1a78d2,Tamil Nadu,iOS,Home,5,Easy to Use,595,0
fd2b7e9f-9eda-4794-80ad-2b21ddcfad81,Tamil Nadu,Android,Profile,3,Buggy,284,0
02601532-5f28-4c42-b9ef-b39667e4c1d9,Karnataka,Android,Settings,3,Confusing,316,0
c6032dc0-2f1d-405f-933a-3f1258218625,Karnataka,iOS,Search,2,Helpful,210,0
c30300d5-d91c-4897-9991-8dfcbc76aa3a,Maharashtra,iOS,Home,4,Feature-Rich,399,0
2c140bad-f7d4-4810-baae-a9dd2e518d45,Delhi,iOS,Search,4,Great UI,317,0
9e2f9b8f-dd72-4694-b7d2-246c78b7d379,Maharashtra,iOS,Search,2,Confusing,336,0
c1d29795-d13a-459a-9c75-37dbbf5f4733,Tamil Nadu,Android,Search,4,Buggy,412,0
41bac29f-c8f9-467c-8c0c-c9a8eac09ccc,Uttar Pradesh,Android,Notifications,5,Great UI,573,0
d71a41ac-a610-4aa7-a37d-54542ae51b06,Tamil Nadu,Android,Settings,3,Crash,428,0
4b93d451-e489-4a30-a1ff-c44749b80155,Maharashtra,iOS,Profile,3,Great UI,443,0
daaaa336-a191-4333-b18c-cf9ca7c04015,Karnataka,iOS,Notifications,4,Confusing,557,0
f76aec7e-6a25-49fa-8197-5aed680161cd,Tamil Nadu,Android,Search,5,Crash,121,0
c2d27575-c18a-4479-9f36-54a3e889a79a,Delhi,Android,Notifications,1,Confusing,349,1
f3746097-fa20-4430-8e09-669bccfc7498,Tamil Nadu,Android,Home,1,Buggy,237,0
badf5c49-b8e0-4756-ad0b-af710f4f8c53,Uttar Pradesh,Android,Settings,3,Confusing,484,0
15a4bd9c-714d-4e41-877c-d5d3dee03f9a,Uttar Pradesh,Android,Search,1,Helpful,117,0
998377a7-7e34-4794-a702-a8de3d3d621d,Karnataka,Android,Profile,3,Buggy,361,0
dd357f8f-0b11-4e7e-acf1-2e4aecc8f742,Maharashtra,iOS,Search,4,Crash,458,0
567c832a-e71f-46e6-8daf-89f59ce1124f,Tamil Nadu,iOS,Home,3,Slow Loading,127,0
204b492d-0fd3-442a-9d77-f53e0799d7d3,Delhi,Android,Profile,2,Great UI,575,0
c913e4c3-bd31-471b-b524-efee339fa88b,Uttar Pradesh,iOS,Settings,2,Confusing,198,0
8d151072-59ce-4b5e-a68b-fe09c557d783,Tamil Nadu,iOS,Home,5,Easy to Use,470,0
6bdb2854-2063-4090-b80a-4eb679c515f1,Tamil Nadu,Android,Profile,2,Buggy,74,0
fd4b11e8-29cb-4016-8182-fad79264e4e8,Uttar Pradesh,Android,Search,3,Easy to Use,478,0
232f6da1-017d-430c-b981-d6b7b0073c2f,Tamil Nadu,iOS,Notifications,4,Confusing,126,0
ec8c2005-1279-459a-967d-deadaf168a2f,Tamil Nadu,Android,Search,5,Crash,147,0
02a62584-e0c8-4899-bd94-8685e40fab24,Maharashtra,iOS,Home,2,Feature-Rich,154,0
d64d2a0a-2f69-4e8e-af22-c79b8711e8a7,Tamil Nadu,Android,Notifications,4,Confusing,200,0
db69b02a-5c94-4b85-9237-3a4868d56c44,Uttar Pradesh,Android,Notifications,2,Helpful,305,0
1985d1ec-7df5-4bf6-89c1-1711d8272aa2,Delhi,iOS,Notifications,1,Feature-Rich,19,0
2776546d-fac5-4708-afc3-bfa4b3109a63,Maharashtra,iOS,Notifications,5,Helpful,428,0
1207c89f-fcf3-4ed8-9af5-a0cb51ceb881,Tamil Nadu,iOS,Settings,2,Crash,588,0
1231d3ba-b4f3-44fb-9e1d-80ffe0c8cede,Maharashtra,iOS,Home,3,Easy to Use,560,0
fdf0bb34-9004-4fb9-9153-617c5395defb,Tamil Nadu,iOS,Notifications,5,Crash,596,0
73190345-15f5-4449-b96d-86f40c2abc9b,Uttar Pradesh,iOS,Notifications,1,Helpful,569,0
f61f7206-5c0b-43b1-933d-e7546bacd4f6,Tamil Nadu,Android,Profile,3,Slow Loading,470,0
ac26f069-5ee8-4720-80bf-9a97022f3d82,Karnataka,iOS,Home,2,Easy to Use,369,0
0880bd53-c621-4669-b42e-ff261dc2378c,Uttar Pradesh,iOS,Profile,5,Great UI,221,0
c20f3895-5d51-463b-b2bd-3237e8259e35,Karnataka,iOS,Notifications,3,Great UI,341,1
39455f70-9b00-4b95-a3c4-11ce99498282,Delhi,iOS,Notifications,3,Crash,148,1
a566d485-6e56-4bc3-9b29-6352cd6655bb,Tamil Nadu,Android,Search,2,Great UI,265,0
22508873-aedd-43fb-bb88-486695cf9127,Delhi,Android,Settings,4,Great UI,285,0
d8435d84-afd8-4946-a3b7-0df5f39a5501,Tamil Nadu,iOS,Home,1,Confusing,537,0
36b931a7-169b-4042-91a3-2f54343e352d,Delhi,iOS,Settings,3,Slow Loading,105,0
e59fb98a-ed22-4fe3-8312-7fe7ec68aa0a,Tamil Nadu,iOS,Home,5,Confusing,233,1
df854612-0507-4d25-8873-f84e5688bde9,Maharashtra,iOS,Search,3,Buggy,355,0
3b20ae16-154d-4ea6-9e10-a04306a1ed00,Maharashtra,iOS,Search,1,Slow Loading,111,0
c92b2422-819a-4646-836d-0b5ee2b2a91f,Tamil Nadu,Android,Home,2,Helpful,477,0
979dc529-0579-4160-8bce-289f1cd6ae11,Tamil Nadu,Android,Profile,3,Great UI,290,0
7ec69253-3741-4a14-ba17-71d72a3d804a,Delhi,iOS,Home,3,Great UI,63,0
c0059f54-8b82-4aaf-a5f1-8028ae22cb3d,Delhi,Android,Settings,1,Crash,11,0
d4160e45-2521-4ea6-94a1-dcbd53cc7032,Karnataka,Android,Notifications,2,Helpful,19,0
55801f41-45b9-4547-80fe-13bc6c2a3426,Delhi,Android,Settings,2,Helpful,82,0
569381da-0836-4377-9a89-fea2cc8c9e86,Karnataka,Android,Home,3,Feature-Rich,316,0
97cf658b-802c-4bed-b574-84c439c9e962,Maharashtra,Android,Home,5,Slow Loading,178,0
0847edd7-99da-46b3-b9b1-b30a1c54d866,Maharashtra,Android,Settings,5,Helpful,232,0
7e8eb730-c7dc-47f4-b46a-aedec2473845,Karnataka,Android,Home,5,Confusing,369,1
88c3abab-962e-48fb-8ffb-8ede7a2c63f9,Delhi,Android,Profile,3,Crash,264,0
462dc12c-c441-4a36-8fae-2a858dc2a48e,Uttar Pradesh,iOS,Home,3,Easy to Use,540,0
6f89e3bf-0ac4-4f41-a64d-9b506e1daf8d,Maharashtra,iOS,Search,1,Easy to Use,516,0
9c8e2ea2-0114-4e00-85df-a990ec3eee8a,Maharashtra,iOS,Notifications,1,Slow Loading,379,1
1d7633f2-c1ba-400b-bb19-2e5788929c8d,Maharashtra,iOS,Notifications,4,Feature-Rich,569,0
bd447f18-262b-4ef1-bfea-fe072f5843e8,Tamil Nadu,Android,Home,5,Crash,24,0
18c7b853-395f-49e8-99ae-d74f7bd6cdaa,Karnataka,Android,Settings,5,Buggy,523,0
95b96e37-74ad-4171-9292-ad99cade0610,Tamil Nadu,iOS,Home,5,Great UI,294,0
26176ec5-610d-4531-a27a-4dd1cc47c44c,Karnataka,Android,Profile,5,Feature-Rich,410,0
443040a1-b14d-4507-b65c-c4bcd3f5acef,Karnataka,iOS,Settings,2,Slow Loading,260,0
51511c5a-7f6b-4833-8a5e-ea49fcb57788,Tamil Nadu,Android,Settings,5,Slow Loading,326,0
86f62a20-d76d-4d3e-86af-e094bad4ac41,Maharashtra,Android,Home,2,Slow Loading,177,0
fdbfeb38-940e-467b-bcf7-8baf32efb98f,Delhi,iOS,Profile,3,Great UI,285,0
8ebb17e7-1563-467e-bb9c-85812e3b48ae,Karnataka,Android,Search,4,Buggy,546,0
f352851c-35e6-4b7f-99e8-4a4bb61cdf66,Uttar Pradesh,Android,Settings,4,Feature-Rich,66,0
275deeaf-58e0-4979-b945-18c6b7b4d331,Uttar Pradesh,Android,Search,2,Buggy,115,0
4dbb6bbe-507f-428c-8778-cf041f45a159,Karnataka,Android,Notifications,1,Slow Loading,22,0
9071bc6d-a77b-4a5c-801f-88c4575028f4,Tamil Nadu,iOS,Settings,2,Great UI,46,0
ed64271b-55fb-4540-bb6b-de361312e02a,Tamil Nadu,Android,Search,2,Confusing,337,0
3a5ef088-3335-4dae-8690-d1cca0ebcf5e,Karnataka,iOS,Home,5,Slow Loading,193,0
1f662434-eef5-4d58-92bc-3139dbd0c676,Uttar Pradesh,Android,Settings,1,Helpful,299,0
901c9c46-c1ba-4bdf-b509-c8d64f48092d,Delhi,iOS,Home,5,Helpful,18,0
a98e2f3b-4d66-4626-b161-685fc4706591,Delhi,iOS,Notifications,2,Helpful,387,0
5e5b50f1-a94b-4e96-ad05-d7d8cd7e6f02,Tamil Nadu,Android,Notifications,2,Great UI,16,1
bb035270-7221-455f-9c28-f958a3aed8ff,Karnataka,Android,Notifications,3,Slow Loading,353,0
267075d9-b6d8-446a-892d-c135662c4595,Tamil Nadu,iOS,Home,2,Easy to Use,439,0
c4da08b6-7117-4737-99bc-7088c8ae5e13,Karnataka,Android,Search,1,Slow Loading,247,0
b736bbe5-b6b1-4240-879c-4f1b815df657,Uttar Pradesh,iOS,Search,4,Crash,107,0
0ca79e5a-94c9-47d8-9850-9008feaa1d25,Tamil Nadu,Android,Notifications,5,Slow Loading,455,0
429d30b7-e945-4788-8083-aa53f46827d7,Maharashtra,Android,Search,3,Feature-Rich,412,0
f96570c5-84cc-48ed-8f55-9332d49eb934,Delhi,iOS,Settings,3,Easy to Use,86,1
a5c40401-fdd4-46d0-9423-bde03dedb32a,Maharashtra,Android,Profile,1,Great UI,470,0
b49b3d6b-57e0-4a6d-8e4d-31bf13eae9e8,Tamil Nadu,Android,Notifications,3,Easy to Use,472,0
b54cb0a6-125c-4d79-a45a-89df0557a0ce,Delhi,Android,Home,2,Buggy,51,0
27b957e2-f6d5-45fb-b232-7c868bc151a6,Delhi,Android,Home,2,Feature-Rich,415,0
4edf6f49-7bbf-4de0-ba29-1521bc68c73a,Delhi,iOS,Profile,1,Confusing,473,0
8abe8ca3-31ee-4440-82ef-4d6e85279fe0,Uttar Pradesh,Android,Home,4,Crash,153,0
2f7f9d06-a2de-425c-be72-2c82a1e4ba4a,Karnataka,Android,Profile,2,Confusing,391,0
1b591ab9-b560-4cc1-863d-8b5c728d210a,Karnataka,iOS,Home,1,Crash,212,1
765f1cd0-f03c-44a0-8400-f7de7a063612,Tamil Nadu,Android,Home,3,Crash,53,1
c401ad82-a275-4d13-b96c-1198f3ce9610,Karnataka,Android,Notifications,4,Confusing,518,0
5f55c02b-d7e8-4b80-b0e8-313a89abc786,Tamil Nadu,Android,Search,2,Great UI,291,0
c4233947-9835-4580-b1d4-f66c138d4a44,Maharashtra,Android,Notifications,5,Easy to Use,312,0
97c39078-d59d-448a-a9f9-eb37c85adb75,Uttar Pradesh,iOS,Home,1,Buggy,402,0
2d6250ea-70ec-485f-9aec-d6faecd066a2,Maharashtra,Android,Notifications,1,Confusing,377,0
395a039c-367e-4436-8db1-677a776a4a30,Tamil Nadu,iOS,Notifications,5,Feature-Rich,407,0
fc90d462-b8c0-4ca7-b01a-5345f2fd65a2,Karnataka,iOS,Notifications,2,Slow Loading,297,0
15143142-f415-4437-a9a6-5ab7b470ff79,Tamil Nadu,iOS,Notifications,2,Great UI,112,0
b06dd730-435f-4c68-9914-feaf58bf60b5,Maharashtra,iOS,Notifications,1,Easy to Use,599,0
d2c96bc3-606f-4f8f-8dcc-a6fe6aad55a4,Tamil Nadu,iOS,Profile,2,Easy to Use,335,0
40cbe682-7278-4dd4-bd85-b323085bc476,Delhi,Android,Search,5,Great UI,586,1
3b497e1a-7da9-4f30-bbeb-02b46afb4a8b,Tamil Nadu,iOS,Profile,4,Slow Loading,102,0
0a1b755c-4622-4d15-a32e-cb45bada3f22,Uttar Pradesh,Android,Home,5,Helpful,10,0
1532c8dd-fd64-4e3a-9901-fa08f2e080ab,Uttar Pradesh,Android,Profile,3,Great UI,341,0
81fae26c-87be-4dea-9b0b-459b8cfb6061,Maharashtra,Android,Home,5,Feature-Rich,84,0
64e6eacd-66f9-4c70-875f-b546d1f10625,Tamil Nadu,Android,Search,3,Feature-Rich,149,1
6b31cf23-5862-49da-8c84-5e58d9fd3e14,Tamil Nadu,iOS,Search,2,Feature-Rich,238,0
3f9dafbe-f438-4a5b-8c1c-c4ed6b7ea889,Maharashtra,iOS,Search,3,Great UI,191,0
deb70647-0f38-4998-918e-cd2c4a76692c,Uttar Pradesh,iOS,Notifications,1,Great UI,335,1
e9791d6a-a89b-4510-b97e-fa4785b4db57,Uttar Pradesh,Android,Notifications,1,Helpful,154,0
cd202504-36e2-4c56-9235-507a7ac6fd6f,Karnataka,Android,Search,3,Great UI,100,0
b22513d7-2c50-4db2-b103-74a6d73cc238,Delhi,iOS,Home,3,Easy to Use,265,0
fe9b330e-00ed-4241-aeb4-95a7ba5af393,Delhi,iOS,Home,1,Slow Loading,405,0
a3f35132-16f4-4fba-9ca0-2a305b85065b,Tamil Nadu,Android,Settings,4,Confusing,369,0
1b48d850-99cf-4f8b-bdcb-457dc46ce77b,Karnataka,iOS,Notifications,2,Great UI,472,0
25161d1b-482c-4a4a-99d0-03cfa159ee8c,Karnataka,iOS,Home,3,Buggy,117,0
d78b0855-4149-472e-b6b1-1040fd95e66a,Maharashtra,iOS,Profile,1,Crash,356,0
84107045-5748-4c36-9702-99951a502873,Uttar Pradesh,iOS,Home,4,Great UI,454,0
3fc88db9-da89-4f20-91c7-938deb84ec44,Karnataka,iOS,Profile,2,Confusing,577,0
60ee8a9d-e65d-4e0b-8e3d-fc88b61125b1,Uttar Pradesh,iOS,Search,3,Easy to Use,108,0
0e45c254-44d1-4e1d-9ae2-3d15540009bc,Uttar Pradesh,iOS,Profile,1,Feature-Rich,13,0
57f85f14-2d63-42bc-894d-15d2bab948d7,Delhi,iOS,Profile,1,Slow Loading,221,0
d9d7382b-0254-44c0-9239-d1ccb2b3595c,Delhi,Android,Settings,1,Buggy,417,0
69b5faa0-f39a-4013-ac9b-56ee219eac75,Delhi,Android,Notifications,4,Great UI,389,0
bae843be-0734-45a4-be1f-f6deb917f6d1,Delhi,Android,Settings,1,Buggy,460,0
501f515e-10bd-40bb-b3c3-243a365303ec,Maharashtra,iOS,Notifications,1,Great UI,109,0
fff8d4af-c078-4a91-9c86-b683b1ac3049,Delhi,iOS,Notifications,2,Slow Loading,406,0
98376eba-efd6-4fd2-ab33-47eb5a1a3925,Tamil Nadu,iOS,Notifications,2,Helpful,316,0
e98c64bc-e730-49a0-8ea2-189e815e9b83,Karnataka,Android,Home,4,Great UI,181,1
dd0828f1-8816-43ff-9f2a-4b73f277874b,Maharashtra,Android,Home,4,Crash,455,0
6b163f7a-ff11-47af-b05e-d979f26582f1,Maharashtra,iOS,Search,1,Crash,407,0
95587d7b-1664-4574-8732-fe24ce4cfac9,Uttar Pradesh,iOS,Search,5,Helpful,22,0
65195a06-ba1b-4dec-8338-716c7d4fab8b,Uttar Pradesh,iOS,Home,4,Great UI,161,0
1d5d1500-361c-43ee-ba80-20c8d75e5633,Uttar Pradesh,Android,Home,5,Crash,302,0
37f2af5c-15e1-4a69-9722-119c99a04cd6,Delhi,iOS,Search,4,Helpful,595,0
5544653e-be93-4a82-a950-ee1a728ba31d,Karnataka,Android,Search,4,Great UI,421,0
1dd96b24-1d03-4812-91e7-d956d308210a,Delhi,Android,Home,4,Buggy,391,0
579200bf-09c1-4cf4-b5f5-4155c3d775b8,Delhi,iOS,Search,4,Crash,243,0
9f4c7860-6c38-4824-ac8a-af867d6b9a46,Tamil Nadu,iOS,Search,4,Crash,202,0
815e4d42-3ac9-495a-9cf0-2d73859c5e65,Tamil Nadu,iOS,Notifications,3,Slow Loading,537,0
44fcb28f-5578-4df1-918e-1286e603dcf0,Karnataka,iOS,Notifications,4,Great UI,546,0
1f620164-d116-4dd3-9129-2b93d15265e8,Karnataka,Android,Profile,2,Slow Loading,265,0
fb53e896-8283-49d6-8192-c402b8588c3b,Karnataka,iOS,Profile,3,Feature-Rich,485,0
d5e87f70-012e-4827-9ba1-19b8b79679a2,Karnataka,Android,Profile,3,Helpful,466,0
02e7e93d-d76d-4c02-9cdc-cad7b291717e,Tamil Nadu,iOS,Search,2,Buggy,102,0
57485e7e-036b-4f03-9108-f429cf0c162b,Tamil Nadu,Android,Profile,5,Easy to Use,236,0
c5464851-5b6a-4fa6-ba31-16b37932222b,Maharashtra,iOS,Settings,5,Slow Loading,19,0
cab3a1ca-ca9f-4456-9b67-948b433a2bcc,Maharashtra,Android,Notifications,1,Easy to Use,268,0
0b2368df-b2fc-49ca-a437-292cbdc4dd97,Delhi,iOS,Settings,4,Feature-Rich,480,0
3f9a8295-960b-4867-b927-501cac57d140,Tamil Nadu,iOS,Notifications,5,Confusing,114,0
fb665750-b383-4b3d-9e23-eba1f88d50dc,Delhi,iOS,Search,1,Helpful,75,0
9ea05b11-7b76-4e06-8e4c-363b0fce835c,Delhi,iOS,Search,3,Buggy,202,0
154e5e2f-6ed1-4e7d-9afe-1c7e916fc981,Maharashtra,Android,Notifications,4,Feature-Rich,153,0
88039686-4635-47d6-8e8c-6fcf02a841d2,Tamil Nadu,iOS,Search,4,Confusing,407,0
692434e8-e837-4441-a504-9897806edd40,Uttar Pradesh,Android,Search,2,Helpful,377,0
307fd867-489b-47f4-b7f8-89e2b25f759e,Maharashtra,Android,Search,1,Helpful,141,0
c1d3e642-7a88-44eb-a8ec-da477c0f2252,Uttar Pradesh,Android,Search,1,Easy to Use,373,0
d1ecd45a-f896-4a20-b997-33379f490d15,Delhi,iOS,Search,3,Buggy,311,0
de014ba6-1a15-4857-b991-8337c6aaeff8,Karnataka,iOS,Home,5,Crash,493,0
9a4ca36f-aa4c-47ce-bbb5-3a1b99bdd9de,Uttar Pradesh,Android,Settings,5,Buggy,433,0
4ca9f2a9-9806-4a42-95b5-b43ef0604514,Maharashtra,Android,Profile,3,Confusing,593,0
3861831b-a2bc-4d54-9210-b305e4410a7e,Tamil Nadu,Android,Search,2,Crash,509,0
c25f4a75-560e-48d2-99c7-c2e325c08664,Maharashtra,iOS,Home,1,Helpful,290,0
934c9a14-a6bb-48be-a269-da6f40624ef1,Maharashtra,Android,Settings,1,Great UI,454,0
5a215a59-19df-425d-a16d-57ce1b0c6766,Tamil Nadu,iOS,Settings,4,Slow Loading,48,0
7ce69f3b-bc8f-47ea-a324-72d303eae4ba,Delhi,Android,Search,5,Easy to Use,28,0
42eb141f-8b89-4137-b965-2bb243d4d69f,Maharashtra,Android,Search,3,Great UI,115,0
fe42db74-d984-437e-a1df-76498535b575,Uttar Pradesh,iOS,Profile,1,Slow Loading,315,1
a3343efe-85c5-4370-927c-cc5654509403,Tamil Nadu,iOS,Settings,2,Feature-Rich,511,0
aae3fce9-18c3-401b-8932-f1dd3f77c944,Maharashtra,Android,Settings,1,Easy to Use,239,0
262bef63-f4b3-45f0-a50f-29dbe835b400,Maharashtra,Android,Home,5,Great UI,136,0
214792f3-605d-4744-b5db-3d835df4b561,Karnataka,iOS,Search,5,Slow Loading,59,0
e55f61cf-ebda-403c-935a-28a5e051987d,Karnataka,Android,Home,4,Helpful,399,0
8594f2be-72c4-4b33-b683-07b595b92460,Delhi,iOS,Profile,2,Slow Loading,318,0
20e5eb06-ee8a-4bb9-8ed2-6e9b124201dc,Karnataka,iOS,Notifications,5,Great UI,438,0
4ef387f8-aa9d-4673-8f0a-8f9c7d1fa44b,Karnataka,Android,Search,1,Crash,519,0
e36ea31f-68ee-4311-af43-ceaf4a428f7e,Maharashtra,iOS,Notifications,2,Feature-Rich,429,0
39d73bd0-6de5-45c4-a0b9-4957f3c55c37,Karnataka,iOS,Profile,4,Feature-Rich,250,0
37722abf-392b-4e26-a566-7771f5b5c81c,Karnataka,Android,Notifications,4,Great UI,102,0
f13027ee-825d-4958-8e28-af43a7e2f6d9,Karnataka,Android,Search,2,Helpful,313,0
de7aad7c-c9de-447c-b342-29d7821356be,Karnataka,Android,Profile,1,Buggy,378,0
f6710622-418d-4b7c-a096-e96f353d73aa,Delhi,iOS,Home,1,Slow Loading,19,0
72a0ce4b-0950-4060-b199-a12e2e6d2c8c,Maharashtra,iOS,Search,4,Buggy,105,0
beeb4257-0981-4379-8938-c012017b4c6b,Delhi,Android,Home,4,Confusing,477,0
69d35f64-bf1d-45b9-9537-b7f306f1c996,Tamil Nadu,iOS,Settings,2,Crash,145,0
bb2bb062-b9b2-404a-9108-60e33163de32,Karnataka,Android,Home,4,Helpful,592,0
ca5a53e0-3e36-4347-8716-738f2503e0e6,Maharashtra,iOS,Search,5,Slow Loading,143,0
06fc2e8d-3049-4d6f-a4e0-70245836702f,Tamil Nadu,Android,Settings,4,Slow Loading,74,0
4c14ac2c-a8f2-42c1-a6eb-c2bdf9186db8,Delhi,Android,Notifications,5,Easy to Use,356,0
f48b44a5-38b2-43cb-a842-b99859175462,Uttar Pradesh,Android,Settings,2,Helpful,364,0
bf09fd06-bca3-4185-b871-ad5339f2ff1f,Tamil Nadu,Android,Notifications,5,Slow Loading,21,0
58c96855-deeb-4099-8419-734f2075eac5,Maharashtra,iOS,Settings,2,Crash,513,0
698fd66a-4602-4fab-a9e8-69e77f99c67f,Delhi,iOS,Home,5,Easy to Use,573,0
2ee12a10-3397-4981-a44a-1cd5eda4b117,Tamil Nadu,Android,Home,4,Helpful,596,0
70314744-9b24-47ab-b15e-f0a8b83a8b8f,Tamil Nadu,iOS,Search,1,Helpful,28,0
82015b9b-6f16-44d0-90a1-bfb817c39377,Tamil Nadu,Android,Notifications,5,Slow Loading,103,0
92cbdc50-ee43-45b1-b8ac-ead35165e294,Uttar Pradesh,iOS,Notifications,5,Easy to Use,477,1
64d049e3-b7e4-4ae7-ac06-d3788de229ab,Delhi,Android,Profile,4,Feature-Rich,583,0
63d4c7c2-744c-4097-a8af-995f6c6b12a3,Uttar Pradesh,iOS,Search,4,Crash,109,0
77d7bedb-b96e-4af3-9789-4973064d6c5f,Maharashtra,Android,Search,3,Buggy,570,0
9698f3a3-a7f6-4b1e-8048-0f40ca79710d,Karnataka,Android,Profile,4,Great UI,429,0
2bd6e5c6-2f35-4f19-8216-0641a9dc43df,Uttar Pradesh,Android,Profile,1,Confusing,230,0
337d5279-73e4-40ea-a994-1181bfe9d6d8,Maharashtra,iOS,Home,4,Slow Loading,136,0
19e9fb48-3aaa-4edf-a127-b5466d8d1bd0,Tamil Nadu,iOS,Notifications,5,Great UI,520,0
a8c7bcf4-c0cc-407f-a054-928fb243e4b8,Karnataka,iOS,Notifications,4,Great UI,187,0
1f804ac5-923d-4b58-967a-232a76931567,Maharashtra,Android,Settings,5,Feature-Rich,526,0
13b9546e-dd35-4a33-8705-5bd5e170f099,Tamil Nadu,Android,Search,4,Feature-Rich,311,0
74a04702-9f21-4fd2-b8d0-6dfa02a874fd,Maharashtra,Android,Settings,5,Buggy,570,0
46e1d7e0-ff43-4a07-aeb5-9cc7aeb522ed,Uttar Pradesh,Android,Profile,2,Buggy,363,1
e0f4fb18-1334-4e78-bc70-24b7f6d2c2c6,Maharashtra,Android,Notifications,5,Feature-Rich,128,0
d59de1a3-f0ce-4e6b-9ce6-cd596d24db2d,Uttar Pradesh,iOS,Notifications,5,Confusing,556,0
27514cb2-398e-48a6-a069-246235f37c5d,Tamil Nadu,Android,Notifications,1,Slow Loading,400,0
e81ec18c-28f6-49f4-9c76-5999aa96a72b,Karnataka,Android,Search,2,Buggy,266,0
5dcfb35a-f701-4a1a-ad17-5ee88512c8e6,Karnataka,iOS,Profile,5,Slow Loading,377,0
7f360916-3777-4e5c-80f9-9b4b47637fed,Karnataka,Android,Notifications,4,Easy to Use,533,0
df43b03a-5d20-4af8-b29c-23df1f425b9f,Delhi,Android,Settings,4,Confusing,330,1
a01f2d71-66af-49d0-9cd6-9c95b7caa5a2,Karnataka,Android,Search,2,Helpful,240,1
7a046f3c-ec75-4a10-a383-4991f498ec63,Delhi,Android,Profile,3,Helpful,191,1
064d6717-63cc-4f52-8a1f-6ac029b75325,Karnataka,Android,Profile,5,Crash,396,0
987c19c6-ba0d-4b4c-9cc1-a73b34fd28d7,Delhi,iOS,Profile,2,Buggy,15,0
c5d11abf-72e0-4bd2-911e-ba9d9f040a25,Maharashtra,Android,Profile,3,Slow Loading,318,0
04501610-9124-426d-a632-af0fa03d2458,Uttar Pradesh,iOS,Home,3,Easy to Use,198,0
157695a7-d995-4e0f-bffb-f5f70241dc2e,Uttar Pradesh,Android,Settings,5,Confusing,104,0
71ea16fc-af7a-4a4a-b8e4-34ad9537214e,Maharashtra,iOS,Search,3,Buggy,233,1
5a03e86c-52b2-4ee9-861b-ac4f2be395b0,Uttar Pradesh,iOS,Notifications,1,Crash,364,0
ccdfad6f-4f6b-4a6f-9f88-d0dbc80c8afe,Uttar Pradesh,Android,Home,3,Confusing,126,0
c7feaf4d-fd6e-44f5-9807-b751e38e4970,Uttar Pradesh,iOS,Home,5,Feature-Rich,536,0
d66269cb-2a17-400c-915f-e05a83194add,Tamil Nadu,iOS,Home,3,Easy to Use,338,0
f7f653b3-5d04-4b4f-aa2b-1aa6c32abbfc,Karnataka,Android,Notifications,5,Slow Loading,77,0
1fd37bf0-e2bb-4a45-b7ce-dc5b54590e20,Maharashtra,iOS,Home,2,Confusing,83,0
489ce9ad-57bb-446d-882c-f9eb7376a028,Maharashtra,Android,Settings,3,Slow Loading,99,0
fc496b4b-4a49-4b86-ab6e-3e673039fd1e,Maharashtra,iOS,Notifications,1,Easy to Use,274,0
754bbef5-3bb3-4321-9277-6c390ca5bdc4,Tamil Nadu,iOS,Settings,3,Slow Loading,408,0
5779659f-7c55-47c5-85ad-d6b709a2e569,Uttar Pradesh,Android,Notifications,1,Slow Loading,84,0
43aaf9bd-157a-4282-aad1-ddfc4f23f9f6,Uttar Pradesh,Android,Search,3,Crash,298,0
c9538fbc-9f30-44a7-beb7-2d6da0d9bfe7,Tamil Nadu,iOS,Settings,1,Helpful,170,0
f444740a-643a-45ab-97fb-4817105c9424,Maharashtra,iOS,Notifications,3,Great UI,315,0
953669a1-3c9e-4f7d-8d07-b8d84fc9fa81,Delhi,Android,Notifications,5,Great UI,136,0
3c956976-1f32-405d-8372-f149832684dc,Uttar Pradesh,iOS,Notifications,5,Crash,322,0
da5143c3-0401-4059-9992-546e56a32d8d,Delhi,Android,Settings,5,Great UI,174,0
11f7b047-c7bb-474c-b390-185ae9f9e8a7,Uttar Pradesh,iOS,Profile,1,Great UI,590,0
d0ede40c-a5c4-4ad7-8094-5755e6deb355,Uttar Pradesh,iOS,Notifications,1,Buggy,78,0
268d85dc-4b48-4f35-9434-16bf68c89d39,Maharashtra,iOS,Search,3,Great UI,250,0
e4c55cce-adfe-406c-b28b-5dddbf75f4d1,Uttar Pradesh,Android,Profile,3,Helpful,471,0
60628e26-2f9c-466b-b54a-d5ea05276cb5,Delhi,Android,Notifications,5,Feature-Rich,333,1
2032079a-88e2-4c72-a708-59e1313964ef,Maharashtra,Android,Search,2,Easy to Use,456,0
2231a750-41d1-4732-8fd1-05547e96cb0c,Delhi,Android,Search,4,Helpful,466,0
13579dd7-2aee-4e00-8731-fcdcff07ca0e,Delhi,iOS,Notifications,1,Great UI,93,0
00c90093-320b-4702-b2e0-0b1d094ac41e,Maharashtra,Android,Search,1,Crash,29,0
143c1173-89f6-44b0-98c5-61ac7c3cf476,Karnataka,iOS,Notifications,2,Slow Loading,574,0
7c6fe9ef-3121-49f0-ba47-3d8eec1c76a0,Uttar Pradesh,iOS,Profile,3,Confusing,238,0
b725a7c9-fcf1-4758-b9a9-a39c21db5302,Uttar Pradesh,iOS,Profile,4,Crash,416,0
877c8760-b3a5-4698-93b4-4a3af566f9a8,Karnataka,Android,Notifications,2,Great UI,466,0
11ce4424-6d8f-4d0b-98a0-8d59da0d0add,Uttar Pradesh,Android,Settings,3,Slow Loading,234,0
ea7ef561-e913-4a8f-9fac-036a65c685fd,Maharashtra,Android,Search,3,Easy to Use,53,0
f0477fa4-dd29-4ecc-b3f6-5fb390df698c,Uttar Pradesh,iOS,Settings,4,Helpful,57,0
7b81d829-0f36-47bb-91bd-b5ab5fbe5896,Delhi,Android,Notifications,3,Buggy,567,0
120c00e1-5a14-48e4-9c66-71578f768b28,Tamil Nadu,iOS,Search,5,Crash,539,0
21705efe-37a8-48fd-b82c-5c98a9dfd1bd,Maharashtra,iOS,Search,3,Helpful,503,0
063dd553-e4e5-405e-ba2e-aae9afb13365,Karnataka,Android,Settings,2,Easy to Use,88,0
cba757ad-6777-442f-b9e6-314e0db986c4,Delhi,Android,Profile,2,Great UI,380,0
b9a84f15-a931-4873-80f9-43153ce886e1,Karnataka,Android,Settings,3,Crash,503,0
fdbd6e48-c341-4ec2-bd51-22ab45365d05,Tamil Nadu,Android,Notifications,2,Confusing,32,0
192d0384-76d4-4c10-a1bb-96b397d481dd,Maharashtra,Android,Profile,5,Slow Loading,596,0
0d86aef5-9194-4b73-b975-7ba503fc6656,Maharashtra,iOS,Profile,5,Confusing,587,0
397cf542-b2c7-413a-b876-dc980e290fa5,Delhi,Android,Profile,4,Helpful,503,0
e3e7dea6-cd65-4a5a-b984-f5a3b217a095,Tamil Nadu,Android,Notifications,2,Buggy,181,0
f3e29752-d357-4f77-b68f-5d28cd8c4cf0,Delhi,iOS,Notifications,5,Crash,245,0
ebbfc6f5-c8a6-491b-8b3b-74ff06c68705,Maharashtra,Android,Home,2,Confusing,163,0
928b6b79-f193-4fc1-8560-831b46bfc8ee,Maharashtra,iOS,Notifications,5,Slow Loading,554,0
8e8b9a7a-bfbe-414e-b2df-26d8a5ae3548,Karnataka,Android,Settings,2,Slow Loading,451,0
96e3f4b0-e170-4128-9d5b-60b7b1ea145b,Delhi,Android,Notifications,4,Easy to Use,503,0
79819883-73f6-4d45-b036-6a4a19f7fef3,Tamil Nadu,iOS,Notifications,5,Crash,445,0
0043b347-6288-407d-96a7-9d6996e8f570,Tamil Nadu,Android,Home,3,Confusing,273,0
73a0ecfa-fe90-4ffc-ae53-6ed841fdc7f0,Karnataka,Android,Notifications,1,Confusing,220,0
48ca1484-35e3-4b2f-b2f7-05d2b96ac85e,Delhi,iOS,Search,1,Great UI,446,0
2fcb7c23-18d8-4d04-8ef0-34ee5f1bcb5b,Delhi,iOS,Notifications,4,Feature-Rich,292,1
a55736b3-8cd8-4041-bb75-590ca80fb210,Tamil Nadu,Android,Settings,5,Helpful,193,0
1b628cef-b774-4876-8313-018a575e1975,Uttar Pradesh,iOS,Search,3,Feature-Rich,417,0
893bef07-e5bd-48b3-9750-bbcd4d1427a8,Karnataka,Android,Settings,2,Crash,229,0
e8443e65-838d-4de7-8a7f-f436904db66b,Delhi,Android,Profile,4,Slow Loading,103,0
a80f4126-f41f-404e-ad76-c31bed97f700,Tamil Nadu,iOS,Home,1,Buggy,237,0
c9f6c9b6-ec9a-41df-a114-f577f88c3402,Uttar Pradesh,Android,Settings,4,Buggy,68,1
5bb68155-7185-4e01-9b5c-4eaa365d7394,Maharashtra,iOS,Settings,1,Easy to Use,540,0
e051ce00-534c-4766-9a8e-851ce15e6108,Karnataka,Android,Notifications,2,Slow Loading,378,0
7841c212-968b-4dbc-875c-04ed9597fa1c,Karnataka,Android,Home,3,Confusing,371,0
bd26a391-56b5-46b6-9749-7bcc598f39b5,Tamil Nadu,Android,Notifications,1,Crash,102,0
0c021c7c-7aa4-453c-a617-ec794d3fc75b,Uttar Pradesh,iOS,Search,3,Easy to Use,209,0
d2a3c2b7-b0dd-49ce-ba84-ee80140daca7,Tamil Nadu,Android,Search,2,Confusing,528,0
891ddd99-e4b8-4662-a7a7-035037aa9f33,Karnataka,iOS,Search,1,Buggy,560,0
b0368165-0218-4997-b724-e398acb1dbda,Uttar Pradesh,iOS,Settings,4,Helpful,259,0
4efa2bc2-ed41-43f0-b2e2-78778d9742c3,Tamil Nadu,iOS,Notifications,1,Helpful,129,0
5d3e549a-06e1-4ef9-9ef8-8ab5ad307b92,Tamil Nadu,Android,Profile,3,Confusing,371,0
7e4ea427-88ce-400c-9756-5a7b6c1bc0fb,Karnataka,iOS,Profile,3,Crash,418,0
87252f94-eee6-444c-b5da-bc39174c1851,Delhi,Android,Notifications,2,Helpful,331,0
9516b3d8-6a22-4a58-a54e-ed36a7ce09c8,Uttar Pradesh,iOS,Profile,2,Helpful,214,0
b2fdbbb8-d33b-4c41-a2f6-b4734afc7287,Maharashtra,iOS,Profile,2,Easy to Use,265,0
63c3ea44-1bf3-4c98-93c7-4b1831b50e36,Delhi,Android,Home,1,Crash,514,0
d25d7d36-dd2b-4995-a7c5-162552ac0868,Uttar Pradesh,Android,Settings,3,Feature-Rich,514,0
8a5323f5-4e2b-4a70-b4cb-e8aa067d2ccc,Uttar Pradesh,iOS,Settings,2,Buggy,417,0
ac06f940-a3aa-4d9e-af6e-b0643270965a,Uttar Pradesh,Android,Home,5,Confusing,499,1
c87b7d4c-857a-4eff-8c87-b5011c396a0a,Karnataka,iOS,Settings,2,Helpful,133,0
c8566ef4-e80b-4914-95f0-4a88b84fffef,Tamil Nadu,iOS,Home,1,Easy to Use,398,0
30a4b915-ef81-440f-a122-183603193686,Delhi,iOS,Notifications,3,Great UI,571,0
e159e339-c901-4b89-9c95-3c6486259980,Delhi,iOS,Notifications,3,Feature-Rich,198,0
f992aaeb-b0f2-46e4-a40a-8079b6f4b072,Maharashtra,iOS,Search,3,Confusing,296,0
d1ade512-143d-45f7-b9a2-f60b497e8b96,Uttar Pradesh,Android,Notifications,2,Crash,286,0
e23d34df-879e-4046-bee1-53e4f951479f,Uttar Pradesh,iOS,Settings,2,Great UI,163,0
4b26aa84-d41d-4fb9-8436-ce849274ac4b,Karnataka,Android,Settings,4,Great UI,539,0
0743e2aa-a733-41f9-a67c-e94a5576b9f5,Delhi,iOS,Search,3,Slow Loading,417,0
e7f4bcfc-01e9-4a74-a080-55276fe070ab,Maharashtra,Android,Profile,3,Helpful,108,0
cc469442-4062-4c93-873d-2224a3ea8e3c,Delhi,iOS,Search,3,Buggy,362,0
1779ce04-acc4-4b56-a277-f47fb32ae7f3,Karnataka,iOS,Notifications,2,Great UI,301,0
cd4a3547-1a57-480c-9e4b-edef532f9a6f,Uttar Pradesh,iOS,Settings,1,Confusing,303,0
f380a1fb-1ac8-400a-8f48-a65a2fd0efd3,Maharashtra,Android,Search,4,Confusing,83,0
3d9a6a69-8243-49cc-a52e-0afbc4143124,Delhi,Android,Search,3,Buggy,283,0
704f8cc7-4e39-4753-b40c-d285e31fe585,Tamil Nadu,iOS,Settings,3,Helpful,433,0
5d2f9c1a-9872-4050-9055-27da0eee270c,Karnataka,Android,Profile,3,Crash,225,0
79b56511-74f2-4cfb-be98-8f7113de9115,Karnataka,Android,Home,4,Slow Loading,36,0
b76bf060-3058-4392-a680-3b3aa4ef3db7,Uttar Pradesh,Android,Home,3,Great UI,96,0
3a2edf4b-c19c-42c9-9e6c-11e2033a6499,Tamil Nadu,iOS,Profile,2,Buggy,463,0
9b2c8418-1c82-4f7c-bad6-70ce032e99f7,Maharashtra,Android,Home,1,Feature-Rich,343,0
36a947a6-e23f-4dc9-850e-6062923bd177,Tamil Nadu,iOS,Notifications,4,Great UI,562,0
15d15fac-8a4f-4fbe-b94d-255668b47370,Uttar Pradesh,iOS,Notifications,4,Buggy,365,0
7176a8ac-1fb3-4ed6-9a9d-344560ab1c85,Maharashtra,Android,Settings,3,Feature-Rich,432,0
339633e2-7262-4fea-8f27-132e2f367074,Delhi,Android,Home,5,Great UI,362,0
afeeb69f-400e-44ec-8765-4b12d7c4eeb7,Uttar Pradesh,Android,Settings,4,Buggy,19,0
d6fae5eb-a46d-405b-9541-1dd11a005c9c,Delhi,Android,Home,5,Feature-Rich,203,0
f06a0593-897d-4e52-bae0-df601fbf87be,Uttar Pradesh,iOS,Settings,2,Great UI,409,0
1cd75110-131f-4f09-bddc-958e68e0fc35,Maharashtra,iOS,Home,4,Easy to Use,539,0
a84eb453-f854-411d-beb6-26f64d9231ba,Uttar Pradesh,iOS,Search,5,Buggy,432,0
0a0706bb-b0ef-4242-bbe1-bdcadfa6c443,Karnataka,Android,Profile,3,Crash,476,0
73984198-6f79-44c3-a646-5bd3c4b3973c,Delhi,iOS,Profile,3,Slow Loading,165,0
9f66ec7b-201e-490d-a105-d16d57370b2a,Uttar Pradesh,Android,Profile,1,Buggy,285,0
5b92c8df-0c3e-4798-81fc-2a3ee45c79d2,Tamil Nadu,Android,Profile,1,Great UI,25,0
d7c9b682-5688-4ac4-9f19-3f4aa49abb05,Delhi,iOS,Search,4,Feature-Rich,484,0
7677fc9e-534b-4923-81b2-0a757e20d2d2,Karnataka,iOS,Home,2,Slow Loading,282,0
07f43bd3-4394-4187-9624-f8c2eec4fd3d,Karnataka,iOS,Profile,2,Buggy,400,0
85297578-5d0f-4dd7-8e1d-679d8f0f8068,Karnataka,Android,Settings,4,Easy to Use,44,0
f75faf41-a238-4cf3-afe1-188474b5b431,Karnataka,Android,Settings,4,Buggy,340,0
8e805e03-b35c-48ae-81cb-a7e47d8d4688,Karnataka,Android,Search,4,Buggy,213,0
acd5691f-6b56-4b95-bce9-2f55b83a9fa1,Karnataka,Android,Home,2,Confusing,342,0
2e441fd6-4526-4539-9e62-d1635e073b1e,Delhi,Android,Settings,2,Slow Loading,53,0
66494cb0-841e-46c6-af94-dd008b2e2d5b,Tamil Nadu,Android,Search,1,Easy to Use,171,0
d1d0c04a-c732-4964-a05a-72bde416adf3,Uttar Pradesh,iOS,Home,1,Feature-Rich,167,0
8fbbb146-7f8a-41b7-abd8-4d75ef35fa28,Karnataka,Android,Settings,2,Feature-Rich,581,0
aa8f1f39-600f-4af6-90fd-282c8eee9965,Delhi,iOS,Profile,1,Confusing,376,0
ead226d7-2186-46b3-959d-9727f4b78751,Delhi,Android,Settings,4,Buggy,565,0
ac1af62e-2d97-455d-9caa-a05f65b4cc65,Maharashtra,Android,Notifications,3,Feature-Rich,489,0
0e86cadc-a17e-435e-ba83-825378ab154b,Uttar Pradesh,Android,Home,5,Great UI,470,0
a4f32b74-c2d3-43ed-b42c-df055e2e1b9a,Delhi,iOS,Settings,1,Confusing,199,0
67fa06aa-7a63-4988-a7ca-14cd4c9c1ba0,Uttar Pradesh,iOS,Notifications,2,Feature-Rich,74,0
83e35169-3126-4b6c-ae3e-f94623836fb0,Uttar Pradesh,iOS,Profile,5,Helpful,574,0
a52ee38c-e27f-477a-8a3b-b1472f5bc764,Delhi,iOS,Settings,3,Crash,108,0
183e0863-4ad9-4710-a141-60bfea35c1de,Karnataka,Android,Profile,2,Slow Loading,216,0
6da2067b-a9c8-4e8d-9b3c-da4413a04c7d,Maharashtra,Android,Home,5,Confusing,511,0
a12b3b11-eba1-4482-be97-22a741a996db,Uttar Pradesh,iOS,Home,3,Easy to Use,82,0
acb7f238-ab94-46b4-85aa-063dc14b7cc6,Maharashtra,iOS,Home,4,Slow Loading,379,0
d9ed6b1e-bd39-4386-9661-a5b90a7ee84d,Tamil Nadu,iOS,Home,5,Buggy,551,0
5882cc74-29dc-448f-8354-a3f0c098d895,Karnataka,iOS,Home,2,Crash,113,0
5e11ee65-15d9-4f21-bf49-a4520ec98f48,Uttar Pradesh,iOS,Profile,2,Easy to Use,593,0
1b57ee38-599a-42db-9ed7-491e911d115c,Maharashtra,iOS,Home,5,Feature-Rich,479,0
20f84b55-cef9-4a38-89b0-26c22300d4f8,Tamil Nadu,Android,Profile,2,Confusing,526,0
bc965707-4138-41eb-a354-7de910ab8c2e,Maharashtra,iOS,Search,3,Feature-Rich,390,0
0aeba955-30e6-420c-a665-525ac9dbcd1f,Tamil Nadu,iOS,Notifications,2,Easy to Use,394,0
b8ddfbad-9c7d-4780-a707-5e2c74648f85,Delhi,iOS,Settings,4,Confusing,10,0
9d999ce5-de13-4ad5-a35f-5887aabda74a,Delhi,Android,Notifications,2,Buggy,16,0
c772b05d-e092-435f-8c87-a30deabaed95,Maharashtra,Android,Search,1,Buggy,576,0
5e69c0f2-ab0c-45dc-8426-716f2532f1ac,Uttar Pradesh,Android,Home,1,Helpful,374,0
8386e156-612e-49c5-92a7-56ea94453a65,Delhi,iOS,Notifications,2,Easy to Use,272,0
94250b80-6e3d-4237-9edb-ade673978b2b,Karnataka,iOS,Notifications,2,Crash,342,0
8657719c-73f1-4a92-8766-25b9a19f0b1a,Maharashtra,iOS,Notifications,1,Buggy,48,0
9fe53610-c250-4aa0-855f-11bf7948ed7b,Uttar Pradesh,iOS,Home,1,Feature-Rich,366,0
5f301a96-2370-4d96-8432-f4172fd6edc2,Tamil Nadu,iOS,Home,2,Slow Loading,401,0
ad985470-8128-4959-b60b-c517879187c8,Uttar Pradesh,Android,Search,5,Great UI,344,0
195e7d29-92ad-447b-979d-c70725806972,Maharashtra,Android,Home,4,Helpful,599,0
5f7bc062-b1e1-44e7-9ce7-86c1d3d15583,Maharashtra,iOS,Search,4,Great UI,145,0
2ade851d-f490-432f-8407-41bd33b57115,Tamil Nadu,Android,Notifications,4,Buggy,97,0
27e78b88-5b4b-40fc-8595-50c5531652b3,Tamil Nadu,Android,Profile,4,Easy to Use,509,0
87e7d700-f338-4748-9937-d6c1e3d484d7,Uttar Pradesh,Android,Notifications,5,Easy to Use,258,0
2f359b15-3853-42ba-b4b5-ec62365d757f,Tamil Nadu,iOS,Notifications,1,Crash,433,0
31050bf1-0cbf-4cf2-9989-fec252eac4cd,Delhi,Android,Search,3,Slow Loading,322,0
0e06490a-2e20-421f-83a9-9a860480b56f,Delhi,iOS,Notifications,2,Helpful,55,1
66ed9ef5-b786-4f25-ba10-9a262b63bb55,Maharashtra,Android,Search,2,Crash,125,0
80d4607f-e8d2-4cc6-a50b-22cc4bd5ab62,Maharashtra,Android,Search,1,Feature-Rich,123,0
53dcb1c0-b418-4b8d-a5e0-6cc0718fc56f,Tamil Nadu,Android,Search,2,Easy to Use,218,0
6fb285ba-51d3-4f14-9e3a-4c4113c09bf9,Delhi,iOS,Notifications,2,Slow Loading,395,0
7660fd4d-5d6e-4777-a277-ce1fa7bc07ea,Uttar Pradesh,Android,Search,2,Slow Loading,300,0
465d710e-a6f4-40dd-a10a-ecd41ee6fc90,Uttar Pradesh,iOS,Home,4,Slow Loading,78,0
56c62680-dc24-4217-b7c2-cfcc380a37e7,Delhi,iOS,Home,1,Buggy,405,0
a0a3220c-0b54-481c-8336-672987c28e31,Tamil Nadu,Android,Search,4,Crash,200,0
b9c0d88a-a13e-45c9-9c41-97bb7d88710a,Tamil Nadu,Android,Home,2,Buggy,351,0
04359167-3432-4b78-9fb1-12d1425eeeaf,Maharashtra,Android,Search,3,Feature-Rich,319,0
1a7d6210-b747-43a4-93f8-25a2e2284656,Uttar Pradesh,iOS,Home,3,Confusing,40,1
6dcd0d8a-706d-4495-a8b1-74c6599f13ef,Delhi,Android,Profile,3,Confusing,150,0
a1c2a909-084c-494a-9eb4-6c9c5d046ade,Tamil Nadu,Android,Settings,2,Great UI,446,1
fca7ce7a-1fdf-46b5-ad8a-49871fcbf618,Uttar Pradesh,iOS,Settings,5,Great UI,221,0
7f2e8d21-679b-419e-84cf-c5193295fc8b,Uttar Pradesh,Android,Profile,3,Great UI,450,1
268689b8-70e4-45ec-a191-7e17f310acbb,Maharashtra,Android,Search,1,Crash,198,0
281ace68-92c4-4a80-8188-f0126675c750,Maharashtra,Android,Search,4,Confusing,320,0
0b2fff64-3b02-4834-b4fb-8d39b12047b8,Delhi,Android,Profile,1,Great UI,199,0
14eea6ca-323e-4afa-8f99-2ceb5301abf3,Uttar Pradesh,iOS,Notifications,5,Easy to Use,247,0
93b43514-68b4-4a6b-9b94-a7da8400f5d3,Karnataka,iOS,Home,4,Great UI,524,0
c13c2d5c-91c6-4dea-9d1b-1e675cc464e3,Tamil Nadu,iOS,Profile,4,Helpful,495,0
2c84d7d5-1001-453a-9f09-6cd0d45b188d,Maharashtra,Android,Home,4,Slow Loading,286,1
d0498529-ea01-4096-814a-1105d862a2aa,Maharashtra,Android,Profile,1,Great UI,459,0
275cf57c-e53c-4648-bc6d-e78f937d5463,Tamil Nadu,iOS,Settings,2,Confusing,424,0
912487bf-c5dc-4376-bd98-790d53a76d9c,Uttar Pradesh,iOS,Search,4,Slow Loading,543,0
37553463-149e-41a5-ab8f-148b9af0fc61,Tamil Nadu,Android,Profile,5,Confusing,50,0
20bc7e92-86c9-45c8-8d69-174b0f58d8e7,Uttar Pradesh,Android,Profile,3,Helpful,417,0
91a43527-5141-41a1-8d16-e4059acdb77a,Delhi,iOS,Profile,4,Buggy,65,0
c3f92397-af37-4c72-8106-98a4c6f4dc3c,Maharashtra,iOS,Settings,1,Crash,194,0
8695ee2e-5972-486b-bd86-0c25906ca43b,Uttar Pradesh,Android,Settings,4,Feature-Rich,471,0
def12304-e165-41b3-9ea1-beb2c4e2d3d4,Tamil Nadu,Android,Settings,1,Buggy,341,0
351bbed9-286f-40df-b4ba-eb7df4c82fec,Maharashtra,Android,Home,1,Helpful,381,0
cd83a4cf-aa69-4dd8-87a7-551bac9ed9b7,Tamil Nadu,Android,Settings,5,Confusing,54,0
7cf383eb-4cc8-4ac4-9c1e-e6cf9fef13cc,Delhi,Android,Profile,2,Great UI,62,0
108bd254-4b1f-4310-bcab-84eb9a757448,Delhi,iOS,Search,2,Crash,144,1
c8556170-2c5f-47e0-b54c-7267a0189d92,Karnataka,iOS,Home,4,Helpful,520,0
b7f24ba5-160f-45cf-b43d-78525b752514,Karnataka,iOS,Profile,2,Helpful,474,0
4e94431b-04c2-4ad8-8d3a-a5a9ebc28130,Karnataka,Android,Profile,5,Buggy,580,0
115e818a-03ed-4693-9c5f-bf279f50c15c,Maharashtra,Android,Profile,2,Slow Loading,367,0
dc9a1483-8fcb-4087-a63a-f01933875e6d,Karnataka,iOS,Search,1,Slow Loading,121,0
e8448370-302d-4f94-bfed-bab2b0e0e4ed,Maharashtra,Android,Search,5,Great UI,476,0
7ecf7bb3-93cc-4ab6-86a8-7681e309eaff,Delhi,Android,Home,3,Feature-Rich,387,0
844818b7-414d-415f-b954-d9d870e615be,Karnataka,iOS,Notifications,1,Buggy,492,0
4a6f644c-f255-45ce-9ac4-e5664a8c215e,Delhi,iOS,Notifications,4,Easy to Use,224,0
4c3038ff-4273-43d8-a78a-79e07c51a3bd,Karnataka,Android,Settings,5,Buggy,447,0
ab7c8113-60df-438f-ae9e-1115f82bfdc0,Delhi,iOS,Notifications,5,Feature-Rich,142,0
81eeb902-ab31-474e-95c4-2ba35c96fbad,Tamil Nadu,iOS,Settings,2,Easy to Use,307,1
af0a2aa5-be9c-4e74-973c-c4a92a1de173,Karnataka,Android,Home,4,Crash,222,0
f20562d4-4f08-420f-8504-beb96234e826,Tamil Nadu,iOS,Home,3,Feature-Rich,583,0
012889f4-4698-4039-bf9f-7e2e74367d8d,Maharashtra,Android,Profile,3,Buggy,79,0
627f9eff-1bbc-4269-95e8-119e0afe89a6,Uttar Pradesh,iOS,Home,1,Feature-Rich,359,0
61b55d2d-4c0f-413b-b7fd-9ca80e4faa08,Uttar Pradesh,Android,Profile,2,Feature-Rich,356,1
4d49af05-59d8-42e3-b52f-d3c24a94c500,Tamil Nadu,iOS,Home,2,Helpful,169,0
da3d9115-5057-489f-b07a-bd535e07e950,Uttar Pradesh,iOS,Settings,4,Slow Loading,543,0
2eb6f68a-07b9-4de4-b7fe-0fb544fd9dd3,Delhi,Android,Profile,5,Feature-Rich,372,0
a973d49b-e22c-421e-8edb-901ee3e21f08,Maharashtra,iOS,Home,3,Confusing,557,0
8a941f0e-2bde-42e9-81da-60d173977abe,Uttar Pradesh,iOS,Profile,5,Crash,325,0
3ab024c7-a467-4514-8dba-9079059ab9db,Delhi,Android,Search,4,Crash,518,0
edb7000a-7b8e-4028-83f7-fac9cc769bc7,Delhi,iOS,Search,2,Buggy,189,0
a2e258bb-52d1-43ef-8b89-846d6013f733,Karnataka,Android,Home,4,Slow Loading,504,1
15a996bd-3dab-46cb-a839-e4adfd232630,Maharashtra,Android,Search,4,Buggy,345,0
5eb7b1a8-fc43-4443-9d9b-4cbf9e8a5c39,Karnataka,Android,Profile,1,Helpful,406,0
56883cf5-619c-4291-8634-d302ffe08f3b,Uttar Pradesh,Android,Home,3,Slow Loading,99,0
147fa6c4-97e0-4d34-bc3e-aad9d8769f49,Karnataka,Android,Notifications,3,Slow Loading,329,0
18eaa0f4-5759-4ecc-9861-e5c83321b5c2,Maharashtra,iOS,Profile,2,Buggy,293,0
e653a25b-beea-4dea-a7cb-8edddbd04553,Tamil Nadu,Android,Search,2,Great UI,290,0
776bd80e-6d12-4ebd-bab0-5407f16ea278,Uttar Pradesh,Android,Profile,5,Feature-Rich,572,0
14a43c7c-d6f0-435d-a093-8ceb9aec1680,Maharashtra,iOS,Notifications,2,Great UI,82,0
4cf987f4-b7c3-4507-b967-c7f61dbf0af7,Delhi,iOS,Home,2,Slow Loading,492,1
b7dabcb8-0dc5-484b-9db5-fcfa3e83fe3f,Karnataka,Android,Settings,1,Crash,446,0
b93e1589-53cb-41fb-8f85-669113d389a5,Uttar Pradesh,iOS,Notifications,3,Buggy,350,0
7aefb9e4-a232-46f6-b14e-8bcd0d8df8ea,Uttar Pradesh,Android,Settings,5,Great UI,105,0
ce8144c7-5937-4ea4-a527-08e1ca70f223,Tamil Nadu,Android,Settings,3,Helpful,491,0
7eb85695-5f26-4f8e-a59c-48ecfbf0ce93,Maharashtra,Android,Notifications,3,Feature-Rich,411,0
33a32625-46c4-4f37-9c1d-8e6315185e51,Delhi,iOS,Settings,4,Slow Loading,76,0
c18c6f90-687f-4fde-bce6-654702d99008,Delhi,iOS,Settings,2,Buggy,366,0
d0e4bbaf-e5cb-4f15-9180-375888c0b6b0,Maharashtra,Android,Settings,1,Feature-Rich,579,0
206a3aa6-a164-4474-b3f3-a48a3d4bfb93,Delhi,iOS,Settings,5,Confusing,254,0
555f9d41-c784-4692-b259-a189c9f26913,Uttar Pradesh,Android,Settings,4,Crash,358,0
9dafbbf2-3a2c-4e05-98a4-950ae671643a,Uttar Pradesh,iOS,Settings,5,Feature-Rich,567,0
ae5df640-e4db-42fc-9153-6bc363026b7a,Maharashtra,Android,Notifications,4,Crash,484,0
054e7093-3304-4251-a29d-ca79e086bc87,Karnataka,iOS,Profile,3,Confusing,81,0
6571564d-eb97-4b27-82b0-5d7413339ac7,Uttar Pradesh,iOS,Search,4,Slow Loading,102,0
8de9d050-2276-4ce0-9056-a4e80862514a,Maharashtra,Android,Profile,2,Helpful,554,0
adcfcf2e-c47b-4739-a9aa-791ebae000cd,Uttar Pradesh,iOS,Profile,2,Feature-Rich,316,0
ad684528-ca9c-45ea-bc1c-394bfa6085c5,Delhi,iOS,Search,1,Slow Loading,532,0
196bbf65-70a5-45e8-91d7-014ece930dd7,Maharashtra,iOS,Home,3,Slow Loading,10,0
2b4de514-834f-4e26-b32d-3a7df615865b,Delhi,Android,Search,1,Easy to Use,452,0
df7cae27-6a80-4f31-8fd9-189ccd0e5581,Tamil Nadu,iOS,Settings,4,Confusing,455,0
2deaf59f-ba39-444b-8840-f27cf1e246c9,Maharashtra,iOS,Profile,2,Confusing,378,0
3c4a6fb6-bad2-438b-a1ef-eee20ec2f716,Maharashtra,iOS,Profile,2,Slow Loading,83,0
72de0265-25d9-4af7-a910-c7f93faad180,Maharashtra,iOS,Settings,2,Crash,150,0
b0bacd45-d9b1-421d-abd7-7d8909ef95cb,Tamil Nadu,iOS,Notifications,4,Great UI,475,0
f165534e-79fa-458e-843f-4cdd091f4866,Uttar Pradesh,iOS,Settings,3,Easy to Use,200,0
33d14cc0-d646-4086-b093-bbab83006893,Karnataka,iOS,Profile,5,Buggy,430,1
f4d22e56-a286-4c33-9513-e00fd5cf20da,Uttar Pradesh,iOS,Home,1,Helpful,387,0
15544617-74cb-42b2-89c0-7b9a3a18c69a,Tamil Nadu,Android,Profile,5,Buggy,486,0
21b37e84-6dec-416b-b7b5-5b265344c520,Uttar Pradesh,Android,Profile,4,Crash,562,0
717729f9-4ddf-4934-a4ae-3f1e54d2d3ac,Delhi,Android,Search,5,Slow Loading,490,0
a90ce4f9-ad1c-4550-b583-87db499c484f,Tamil Nadu,iOS,Settings,3,Buggy,306,0
84adbca3-efbf-4052-9e49-ca693d466886,Uttar Pradesh,iOS,Notifications,3,Slow Loading,494,0
c572a0d0-dcaf-405c-ab69-5b9107f65d13,Uttar Pradesh,Android,Search,5,Slow Loading,303,0
973538e3-249e-40b9-9c83-00ff5f764453,Maharashtra,Android,Search,3,Great UI,297,0
93990b0e-8963-4401-ae11-e1824349566d,Delhi,Android,Home,5,Great UI,164,0
0ac12513-6ecd-4449-99da-7190ec3f8239,Delhi,Android,Search,2,Helpful,195,0
f9d11d0e-8909-4a61-aa04-1ccb8d607848,Karnataka,iOS,Home,2,Great UI,517,0
5d76782f-82c6-4117-ae4f-1209c6b918b8,Tamil Nadu,iOS,Profile,4,Great UI,225,0
2465141a-dd58-42eb-9256-ff98f59bc9ab,Delhi,Android,Search,1,Slow Loading,181,0
b1651c98-4ae2-4f09-aca7-c26b2c4a3703,Tamil Nadu,iOS,Settings,5,Easy to Use,398,0
fd6c83cc-5b92-4af2-83cb-dedfdd68c09f,Tamil Nadu,iOS,Search,2,Confusing,22,0
7fb20a15-848c-422e-92dd-400ccc0aac2a,Tamil Nadu,iOS,Search,5,Slow Loading,109,1
88084135-b876-45a3-bf81-fba064acadec,Delhi,iOS,Notifications,3,Feature-Rich,286,0
dcb4700a-5109-464e-80b2-e88efab9b4f1,Karnataka,iOS,Notifications,4,Helpful,257,0
664eb039-5a31-487f-a44c-df71c3eafe16,Uttar Pradesh,Android,Notifications,3,Great UI,330,0
060def9f-9015-42b2-94db-34d2a09f1ac7,Karnataka,Android,Home,4,Crash,547,0
913aa8b1-65cc-49f7-8c81-93d3a98d52a3,Tamil Nadu,iOS,Profile,3,Buggy,207,0
ee6a8050-4901-451b-bd46-f3aa3b5ac26b,Uttar Pradesh,Android,Home,5,Easy to Use,134,0
8209e2ab-8cab-422b-8480-24d562e6e38f,Karnataka,Android,Notifications,2,Confusing,589,0
c1d73d10-f465-4f01-9c29-96338890dfb5,Maharashtra,Android,Profile,3,Buggy,488,0
1b15bae6-43ac-42b8-9406-0bcd608bad2d,Karnataka,iOS,Search,4,Feature-Rich,273,0
b7c3be7e-065b-41f5-83e5-83dc73d06002,Karnataka,iOS,Home,4,Confusing,350,1
0e1f8dd0-c6c2-44a3-a4b3-04638e1e1be4,Delhi,iOS,Profile,4,Crash,513,1
5ae7aad2-5cb7-451c-a878-50c77fd39f2b,Maharashtra,iOS,Profile,4,Crash,157,0
d45ed5e6-4205-4138-b5cf-c56696df0f9b,Tamil Nadu,Android,Notifications,1,Helpful,275,0
fee2d588-58d6-45ca-b1ea-905a75360f94,Karnataka,Android,Notifications,3,Helpful,29,0
0477ef12-cb23-4fc3-b676-9af1cce0abb3,Maharashtra,Android,Home,4,Buggy,165,0
96a72191-1109-44e6-8e49-de1a47206bfb,Tamil Nadu,Android,Notifications,4,Helpful,456,0
bdf520b7-c23d-4036-9ade-f8ed275ef910,Karnataka,Android,Home,4,Helpful,134,0
38a8018d-29e0-476e-832c-a447e91d1e15,Delhi,iOS,Search,4,Slow Loading,102,0
b4658b75-cf5f-4c94-9a1a-5c9324390bee,Delhi,Android,Settings,3,Easy to Use,190,0
fe7ef028-1844-46e0-86f2-7393b903fce9,Tamil Nadu,Android,Search,4,Crash,377,0
d75408bb-cbc9-4a84-806a-80f8ef1d42f3,Tamil Nadu,Android,Profile,1,Easy to Use,35,0
7f65a4ed-0ee5-4129-9508-0eb66c7551b1,Uttar Pradesh,Android,Settings,4,Crash,563,0
610ec786-e069-4675-82cf-0b7635a956db,Tamil Nadu,iOS,Home,1,Feature-Rich,67,0
34dbe10c-be52-401e-9c24-1c3ac56a3eb9,Karnataka,iOS,Home,2,Helpful,559,0
13104929-2863-4b7b-a924-dd30f16767d8,Uttar Pradesh,Android,Home,1,Great UI,510,0
dbda17f1-e1a9-452b-a699-80ba1d8c3697,Tamil Nadu,Android,Profile,2,Slow Loading,186,0
5aa1fe40-0beb-431a-9aa8-72731e1bbd30,Delhi,Android,Settings,5,Great UI,75,0
00f1d4cc-af6c-4456-89e0-d42e7ba72681,Karnataka,Android,Settings,5,Easy to Use,74,0
72449dd7-a868-4d43-b338-cfe46a1c1e3e,Tamil Nadu,iOS,Settings,3,Crash,599,0
69fb707b-3047-4af2-b2c9-51b214bc6cc4,Delhi,Android,Home,5,Great UI,353,0
8e454a76-135c-4677-a0ba-6c461c605ddf,Delhi,Android,Settings,2,Feature-Rich,576,0
77164c98-4d76-4034-bc65-e45a94105fe0,Maharashtra,Android,Profile,1,Confusing,171,0
3ad88cdf-74c4-4643-b685-24bc8314d4d6,Tamil Nadu,Android,Home,1,Great UI,101,0
9a8a51b4-6eee-4c38-9761-54d3d581ecaf,Uttar Pradesh,iOS,Settings,4,Great UI,221,0
afec0f91-8239-4c8b-9487-60aa65ce9a6d,Delhi,iOS,Settings,2,Great UI,48,0
82230e38-96a3-4c29-b066-81b0c52a1a22,Tamil Nadu,Android,Search,3,Confusing,14,0
333ee62c-ef4e-4435-9d18-723005eac3a0,Maharashtra,Android,Notifications,1,Feature-Rich,562,0
444a4bd9-5bae-4806-8124-9ae99d49c6d6,Tamil Nadu,Android,Search,1,Easy to Use,125,0
33e38425-ee8a-4c17-852e-9cb52730ea4c,Tamil Nadu,iOS,Profile,2,Slow Loading,65,0
b75e5b3f-bf4f-4ad8-93f0-98c9d6062844,Delhi,Android,Settings,3,Feature-Rich,474,0
f84f7d2b-399e-432b-8285-226825ee9b6d,Karnataka,Android,Profile,1,Helpful,537,0
488b8b03-db22-47df-a241-e041a59ed023,Maharashtra,iOS,Notifications,5,Feature-Rich,439,0
f6d4b9bf-6045-4276-96ae-48b5596c3b9f,Delhi,Android,Home,3,Easy to Use,110,0
eb7c42e9-369a-41df-b093-11d3b87b8c85,Tamil Nadu,Android,Settings,2,Crash,492,0
493304ab-cd19-462e-971f-fbc6ddc6103b,Karnataka,iOS,Profile,2,Helpful,192,0
30e3f2e4-de8c-4e77-83e9-c3c60e4c1eb0,Maharashtra,iOS,Profile,3,Buggy,217,0
f41d1926-3200-44e4-8d1a-4f02d43734b1,Karnataka,Android,Search,2,Crash,486,0
9a338f8f-53e1-4a2f-95e3-218a6ebd3c38,Maharashtra,iOS,Profile,3,Great UI,184,0
da8c465e-579c-472b-a7ed-fdd5e1f2b6cd,Uttar Pradesh,Android,Home,4,Helpful,231,0
747964b5-0423-4e83-89ca-0874c4e200ff,Tamil Nadu,iOS,Home,4,Easy to Use,263,0
1c51ccff-4f44-4537-93a5-d7a33b0deba7,Uttar Pradesh,Android,Notifications,2,Slow Loading,437,1
64d23782-ed2e-4de9-9366-e3f546c7aeac,Karnataka,iOS,Notifications,1,Confusing,553,0
e5da37c6-f03b-4a27-9a76-321f7aeaa89b,Karnataka,iOS,Settings,2,Crash,581,0
c4d37e39-abc1-400e-b314-fe3b41a9c6bb,Tamil Nadu,Android,Profile,3,Buggy,254,0
2e53f63f-bf1f-4fb3-9e7e-3c143ef5f468,Karnataka,Android,Settings,3,Great UI,480,0
68eab29f-d4bc-4f76-bc01-14252fa57d23,Uttar Pradesh,Android,Settings,4,Great UI,425,0
d9ce2cf2-7fef-4877-9d4e-c4d068e7f177,Delhi,iOS,Home,1,Confusing,350,0
c2943a8f-655d-469c-bdf9-a865e6dd9c2f,Delhi,iOS,Search,5,Easy to Use,92,0
c2d10fcf-ad9c-4560-9991-7900d2ced423,Delhi,Android,Notifications,3,Slow Loading,123,0
28f5986b-f99e-4371-97cd-be759c4ccead,Tamil Nadu,Android,Search,3,Great UI,582,0
01a4868f-a96d-4542-8c60-5c0502c86be6,Uttar Pradesh,Android,Profile,3,Easy to Use,562,0
02ec85fe-18c6-4179-8a2f-dc1e3a79e255,Tamil Nadu,Android,Profile,3,Feature-Rich,283,0
2010406b-7ab1-4738-a29a-f4ce57ca10ca,Tamil Nadu,iOS,Home,1,Feature-Rich,363,0
06cc828b-956d-4f83-a696-9b97835febe4,Uttar Pradesh,Android,Settings,5,Buggy,472,0
7b8de685-3221-4551-8376-9b6629014b6f,Karnataka,Android,Settings,1,Crash,410,0
351ba3bd-ddd5-411f-a281-32fe9f19c5da,Delhi,Android,Home,2,Buggy,124,0
e0f36686-ef86-4b15-bb0f-a2bde9a8b50f,Tamil Nadu,Android,Profile,5,Slow Loading,310,0
2a401f11-5b47-4cdb-9a2a-665bb8cb7616,Uttar Pradesh,Android,Settings,3,Confusing,464,0
0d8be8b4-521b-4e78-8872-e66efed6496f,Karnataka,iOS,Profile,1,Slow Loading,247,0
645173e3-d30e-4d00-b5f3-b58542dc0e1e,Uttar Pradesh,iOS,Settings,5,Feature-Rich,344,0
d4f57927-35a0-434a-bdde-e300bf30d991,Uttar Pradesh,iOS,Settings,3,Great UI,323,0
5cd120ea-1814-4e14-b18c-da9c22d60191,Delhi,Android,Settings,3,Buggy,58,0
7c3ed948-303c-4110-af12-20917d72f174,Delhi,iOS,Profile,5,Great UI,558,0
0e94baae-6319-46f8-ab4b-0c74164943b3,Maharashtra,Android,Profile,2,Crash,52,1
55c95fe4-a02f-45e0-b229-4e0e3c66fb37,Uttar Pradesh,Android,Settings,3,Feature-Rich,198,0
0c1aed40-9821-4638-aa00-6cffa9bb053f,Karnataka,iOS,Search,2,Feature-Rich,469,0
cc49c227-9b36-4575-ae6f-f24198dcdeb8,Maharashtra,iOS,Home,1,Confusing,521,0
3a57f3e2-405c-4f6e-8c32-15129ccacc60,Tamil Nadu,iOS,Profile,1,Feature-Rich,312,0
db39041c-c8db-42a9-b369-4a780718df9f,Delhi,Android,Notifications,4,Feature-Rich,125,0
11ece11b-b5be-4411-a013-0340dd874c4d,Karnataka,Android,Notifications,1,Buggy,35,0
c46a7676-b9f8-42b6-bca2-33190c95628c,Maharashtra,iOS,Search,1,Feature-Rich,66,0
f560f405-cf6d-495a-afcd-33b699a8f3b4,Maharashtra,Android,Search,2,Slow Loading,95,0
48bbfbdc-006a-418b-a7f5-cc0138cdfd9c,Tamil Nadu,Android,Notifications,4,Easy to Use,512,0
1e5262f3-441c-4b08-b092-13b922219449,Uttar Pradesh,Android,Search,4,Great UI,447,0
e97b4fcd-1215-48e7-941c-1e7069bd387b,Delhi,Android,Search,3,Feature-Rich,325,1
ce8a4b5e-cccb-43cd-9603-fed65cf67ef3,Uttar Pradesh,Android,Profile,4,Confusing,463,0
04f01ef8-6393-45a8-950d-808b1e42e48c,Tamil Nadu,iOS,Profile,5,Crash,157,0
857b1f04-6742-45a5-a15c-e638b89eb580,Tamil Nadu,iOS,Home,5,Confusing,100,0
753e3f48-ff4b-456d-a985-4c2c9ecd2592,Delhi,iOS,Profile,5,Helpful,591,0
b8cbb3d1-d331-4ad5-85f3-d7e5d7901c78,Maharashtra,Android,Profile,4,Buggy,577,0
4607c4db-16b0-4315-8388-0bf4f6d87564,Delhi,iOS,Settings,5,Helpful,239,0
f62b9e18-ac3a-4ad1-a8f3-187804849a0a,Karnataka,Android,Search,3,Helpful,137,0
b8a89c65-83e8-4270-aa91-0f0c2c81b7ba,Delhi,iOS,Profile,4,Easy to Use,39,0
d4651194-d23b-4407-a1fb-8e3e4a847c2b,Delhi,iOS,Home,5,Feature-Rich,502,0
ed6e2c5e-b681-4e34-9d9f-0c8532536e90,Delhi,iOS,Home,3,Slow Loading,275,0
fce7b2f1-25e3-4fdc-948a-cc1d41ebaef6,Karnataka,Android,Search,4,Great UI,375,0
a5b599e9-3a9c-4aef-95c4-0566b7733c82,Delhi,iOS,Settings,3,Slow Loading,306,0
f494fa00-770b-4058-a9c0-5d7f851731c1,Karnataka,Android,Profile,1,Great UI,566,0
8c9e24dc-e756-42f0-826c-4a00c3cdc1c4,Delhi,iOS,Search,3,Crash,557,0
2d36c62e-dd64-4400-8b54-3b7e8f0eb231,Maharashtra,Android,Profile,5,Buggy,391,0
c85647fb-6816-4c90-a134-a1777666a9ba,Tamil Nadu,iOS,Profile,1,Easy to Use,168,0
ae99b2d2-cf84-465a-8319-9c2131942ebe,Maharashtra,Android,Settings,4,Crash,129,0
cb4d86cb-afe9-48d3-ab93-913f1d5e1d69,Karnataka,iOS,Search,3,Feature-Rich,152,0
a35b951a-e215-48d7-a692-f32c4a569ecb,Uttar Pradesh,iOS,Profile,3,Slow Loading,131,0
cf72b898-818a-41a0-97e5-24438f66c5ac,Maharashtra,Android,Search,2,Easy to Use,143,1
1bc69b72-6e15-4753-807c-830a8c3ccdf9,Tamil Nadu,Android,Home,1,Helpful,451,0
78226684-ec0c-45a3-a77b-c275372e3b28,Karnataka,Android,Notifications,5,Slow Loading,490,0
1853b8a3-564a-4f12-bdcd-316eb0eebff6,Delhi,Android,Home,3,Slow Loading,108,0
338ff38e-30b6-42ff-8c4a-c59fe43b1400,Uttar Pradesh,Android,Notifications,2,Great UI,369,0
eaa74922-2a76-46ca-abd1-edd0284abb78,Maharashtra,iOS,Notifications,3,Feature-Rich,174,0
aa2f63c6-5d39-4464-9287-de3e51084ceb,Uttar Pradesh,Android,Notifications,5,Crash,111,0
ba876cb6-6d63-4119-aa22-bc40dfcbd4a5,Karnataka,Android,Profile,3,Great UI,560,0
578e1c61-c6af-40e4-9d43-7b701b89f660,Karnataka,Android,Notifications,4,Feature-Rich,199,0
50410c87-76e2-4ddc-bbf9-d8c9dc26719d,Karnataka,Android,Search,4,Confusing,229,0
da0eb1b2-da07-40c5-9af9-806803e3d2a1,Tamil Nadu,Android,Search,1,Helpful,122,0
4d079232-aeb5-48b5-bfe1-e33ba347890d,Tamil Nadu,iOS,Search,5,Slow Loading,94,0
cc32e08e-2177-4c64-84c6-dad32bb7a724,Karnataka,iOS,Search,4,Buggy,464,0
06e0ac84-6832-4bd0-bedb-11d230dc66b7,Tamil Nadu,iOS,Settings,2,Crash,497,1
ea0977f1-cffe-4ee7-ab9e-c84cb691b334,Delhi,Android,Home,4,Crash,415,0
836e0e37-13f5-4dfd-a737-23d3ba28aa19,Karnataka,Android,Profile,4,Confusing,114,0
ef7110b3-70e3-4970-b24d-49a23932b4c1,Maharashtra,Android,Search,2,Feature-Rich,215,0
6fb3c699-8b37-4da9-9c15-d42f42b2d68b,Tamil Nadu,Android,Profile,4,Helpful,295,0
5f05199a-6893-4081-b2fb-08cb089fd9c2,Uttar Pradesh,iOS,Settings,3,Helpful,424,1
840f6b3d-deb3-489d-99af-24af42c3d2c8,Uttar Pradesh,iOS,Profile,4,Crash,135,0
1a24f047-cd8e-49a7-b08f-8aa78d9fb7ae,Tamil Nadu,Android,Profile,1,Crash,64,0
5bd9b6c5-e4fa-49c3-be3b-ad5cb7242bb0,Tamil Nadu,Android,Profile,4,Feature-Rich,166,0
745b048e-d75e-47c0-8c82-79ab926f8dc4,Uttar Pradesh,Android,Home,5,Helpful,487,0
34acac6f-ffd4-456e-9314-ffcfd8a0a0b3,Tamil Nadu,iOS,Notifications,3,Feature-Rich,563,0
0f8212fb-cbca-4170-87aa-ce8583bd7e67,Karnataka,iOS,Home,4,Helpful,332,0
a5d192f2-ea74-4bb4-88d0-ddf80b525d3b,Tamil Nadu,iOS,Home,1,Great UI,580,0
98f971e9-df7e-456d-84c9-70a3f14410d1,Delhi,Android,Settings,4,Great UI,329,0
e3eebfc5-9f1c-4947-82f8-0cbc461ead5e,Tamil Nadu,Android,Notifications,4,Helpful,497,0
43243eee-ebe7-429c-9921-a4425c7c12f2,Maharashtra,Android,Settings,3,Helpful,396,0
3b85d4ab-b076-489d-965a-28a61fc90b1d,Delhi,iOS,Search,1,Slow Loading,56,0
1cb08aa6-bb39-458b-a4e4-e72b37b4bf8c,Delhi,iOS,Notifications,1,Feature-Rich,399,0
a63ff05f-9dbd-4cef-93f2-ca75a7954502,Delhi,iOS,Settings,3,Slow Loading,260,0
6df6dd0c-18ea-4dfa-a3dd-5540c413cc97,Delhi,Android,Home,3,Crash,355,0
49a54ae7-d340-4e80-a3ab-7f139b4b3114,Uttar Pradesh,iOS,Home,4,Confusing,591,0
e603dac6-190a-481d-ae91-9d94a734fbe1,Tamil Nadu,iOS,Home,4,Slow Loading,334,0
d4f9be22-abd1-4b55-9a9c-887d08757de6,Tamil Nadu,iOS,Notifications,1,Helpful,112,0
da11a0d7-6264-4986-a60c-b80c716c64ea,Maharashtra,iOS,Settings,5,Feature-Rich,180,0
30df8408-701e-4dfc-ad4d-b5b8da01accb,Delhi,iOS,Profile,4,Crash,558,0
27afadbb-656c-479a-a233-597b69a95299,Delhi,Android,Search,5,Confusing,241,0
75d5768f-d1f2-486a-a731-6c2830587acd,Karnataka,Android,Notifications,3,Buggy,78,0
890c9300-12b3-412b-bd9b-01d83fcce548,Uttar Pradesh,iOS,Settings,2,Feature-Rich,88,0
3317e7e7-867a-4d5d-89ac-150332fff8cf,Delhi,iOS,Settings,5,Feature-Rich,214,0
6b821a75-fdeb-4b5f-b63c-20a4930f323f,Delhi,iOS,Notifications,2,Slow Loading,538,0
0cc2e3cd-5649-4296-b908-e9b4ba2cf3b2,Uttar Pradesh,iOS,Profile,4,Buggy,555,0
88e6daf1-cfd5-4f93-a32f-3e785c1f1489,Tamil Nadu,Android,Notifications,2,Feature-Rich,483,0
692a1d48-2d37-475a-a54f-e5edf295637e,Maharashtra,iOS,Settings,4,Feature-Rich,75,0
82df46f1-275e-452e-89d5-962dbeb9824b,Tamil Nadu,iOS,Search,2,Buggy,251,0
fabf6b05-a70b-45fe-8203-22479fd11112,Karnataka,Android,Profile,1,Easy to Use,327,0
045fff48-a210-4e44-86c5-4dc2a69d1117,Uttar Pradesh,iOS,Settings,1,Easy to Use,173,0
2125e726-40b8-4dc3-be43-e14041fa7101,Karnataka,iOS,Search,5,Great UI,53,1
7dfd3c95-806d-4cb5-ab92-91bc58197216,Tamil Nadu,Android,Home,1,Feature-Rich,315,0
a819f057-48eb-437d-b7b6-3b47cde11a37,Tamil Nadu,iOS,Home,4,Great UI,251,0
4745551d-6de0-4f09-882f-0444a0a4d3a2,Uttar Pradesh,Android,Notifications,5,Buggy,518,0
b2758579-2bd2-4000-8193-3ef726afcc40,Maharashtra,Android,Search,3,Confusing,251,1
6036760a-4afb-42d6-8745-929a20d83229,Maharashtra,Android,Home,2,Easy to Use,291,0
5eba1790-ebeb-49a5-a49e-5c95a14f6a7a,Delhi,Android,Settings,5,Feature-Rich,125,0
8054ad7e-cb96-41df-97ca-e4e25c962114,Tamil Nadu,iOS,Profile,3,Great UI,381,0
53b0ca01-660a-4aea-a4d1-9ad238905523,Delhi,iOS,Home,5,Slow Loading,65,0
24efd019-7175-4dc3-be4f-cecc7611d12b,Maharashtra,iOS,Notifications,4,Buggy,381,1
d7c5c832-18cd-4404-bc85-59c4fecc958d,Karnataka,Android,Settings,4,Slow Loading,412,1
b42bd6b6-59a3-4e0e-8457-5b352e7d33e4,Delhi,iOS,Home,2,Buggy,225,0
299f9ffc-cbbf-45c5-bb53-e8f7768963fd,Maharashtra,iOS,Search,4,Slow Loading,290,0
5bb34ea3-a55f-4837-a9d3-086a99533617,Tamil Nadu,iOS,Settings,3,Confusing,112,0
0d277c08-e839-40ff-8c49-f8293685f612,Delhi,Android,Search,4,Feature-Rich,474,0
bdbec2c1-bdab-440c-bc6d-c9c60afd9074,Karnataka,Android,Settings,2,Slow Loading,420,0
b8142414-2541-49ca-a0ae-6012781c3c37,Delhi,iOS,Notifications,1,Crash,171,0
bf3dec4f-6506-4258-b989-70434cf42af5,Maharashtra,iOS,Search,4,Helpful,146,0
9fa63adf-55d9-4c5b-b22d-8ed4b540f80b,Uttar Pradesh,iOS,Search,2,Crash,434,0
da7d1dff-4418-4259-87bf-a6ebf978a930,Tamil Nadu,iOS,Notifications,2,Slow Loading,33,1
806726a0-1b92-4e3c-96f0-128e87d67418,Uttar Pradesh,Android,Home,4,Easy to Use,278,0
6b886566-f064-4e5a-9dc0-8c8468592c38,Maharashtra,Android,Settings,5,Confusing,276,0
0f2ea38b-e3e1-4f90-a457-7d7c652eeb37,Delhi,Android,Notifications,1,Slow Loading,548,0
66bcfa3d-1987-4fba-a15e-88ec81da6a99,Tamil Nadu,iOS,Home,2,Easy to Use,205,1
c7cfc305-aeec-404e-aa95-c2a587fe0c34,Delhi,iOS,Settings,4,Great UI,451,0
07c88526-0930-44d2-87f7-0d275dd938fe,Uttar Pradesh,Android,Search,2,Confusing,194,0
8cca0cca-4f9e-4721-bbef-5e521eb76281,Maharashtra,Android,Search,3,Easy to Use,471,1
c8f31646-dd23-4789-a662-06d82b86e290,Delhi,iOS,Home,1,Helpful,146,0
65f6efdf-c918-45cb-8c50-d7307173ee1f,Tamil Nadu,Android,Settings,4,Buggy,84,0
54a1ed0a-f083-4067-9faf-b7e67c5393ea,Karnataka,Android,Search,2,Helpful,372,1
bf82b767-ae2f-446b-bdfb-13ef1c90fe4d,Uttar Pradesh,Android,Home,3,Confusing,319,1
1606e275-ce70-46b2-92f4-39ca7ff8fde1,Delhi,Android,Notifications,1,Great UI,276,0
da1955ca-ce63-4388-ae9e-16dd77d42c1a,Tamil Nadu,iOS,Settings,2,Crash,334,0
3e67276b-d080-4295-a2c2-60c9eb1df73f,Tamil Nadu,Android,Search,1,Feature-Rich,55,1
e4670e40-a560-4628-934d-df95e20e113a,Tamil Nadu,iOS,Search,4,Buggy,279,0
2670641f-23b2-46a6-8300-3f797ea5f265,Delhi,iOS,Settings,2,Feature-Rich,513,0
e35ce57e-74bc-4d03-9df7-d9505fd145bb,Maharashtra,iOS,Home,2,Great UI,65,0
4f3c3953-82a4-451f-b451-e6d6f4e1c20d,Karnataka,iOS,Search,2,Helpful,456,0
38ac3721-8417-47d7-a545-abddbd5de7d1,Tamil Nadu,Android,Settings,3,Helpful,478,0
74b6717c-05ed-4053-a84e-eaa9432ba178,Maharashtra,Android,Search,1,Easy to Use,300,0
de4ce4dc-d721-4e1c-8c11-cbbb775d3530,Maharashtra,iOS,Notifications,5,Easy to Use,14,0
4c0b4bc5-9ad3-4f14-8eb0-c7663ae3623e,Uttar Pradesh,Android,Settings,1,Easy to Use,520,0
f7f0dbc5-6b04-4af3-b255-488fa4c13113,Delhi,Android,Search,1,Confusing,392,0
ad8fab39-b4d5-4efc-ac2a-70448bf63d03,Karnataka,iOS,Profile,1,Crash,481,0
2a1b2266-19e6-44fa-9bbf-47f2ac3a7aa9,Tamil Nadu,iOS,Search,5,Slow Loading,347,1
06c74986-a542-46a3-bce8-977b0b5a327b,Uttar Pradesh,iOS,Search,5,Great UI,226,0
94ecc58c-5e4e-4258-a0a7-1c94ff025845,Delhi,iOS,Home,1,Confusing,104,0
b42774aa-cdad-4a22-8a4e-4431da149421,Maharashtra,Android,Settings,1,Slow Loading,223,0
92c6e856-bf65-41bd-81ea-5417a9cd4d1a,Tamil Nadu,iOS,Profile,1,Buggy,512,0
5934d6ba-7e9e-4b9c-b0fe-6087a22dfd88,Delhi,Android,Search,1,Feature-Rich,534,0
cb5ba4f7-0b69-460e-935c-62599a318d5e,Tamil Nadu,iOS,Settings,3,Confusing,102,0
a618b662-61b1-4daf-9f09-4de95218d5ae,Delhi,Android,Settings,4,Crash,51,0
5a2ae2e3-8ca0-4ff5-8599-074cd2012eb0,Tamil Nadu,Android,Profile,4,Crash,307,0
1af2c4de-5d58-4d61-91fc-829b9aed6320,Karnataka,iOS,Search,2,Great UI,317,0
78145bb3-c7d6-4821-acb6-c14c3e485c15,Uttar Pradesh,iOS,Search,5,Slow Loading,574,0
4855d58d-3173-47e7-aa11-00a5e2c838b4,Karnataka,Android,Notifications,4,Confusing,106,0
6e9fd272-7822-43d8-9700-e6b66795f420,Uttar Pradesh,iOS,Search,3,Crash,525,0
f73c0773-8ede-4acd-888a-32f5d09eb7f2,Tamil Nadu,Android,Profile,4,Slow Loading,95,0
9869ab72-4403-4ff8-b115-e9871c8148aa,Delhi,iOS,Notifications,4,Helpful,281,0
fbd673b2-4054-4744-83b5-9b6cde5ecd75,Maharashtra,Android,Profile,1,Buggy,118,0
16449432-5bd2-4ae4-a63c-82dbc9a78b6b,Karnataka,Android,Settings,1,Slow Loading,185,0
2b2efcc2-1fdc-4827-b947-da660ad73fdd,Tamil Nadu,iOS,Notifications,4,Buggy,379,0
c53c13cc-57b6-4208-ac6c-fd31b46fcf5a,Tamil Nadu,iOS,Home,2,Great UI,24,0
53f0c468-bba6-416d-a2cc-b5697c3ef53a,Karnataka,Android,Home,2,Helpful,158,0
1e6ec749-3e1b-410f-9fd2-da23c4d5f766,Tamil Nadu,Android,Home,3,Helpful,161,0
afcfbb4c-d9f3-4566-ba55-f437f7b92575,Karnataka,Android,Profile,2,Helpful,506,0
a39a9ec6-6b32-4b3b-8e62-de236ee89f7c,Tamil Nadu,Android,Profile,3,Confusing,62,0
38ccc246-02ef-4d82-977c-6a0d1af84146,Karnataka,iOS,Settings,4,Buggy,47,0
6f6e5b76-06ff-44f7-85ae-7ff1a7cf2e35,Tamil Nadu,iOS,Profile,1,Slow Loading,442,0
c2a585f8-b197-4f6a-8f6e-fcc29facdf3e,Uttar Pradesh,Android,Search,4,Helpful,129,0
9d0ad31c-9224-430f-973e-392aa0722e2a,Delhi,iOS,Settings,1,Great UI,304,0
6cb18ef3-6e25-44a3-8bfb-b0f0f21b6c4d,Tamil Nadu,iOS,Settings,2,Easy to Use,357,1
4c36aa1a-1ae9-43af-9259-7698021a2e67,Tamil Nadu,Android,Search,4,Confusing,378,0
eb1c4e9d-5138-4cd2-9674-dfdf2c31f587,Maharashtra,Android,Search,1,Helpful,142,0
c5439b1f-f420-40e7-bd22-5c198b12025a,Maharashtra,iOS,Home,4,Helpful,320,0
f25420ab-84cf-4baf-ba88-5cc06033d2b9,Uttar Pradesh,Android,Home,3,Buggy,375,0
eb8bc9d1-764d-4ab6-977c-91565ee30a6f,Maharashtra,Android,Home,3,Confusing,126,0
1912d382-c17b-4365-92e8-4f1eb75a6fef,Karnataka,Android,Settings,3,Feature-Rich,373,0
b413a2ff-04e1-4d56-b870-104745125906,Uttar Pradesh,iOS,Profile,5,Crash,61,1
6e417056-c12f-45d1-b241-eb6dd0391543,Tamil Nadu,iOS,Home,1,Crash,585,0
da5c4030-a3ef-4d5b-b200-93ee8482b714,Karnataka,Android,Home,2,Feature-Rich,170,0
f0163252-c6b8-4bf8-a9e3-c14ba3495b03,Tamil Nadu,iOS,Home,2,Feature-Rich,352,0
36c59009-5099-4f0b-8ab7-9845e2ea2d8b,Karnataka,Android,Settings,4,Slow Loading,261,0
f6881ff5-fdf9-4f79-a9c7-159a2a207879,Tamil Nadu,iOS,Search,5,Great UI,97,0
2ddb9c6b-a2fb-4863-a8a7-4fe8f1085329,Tamil Nadu,iOS,Profile,2,Confusing,243,0
ccdeb4a0-e26d-4640-892e-4c07cdaf70b1,Tamil Nadu,iOS,Settings,4,Feature-Rich,40,0
e1435533-7d41-4c01-99d6-4ef5e7d63e3f,Karnataka,Android,Home,3,Feature-Rich,421,1
9eff558e-4b5c-4110-93d8-c0eeb9a24a82,Maharashtra,iOS,Home,4,Slow Loading,164,1
6ddfcb5f-b1e4-4af3-837f-0507749d4532,Karnataka,iOS,Settings,4,Buggy,331,1
3f061363-0dc5-4b96-a9be-489006976372,Karnataka,iOS,Notifications,5,Great UI,423,0
78789ef7-2e14-48da-8a29-b20ccd98c0a1,Maharashtra,iOS,Search,4,Easy to Use,318,0
6b5a86d4-2bb6-483e-942a-52e58711a5ad,Uttar Pradesh,iOS,Settings,2,Buggy,228,0
434c873c-51df-4fc5-8a3c-47892af23f40,Uttar Pradesh,iOS,Notifications,3,Great UI,33,0
d7d9ef96-7ca3-4cac-aae0-158861e36b17,Uttar Pradesh,iOS,Profile,3,Confusing,527,0
774b2f99-b66a-4706-bd6c-0fc2ae368524,Karnataka,iOS,Search,5,Feature-Rich,136,0
2f03adb7-1b16-4261-86b3-46bb9baaa3fb,Karnataka,iOS,Search,5,Slow Loading,474,0
1c724ab0-a83a-4010-a548-d07ef68cc370,Maharashtra,Android,Search,3,Buggy,596,0
6c1a5c8f-5d62-4ed5-9adb-e4e11c2c0ac5,Tamil Nadu,Android,Home,3,Easy to Use,379,0
f82a2e4f-a57d-4235-8eb3-605efa1ac313,Maharashtra,iOS,Settings,1,Crash,73,0
20536be1-c0a4-4a1b-bc6a-ad0c6fea5a2b,Maharashtra,iOS,Profile,4,Crash,388,0
a4b9edd2-1e73-485d-a1b6-71e9b58b346b,Tamil Nadu,iOS,Search,5,Helpful,443,1
8f9ef27a-52b0-4371-b871-fd048ff7436d,Tamil Nadu,iOS,Profile,2,Great UI,506,0
5dc10224-6ab6-4ceb-b7cc-0fec9828ea5e,Maharashtra,Android,Profile,4,Helpful,43,0
94ba8227-442e-42cb-bfc8-e4332fc4e218,Uttar Pradesh,iOS,Home,5,Confusing,122,0
f6ad5a5d-34d3-4064-9823-d95c6e1e4fdf,Uttar Pradesh,iOS,Home,5,Great UI,130,0
d8e9b096-17d3-4256-8bb9-2d5efc722f15,Delhi,iOS,Search,4,Slow Loading,156,0
d82fd3a3-d29d-4eff-94e0-55aa4b3d3b33,Uttar Pradesh,iOS,Home,3,Buggy,230,0
12498f41-1541-47d3-81eb-5986d2dab665,Tamil Nadu,Android,Home,5,Feature-Rich,79,0
5a760f1c-0939-43ab-94f4-23156a0a5463,Tamil Nadu,iOS,Notifications,3,Helpful,355,0
548c9d57-6c90-420b-bc84-04ac66fea280,Tamil Nadu,Android,Profile,5,Helpful,470,0
180957cb-d914-46bc-8778-2be00492d0c7,Maharashtra,iOS,Home,5,Confusing,406,0
ff92ea9e-1270-47dc-9b6b-a4e7c39d6dc9,Tamil Nadu,iOS,Notifications,1,Helpful,294,0
b3bc3077-17fe-4b62-9810-4b1d095f7fad,Maharashtra,Android,Notifications,3,Crash,582,0
1f96005b-c403-4d33-a5c6-45b4250bc7f2,Uttar Pradesh,Android,Notifications,5,Easy to Use,497,0
63925ae6-c325-4bf7-837a-398d9e94815f,Karnataka,Android,Notifications,2,Slow Loading,291,0
8d7f0abe-815c-497e-a72a-331cf6264e5b,Maharashtra,iOS,Home,5,Feature-Rich,421,0
81f24412-1291-4068-8703-7aeaf42c7851,Tamil Nadu,Android,Search,4,Great UI,434,0
b9e9b6fc-2260-43aa-af60-75ea271d4478,Uttar Pradesh,iOS,Settings,3,Crash,127,1
eea98a06-5ece-488a-bc9a-4d7a73e53e6f,Uttar Pradesh,Android,Search,2,Great UI,271,0
c0ed1a07-ff72-4157-9991-c7dd64522f06,Maharashtra,iOS,Settings,2,Slow Loading,343,0
ce8b1eb9-e8a7-4123-8cb5-440ec82a31e2,Karnataka,iOS,Settings,1,Feature-Rich,155,0
fee161aa-1024-4ea2-bc5a-b31302cdb4f1,Delhi,iOS,Settings,1,Slow Loading,217,0
d2653910-515c-4fd7-a603-161a5c96a841,Uttar Pradesh,Android,Settings,5,Confusing,127,0
93d7fc97-18e6-4927-9854-300f96480ef1,Delhi,iOS,Notifications,4,Crash,505,0
33846adc-70b2-43a3-9368-f218470ed704,Maharashtra,Android,Search,5,Crash,262,0
4deec3db-0fb2-40ac-9daa-c379064ed073,Maharashtra,iOS,Notifications,4,Helpful,95,0
ba35f29f-6dea-43fd-bd70-6f8b6e97b197,Uttar Pradesh,Android,Profile,3,Great UI,261,0
1f02bd3e-a8ce-41c3-ae50-c8708c7f10f1,Tamil Nadu,iOS,Home,1,Helpful,306,0
04455bd6-db29-4fcc-bf7a-208398adbc85,Maharashtra,Android,Home,4,Buggy,266,0
9125954f-2e32-4f1e-a89b-4bf86c7591df,Tamil Nadu,iOS,Profile,5,Buggy,56,0
8fe68c23-1263-4160-bfa4-aef83413370a,Uttar Pradesh,Android,Search,1,Confusing,135,0
5969aad8-1dc1-443b-a125-5ce702144da3,Uttar Pradesh,iOS,Settings,2,Feature-Rich,360,0
54e4ebe7-b570-4868-87e5-e3b19474b4d0,Tamil Nadu,iOS,Profile,3,Feature-Rich,225,0
fd44e20d-6315-4094-982e-74f7d5bb9826,Uttar Pradesh,iOS,Home,2,Slow Loading,497,0
f99af8db-a097-46b5-90c7-504a84de5c12,Karnataka,Android,Settings,5,Helpful,412,0
53beaa15-5bda-47de-850e-8516b188d3bc,Karnataka,Android,Settings,1,Feature-Rich,395,0
a0ff0a32-526e-47b1-9aa4-29738ae29fdd,Delhi,iOS,Profile,1,Crash,483,0
886f2b30-205e-48f5-9348-3d90a204d466,Maharashtra,iOS,Home,2,Slow Loading,297,0
17aa7f9b-8d87-45de-b654-4203f4808117,Delhi,Android,Home,5,Buggy,236,0
0b7c8a4d-0992-40a4-8dc1-c8f44d2e52b8,Tamil Nadu,iOS,Home,3,Helpful,224,0
b2ab23d7-5139-4bde-8d7f-da7091aedc3c,Tamil Nadu,Android,Search,5,Helpful,184,0
7ae3be5f-ea2b-4db4-b291-ae9675cb8fab,Uttar Pradesh,Android,Home,5,Great UI,76,0
c7560607-528d-43ba-ad12-0046bb3e3b6e,Uttar Pradesh,Android,Notifications,3,Easy to Use,33,1
1ed09ebb-3aa8-4969-a61e-af9910994da1,Uttar Pradesh,iOS,Notifications,4,Slow Loading,447,0
b5a0188d-6ff0-455b-9b8f-b119ac3430a0,Karnataka,iOS,Settings,4,Buggy,134,0
335094e7-bbac-48eb-8178-e1f4969bdd45,Tamil Nadu,iOS,Search,5,Slow Loading,239,0
09288810-8a1d-4211-aacb-81de229844e2,Tamil Nadu,iOS,Search,1,Confusing,209,0
a5459e49-e719-4407-8db4-5b31861b2bdf,Uttar Pradesh,Android,Profile,4,Crash,265,0
8157769e-f2bc-48f5-a741-bda2d0fc3864,Delhi,iOS,Home,1,Slow Loading,501,0
09d373c7-a428-4bef-b193-34847078274d,Karnataka,iOS,Search,2,Crash,494,0
0c5f98b0-7eba-4db9-8b21-16878cbeef2d,Delhi,Android,Search,5,Easy to Use,84,0
3109a737-1e25-4cef-9bdb-f3d93d17b845,Uttar Pradesh,iOS,Home,4,Crash,97,1
a24c8cbb-3d5e-4a21-8572-4e33314455d0,Karnataka,iOS,Search,1,Great UI,73,1
97bd8ad2-a45b-4350-ba33-36ae6d19d10f,Tamil Nadu,Android,Search,5,Confusing,77,0
71625195-0932-42d9-a8e7-e5e3ed3b41ba,Karnataka,Android,Search,4,Confusing,108,0
6cd2179a-c77d-4e3c-98fa-937d95081100,Tamil Nadu,Android,Notifications,5,Slow Loading,474,0
4593be65-03a2-4d6a-be7c-3f520252b4a3,Tamil Nadu,Android,Search,1,Helpful,539,0
e3c3684e-be3f-4206-a389-45bdee4e8ef2,Maharashtra,Android,Home,1,Crash,208,1
19bf2277-80b4-48d8-9a0c-a83d49cd17f7,Maharashtra,iOS,Search,4,Helpful,465,0
944b76ce-e642-4fa2-944a-7d2c879d6456,Maharashtra,Android,Home,2,Buggy,456,0
5eb2ae72-1104-4bf3-bed7-21465478901f,Delhi,iOS,Notifications,5,Great UI,160,0
68558348-5a75-47a8-aca9-530765f95f4f,Uttar Pradesh,iOS,Search,3,Slow Loading,540,0
947deef2-7071-472f-99d3-4db98e858f01,Maharashtra,Android,Profile,5,Slow Loading,442,0
39d9c0e6-9de8-49ee-999a-d923492e8318,Maharashtra,Android,Home,3,Easy to Use,497,0
2dce7f4c-4d1d-4beb-91dc-e740b7dac479,Tamil Nadu,iOS,Notifications,5,Feature-Rich,316,0
42fff31f-eafb-472e-93d6-105f673e8a88,Maharashtra,Android,Settings,1,Helpful,234,1
7865ba4e-4d34-4518-a5b3-54980df7b2c2,Maharashtra,Android,Settings,5,Easy to Use,254,0
6a96cd64-6a9b-4bb1-9089-7c2163c1afde,Delhi,iOS,Profile,4,Great UI,16,0
9b2ee3d0-d999-4d11-8577-11080c225ae4,Karnataka,iOS,Home,5,Crash,155,0
2e80a140-44a6-4056-8666-72fd69a326b7,Maharashtra,iOS,Home,1,Easy to Use,212,0
ad3d8159-2f87-43bf-8fbe-7bad931b2417,Maharashtra,iOS,Profile,3,Easy to Use,192,0
c12c5e81-d086-4974-949c-0f6373c626c5,Maharashtra,iOS,Home,1,Great UI,398,0
0ffbff09-9363-4c71-8e98-5642caf31836,Karnataka,iOS,Profile,3,Helpful,255,0
94d976e4-c7f3-411b-858c-8c638cc5cf4b,Delhi,Android,Notifications,5,Confusing,76,0
8eafc643-2a62-444c-8600-522dc89c6db3,Maharashtra,Android,Profile,5,Confusing,393,0
e197a888-3395-40f9-a720-77d790e4c4e7,Tamil Nadu,Android,Home,5,Easy to Use,558,0
59d05242-7aed-4ed2-bc15-c1e29e326465,Maharashtra,iOS,Profile,1,Buggy,139,0
60efc847-566c-4642-87e5-831233d5ae65,Uttar Pradesh,iOS,Profile,1,Helpful,76,0
448092f3-fade-4085-b85b-0a40c8f9244f,Tamil Nadu,iOS,Settings,5,Helpful,193,0
765d70d1-f6e0-4031-84fe-4fdb68f78473,Delhi,iOS,Settings,4,Buggy,420,0
7947fa1b-21f5-44e4-af97-8441cdbb0c3d,Uttar Pradesh,Android,Profile,2,Easy to Use,472,0
73843697-fc7d-4e48-93c0-80f987f2889a,Tamil Nadu,Android,Search,4,Confusing,595,0
2bf2e8b6-d3a2-4afd-9723-48220a7a8bd0,Delhi,iOS,Notifications,1,Great UI,96,0
3226f686-311f-4ba1-83e3-085f97c31287,Uttar Pradesh,iOS,Profile,5,Slow Loading,486,0
d4c48129-3439-4421-bb4b-57a434d6408a,Delhi,iOS,Settings,4,Confusing,428,0
121f8ab1-89f0-4963-b6ab-f34fac8b0070,Tamil Nadu,iOS,Search,4,Slow Loading,193,0
068a6f63-e3b0-4120-91af-3f09b1c8d7a4,Delhi,Android,Search,1,Buggy,523,0
a708f09a-5bf7-4294-a09d-d3819c161826,Karnataka,iOS,Profile,1,Crash,83,0
caf4398c-4374-4cf9-84f3-5b368333cb16,Uttar Pradesh,Android,Search,2,Feature-Rich,266,0
258529fc-b5b6-4e03-9b05-65efec9d145a,Delhi,Android,Notifications,2,Buggy,18,0
5a87ec62-fbe3-4c48-9a9b-dd4f5bfbd021,Delhi,iOS,Settings,4,Slow Loading,493,0
d5215271-97d0-4548-9d23-93343ffef551,Maharashtra,iOS,Profile,2,Easy to Use,495,0
212af2bc-110a-4c2c-b39d-acd91ac989f8,Uttar Pradesh,iOS,Settings,3,Crash,330,0
d476d970-9a56-44d6-98de-ff0f6d515ca6,Tamil Nadu,iOS,Profile,4,Helpful,581,0
5356c9f2-43e4-409e-8d3e-090d2bf3fbf8,Maharashtra,Android,Search,1,Helpful,373,0
72ebd0fa-3b77-46c4-99f6-ad1f3cbf2c64,Tamil Nadu,iOS,Settings,5,Buggy,343,0
6ba3a035-4c3b-43fb-830d-4ae91b01f992,Uttar Pradesh,Android,Profile,2,Feature-Rich,591,0
8866c158-63ca-4f65-8555-f75cb5f863fd,Uttar Pradesh,iOS,Settings,2,Confusing,75,0
2fa5b97e-0c37-4cb6-86dd-5a10df70e62a,Maharashtra,iOS,Home,3,Helpful,321,0
247d218b-5d7d-4420-9070-6fe81b4b8cbe,Karnataka,Android,Home,5,Helpful,37,0
dcafe8d9-1a6f-43e4-872c-9ac061dbaeef,Karnataka,iOS,Search,2,Easy to Use,308,0
c1a3ba09-889b-4b51-92b7-0933445637c6,Karnataka,iOS,Home,3,Slow Loading,185,0
ea14dbda-1ce4-47d8-86d4-e8d98b8e5457,Tamil Nadu,iOS,Profile,1,Great UI,559,0
32fdcd12-495e-4955-99e9-ba081c04bfbc,Karnataka,iOS,Profile,2,Easy to Use,327,0
0a1551d6-f2f5-4416-ae80-a853a4c86a18,Tamil Nadu,Android,Notifications,5,Buggy,217,0
8a36b8b7-6490-4254-b590-72aa380f4d64,Tamil Nadu,iOS,Profile,1,Great UI,466,0
548af1b4-bace-4c50-a381-756f00541232,Tamil Nadu,Android,Notifications,3,Helpful,481,0
6d86f830-a448-4447-a632-f9bad8efbfa1,Karnataka,Android,Search,4,Feature-Rich,314,0
f6d95773-712b-4002-b8cd-4332be57592f,Maharashtra,iOS,Profile,2,Confusing,478,0
bcdb5835-1b5a-4e06-b412-5de0c8952738,Maharashtra,Android,Settings,1,Easy to Use,171,0
7481b31e-744d-483c-97b8-fb0bfeca5ae0,Uttar Pradesh,iOS,Home,2,Helpful,431,1
bc4669b8-a74c-43d2-bd45-f6d918fd7cb5,Uttar Pradesh,Android,Search,1,Crash,526,0
5790b579-0d9d-4b2a-98e2-2b330507a039,Delhi,iOS,Settings,2,Buggy,222,0
006c723f-6332-4793-ad13-86fb06d424d3,Tamil Nadu,Android,Home,4,Confusing,361,0
8ab7b791-57dd-4bfd-9a90-8851a8dc0040,Maharashtra,iOS,Home,1,Buggy,127,0
b7332135-b608-4bb0-89ba-05735743e3a7,Maharashtra,iOS,Settings,4,Helpful,79,0
a4996a93-c4be-47ab-9e05-cbbb3fe49a24,Maharashtra,iOS,Profile,4,Buggy,175,0
f86eb94a-2912-4d97-8a6b-03898791d0cc,Karnataka,Android,Profile,3,Crash,557,0
ee35cf77-55ab-4db6-921f-1f00ac78edef,Maharashtra,Android,Home,3,Great UI,461,0
a4286fb0-e988-4cc5-9539-b8bf7f748334,Maharashtra,Android,Notifications,2,Helpful,58,0
e0f78c76-6f2a-41b3-a4f8-3de78da4ff07,Uttar Pradesh,Android,Settings,3,Helpful,63,0
9a1bc622-407b-44f7-b88f-46cb6a23f927,Karnataka,iOS,Profile,2,Feature-Rich,254,0
3ba7e0aa-9992-46d4-a78f-f9484c311dbb,Karnataka,iOS,Home,1,Feature-Rich,206,0
5fdf52ba-90bb-4e4a-9572-6c9c46fce26b,Karnataka,Android,Home,2,Great UI,55,0
bf7cca50-330f-475d-b1c3-ba8a3fb86420,Karnataka,iOS,Search,5,Easy to Use,222,1
13c8e3ff-25d7-47cf-8f24-1db0dbf9c82e,Tamil Nadu,iOS,Home,2,Easy to Use,118,0
e7ee818f-f7f0-48b3-966a-53efedcd8a6c,Maharashtra,Android,Settings,3,Slow Loading,408,0
19f6e630-e220-4db1-9f70-9dde0f3d6e43,Maharashtra,Android,Search,5,Feature-Rich,54,0
e8263a4f-cfc8-4473-b9ff-84e0ee764c17,Maharashtra,iOS,Search,5,Helpful,114,0
ec2637f5-2829-4850-a7e8-601d29d80a33,Uttar Pradesh,Android,Search,1,Feature-Rich,407,0
43857226-1814-4479-b117-b6dcd90613e0,Maharashtra,iOS,Profile,3,Helpful,79,0
d27a0f6b-64ca-4f45-9505-0692a31c42db,Uttar Pradesh,iOS,Settings,5,Easy to Use,525,0
c6137f31-1629-4577-bfa2-b126f009c550,Karnataka,Android,Home,5,Crash,326,0
32114ffc-410f-4a5f-bf94-8ad150d57b49,Tamil Nadu,Android,Notifications,1,Slow Loading,150,0
f9631c86-f8b7-4025-9a6f-8af5f514610a,Delhi,Android,Profile,4,Easy to Use,48,0
a81bf252-f854-4cec-9a2a-33bcc8f1659d,Uttar Pradesh,iOS,Search,2,Buggy,335,0
94bc229d-3e95-4539-888f-7d7a0f0a9e58,Karnataka,iOS,Search,1,Easy to Use,349,0
0213cf3a-8f93-4545-b151-a52f0217db31,Maharashtra,Android,Profile,2,Confusing,543,0
d9569a23-b167-41ba-ae32-ce0da101713d,Tamil Nadu,Android,Home,4,Crash,207,0
5b0d6ec1-ea74-4975-bf2f-801d882a90d5,Maharashtra,Android,Profile,1,Great UI,572,0
44725c87-d376-401c-8f68-b45bba08f485,Maharashtra,Android,Notifications,1,Confusing,488,0
379055d3-e9f1-4d26-9671-471ed2d0aead,Maharashtra,Android,Settings,2,Easy to Use,320,0
506e3071-ffeb-4af4-8364-e62e36753a71,Tamil Nadu,Android,Search,4,Crash,378,0
745fab7e-0071-4b85-99c0-e2d627e0a1df,Maharashtra,iOS,Settings,4,Confusing,169,0
078d4e92-e9c0-4675-9b4d-017fef9e1ead,Tamil Nadu,Android,Settings,4,Crash,317,0
6a081ddc-058d-4c83-9fcd-8664fcd96183,Maharashtra,Android,Search,4,Helpful,323,0
eddcd295-ea2e-476b-be56-6ddd5adf6113,Tamil Nadu,iOS,Home,3,Great UI,490,0
0d3a9e1e-bac0-4af2-a7ec-66e21d7f9681,Maharashtra,Android,Home,5,Feature-Rich,513,0
0ff14cc1-a059-4851-b96e-caf70d64dc26,Tamil Nadu,iOS,Search,4,Helpful,325,0
1f5fca78-c5f4-4ebb-bd6d-a2be91ebf7dc,Uttar Pradesh,Android,Settings,1,Crash,404,1
7c0d1d86-be0b-4a0a-af53-fc9096db15cb,Maharashtra,Android,Settings,3,Feature-Rich,531,0
bf38b265-bebd-493a-a361-16a4643d284f,Delhi,Android,Settings,4,Easy to Use,258,0
2a6c82ae-34e6-4be6-9932-8b93ed61a5ac,Delhi,Android,Profile,3,Helpful,160,0
59f5b63d-3a16-47dc-8c09-9e71a885ace0,Uttar Pradesh,Android,Home,1,Crash,403,0
6aae6abc-467d-4ef5-8236-b22f5877d824,Uttar Pradesh,Android,Notifications,2,Confusing,179,0
e11c5eef-b5a6-460d-828c-63c8989ae443,Delhi,iOS,Notifications,5,Confusing,325,0
79843cb0-c7b3-434f-a9f6-26a2cc083d34,Karnataka,Android,Notifications,3,Great UI,285,0
afe2ab48-79f5-4c01-920a-7f53ccbfd0e1,Tamil Nadu,iOS,Home,2,Helpful,11,0
6b7640dd-29d1-4af6-a219-7b52510c3d12,Tamil Nadu,iOS,Search,4,Great UI,190,0
f19fbaf6-316e-4b89-b7f4-c9b50022e4c4,Maharashtra,Android,Settings,2,Crash,471,0
09616936-1051-4e8b-aeb9-7a049ad0d525,Maharashtra,Android,Profile,1,Great UI,206,0
6ea6b130-6370-41d9-8bd4-510f106a4c31,Tamil Nadu,iOS,Notifications,1,Great UI,91,0
9f6ab51d-743e-48a8-b067-3b0ca78c7ae4,Tamil Nadu,Android,Search,1,Feature-Rich,40,0
9ecf4450-f0e0-4987-8ab1-8487c74c40eb,Tamil Nadu,iOS,Home,1,Slow Loading,282,0
8e40b03c-221f-4756-9add-2a50c4df3f5c,Karnataka,Android,Home,2,Slow Loading,394,0
260c2caf-ec2f-4dbd-bd00-1e5fad33d782,Delhi,iOS,Settings,3,Confusing,354,0
92c873be-dde7-48de-a9f4-169107e14183,Delhi,iOS,Profile,3,Confusing,397,0
d72b5874-b4bc-452c-afda-da304db821d5,Delhi,iOS,Home,1,Helpful,421,0
50047e21-b6ae-414e-a314-e8ca29439914,Maharashtra,Android,Notifications,1,Buggy,264,0
e355a707-d631-4e07-a84a-c08616ba3f87,Uttar Pradesh,iOS,Notifications,4,Easy to Use,13,1
0cb4b17a-6175-4bf8-8168-92538fe71b66,Delhi,Android,Search,1,Feature-Rich,464,0
d109b418-68a2-43a4-84ce-26a45ef291a2,Tamil Nadu,iOS,Notifications,1,Feature-Rich,448,1
3182a7eb-ce84-41a6-88d6-8228ae7e14de,Tamil Nadu,Android,Settings,3,Easy to Use,156,0
f51e78a4-c3a1-4bd7-bcd8-e0ab60e3ef9b,Uttar Pradesh,Android,Profile,4,Crash,318,0
3c020331-4abc-4161-8d54-d213e7bb24d3,Uttar Pradesh,iOS,Profile,4,Crash,503,0
1c4e3747-114c-48b7-b0c8-cb6b59c3a96b,Maharashtra,Android,Profile,2,Crash,118,0
633ddb49-6fbb-4f19-92be-c2445ebcb446,Karnataka,Android,Search,4,Buggy,235,0
5e5427c1-ded1-4876-8ccd-7996d5f18bae,Tamil Nadu,Android,Profile,5,Helpful,102,0
0cd8b5b9-d20b-42a2-a860-de78f97885fb,Delhi,Android,Notifications,5,Crash,361,0
6eaa9add-3ab6-445f-a20e-ba3c05763b32,Tamil Nadu,iOS,Profile,2,Buggy,128,0
431f6bf9-6487-477b-b486-bc0b628e3282,Karnataka,Android,Search,5,Easy to Use,128,0
5ac3e4b0-4a03-475f-866e-13a5bb6d13a1,Maharashtra,iOS,Settings,5,Slow Loading,328,0
89037328-e43b-41c3-84f9-da07797ee0c4,Uttar Pradesh,Android,Settings,4,Feature-Rich,383,0
d438bc55-3ab8-4625-abae-6315554b43d5,Maharashtra,Android,Home,4,Slow Loading,561,0
2a815d82-c5af-4d85-8e70-16ef20c50d94,Delhi,Android,Search,2,Helpful,476,0
878d6868-4fd5-4ab0-b09a-c827d0c8b68b,Delhi,Android,Home,5,Feature-Rich,326,0
94c0bacb-b69c-477f-96b4-210b25998100,Karnataka,iOS,Notifications,4,Easy to Use,516,0
fdb0999f-1cf4-4e72-a9ac-8172b573c95b,Tamil Nadu,Android,Search,2,Easy to Use,240,0
46e9bb05-53d8-40a5-aef8-7f1ace503c2a,Karnataka,Android,Settings,4,Buggy,173,1
42a6fd4e-d58e-4078-bb8d-26764d875c98,Uttar Pradesh,iOS,Search,4,Helpful,366,0
8b9774c5-8d41-4e36-87fa-38aad33b0f07,Tamil Nadu,Android,Notifications,3,Buggy,209,0
46acb4b1-416a-4179-906d-4fce6bc234bd,Uttar Pradesh,iOS,Home,2,Feature-Rich,65,0
20cc2753-e6f5-41af-8b24-2c6c4a065cda,Delhi,iOS,Profile,5,Great UI,462,0
7320b4a7-dbce-485d-b552-b7399a690de2,Delhi,Android,Profile,2,Easy to Use,19,0
6c6a3e5e-1840-48d6-9b9d-16d9888b345b,Uttar Pradesh,Android,Profile,4,Confusing,182,1
d61aceb2-e229-417c-87b1-e82605469d5b,Karnataka,iOS,Settings,2,Slow Loading,130,1
f1f6ee1f-6ccf-49cf-bffe-afdfa0e4f7f1,Delhi,iOS,Profile,4,Easy to Use,44,0
38efd6b2-015d-4136-8fa6-a137f84c5c0b,Tamil Nadu,iOS,Search,5,Great UI,394,0
23dd0f51-b5c7-4a2f-9e34-425213adc621,Karnataka,iOS,Settings,3,Helpful,386,0
3a4e376b-d3e2-489c-88cf-c41cdc8eb75b,Karnataka,Android,Home,4,Easy to Use,33,0
1d9e13d5-1aa6-4372-a0fa-ed3434449383,Uttar Pradesh,iOS,Search,1,Great UI,403,0
c8118eda-37c4-4710-b516-ca40e6b90657,Tamil Nadu,iOS,Notifications,2,Crash,343,0
1144c299-dc65-44a3-af61-66ba1c032221,Uttar Pradesh,Android,Settings,1,Confusing,579,0
56c863c8-bdcd-4c54-8207-86881f0c99ec,Uttar Pradesh,iOS,Home,5,Crash,222,1
b8914d7b-e9f6-49c1-91e2-ee9776bf5946,Karnataka,Android,Notifications,2,Slow Loading,578,0
3fd96f98-4b73-4cb1-a844-fa645a1d5e5b,Delhi,Android,Home,2,Easy to Use,175,0
e3f89303-3bbb-4752-9cf3-f978c933c107,Delhi,Android,Home,1,Buggy,382,1
4aa54f69-c7be-4b90-aded-17898d577746,Maharashtra,iOS,Home,2,Buggy,57,1
c1cf7be3-0ca1-41de-b978-32b99b848ba3,Uttar Pradesh,iOS,Notifications,4,Great UI,600,0
9fbf2154-8e8d-4148-b308-c6be117ef058,Delhi,iOS,Notifications,5,Easy to Use,111,0
96b3e134-99f7-419b-ba32-fadfff2bfc9d,Karnataka,Android,Home,2,Great UI,316,0
874e946d-24a3-43a1-8da9-c33150b384ef,Maharashtra,Android,Notifications,5,Easy to Use,377,0
4c973fe3-aa6f-4bf3-99b5-8b48670486c5,Uttar Pradesh,iOS,Home,5,Buggy,276,0
cb6832d6-df80-40ee-9999-1708087dddaf,Maharashtra,iOS,Settings,1,Buggy,445,1
75f6dab4-efb9-4d52-9b1f-38c8445b3018,Maharashtra,Android,Home,3,Easy to Use,391,0
dc26f105-5af6-4053-b083-1672ceeb49f1,Uttar Pradesh,Android,Settings,2,Feature-Rich,454,0
6a206641-6e19-4478-9ba2-3263ca79756f,Uttar Pradesh,Android,Home,3,Crash,554,0
4932a437-3aeb-4973-966e-0adec4e6cdc5,Uttar Pradesh,iOS,Home,3,Crash,381,1
d6788fb9-998b-404d-90a9-f13f1586aa3d,Delhi,Android,Profile,3,Slow Loading,110,0
22724ca3-a81f-4ec1-8162-12fcab091b35,Maharashtra,iOS,Home,1,Great UI,549,0
e42eda4a-44e5-4505-8b55-da3ca93ab03e,Delhi,iOS,Home,5,Feature-Rich,595,0
7f9aa37e-92b7-4ed1-826b-d0cadbc638c3,Uttar Pradesh,iOS,Notifications,1,Slow Loading,184,0
35ff0a5a-0d4b-4195-b73f-085a2e7ee17a,Tamil Nadu,Android,Search,5,Confusing,498,0
670a7e8f-481b-4eaa-a6d8-f6137cf29f11,Delhi,Android,Notifications,2,Great UI,156,0
77e2d05a-d4cf-4b89-a537-41355af46211,Delhi,Android,Search,2,Confusing,478,0
039baee7-d456-4245-8297-8476bf214a3c,Delhi,iOS,Notifications,3,Buggy,448,0
6c8333a5-c73b-4bde-a492-0649e3d8038a,Maharashtra,iOS,Home,3,Confusing,330,0
89eec4e9-ef48-4e60-b5b9-3521ddb24c0e,Karnataka,Android,Profile,1,Great UI,599,0
6d62cea4-832b-432b-a7b1-dc74db3ca7e3,Delhi,iOS,Home,4,Great UI,501,0
268ab4cb-018a-4680-930b-923fdead547f,Uttar Pradesh,Android,Settings,1,Easy to Use,17,0
398c56b1-a856-404b-a7b8-95f21ee198b3,Uttar Pradesh,iOS,Profile,5,Slow Loading,469,1
396ac8f5-1048-4915-b4fe-80b6e083eba9,Uttar Pradesh,Android,Profile,1,Feature-Rich,146,0
884274b1-8e6c-491d-ae3a-d71e1206c822,Karnataka,iOS,Settings,4,Great UI,392,1
6d9912cc-a168-4bab-8c2e-0f19ad9bc171,Delhi,Android,Notifications,1,Buggy,316,0
52e871b8-0650-44e9-b370-0087bab236eb,Delhi,Android,Home,5,Confusing,232,1
447dc019-91a5-45c5-9969-26feae230cd3,Uttar Pradesh,Android,Settings,5,Helpful,68,0
929403b7-e86e-4c80-af62-bb2603561cb8,Uttar Pradesh,iOS,Search,3,Feature-Rich,119,0
40bb3873-c005-46cd-a5e4-5a48865ecaf9,Maharashtra,iOS,Search,1,Crash,451,0
404a08f2-f055-4af9-bc55-a880ab15e68e,Karnataka,Android,Settings,1,Helpful,17,0
bedf122f-4bfb-4f51-bff2-980bceeb7510,Delhi,Android,Settings,4,Feature-Rich,316,0
6dd10ab1-9ce9-4524-98c7-63ed35dcbdb2,Maharashtra,iOS,Home,4,Helpful,175,0
85f47ee6-9bfe-4e0f-978f-f40b8e290d82,Tamil Nadu,Android,Search,2,Crash,204,0
0340ffe7-bded-4499-8e36-ff2eac10cf7d,Maharashtra,iOS,Settings,3,Slow Loading,174,0
d22c51e1-87ed-43e5-9fef-7f5760b988db,Tamil Nadu,iOS,Home,4,Helpful,573,0
9f01c280-924b-4ef0-b95d-400ac7071f5d,Maharashtra,iOS,Settings,5,Confusing,144,0
87384dd1-ce06-4c30-a7e2-b59cb323887b,Karnataka,Android,Profile,2,Feature-Rich,522,0
e9908033-93a8-41e5-a2cb-e8f148c56259,Maharashtra,Android,Search,4,Slow Loading,454,0
1cc4be59-e694-4510-89b4-6a558aceccd9,Delhi,iOS,Home,4,Easy to Use,166,0
84c2b012-17fe-401e-bd93-eeb92dc6953b,Maharashtra,Android,Search,1,Buggy,263,0
dfb6705e-33cb-49ad-b00e-7df0eaf52484,Tamil Nadu,Android,Settings,1,Great UI,203,1
ca9b10f3-84f7-4b48-a54d-7e0ecf907961,Uttar Pradesh,Android,Profile,1,Great UI,420,0
8327c2a3-daa5-45cd-b2e2-bf7bc38c25ec,Maharashtra,Android,Settings,1,Easy to Use,103,0
696ae213-8dd3-4527-98b1-fae0adf28a6a,Tamil Nadu,iOS,Notifications,3,Easy to Use,237,0
a9b15d0f-5065-479b-9b40-076ebb7c45bb,Tamil Nadu,Android,Notifications,4,Slow Loading,321,0
c6a32f54-3278-489c-960f-02b698bb48e3,Delhi,iOS,Search,4,Easy to Use,337,0
59789c63-074b-4277-b91c-b56677bccd83,Maharashtra,Android,Home,1,Feature-Rich,227,0
eb1476b7-3cd7-45b4-ae00-109b082bc160,Delhi,Android,Settings,2,Buggy,513,0
5044e8fb-f6f5-447f-ad2c-37ebbc5e1152,Delhi,Android,Home,1,Great UI,349,0
7791bc92-31e1-4080-8209-1f1aff47ed62,Delhi,iOS,Profile,3,Easy to Use,403,0
d6af17d8-c6b4-4bba-8020-9eb35cf390e7,Karnataka,Android,Notifications,1,Slow Loading,205,0
e9ee73a8-5411-4b5e-97ed-4a49c703a2f0,Tamil Nadu,Android,Home,5,Feature-Rich,318,0
8b6e4ad4-04fb-46b5-842f-6e46c349bc5a,Maharashtra,Android,Home,2,Easy to Use,438,0
fe0db9cc-27ce-4b1f-a743-d3452960d063,Delhi,iOS,Search,4,Crash,456,0
0898c1e8-9c08-4c5e-a23f-9790191fad98,Tamil Nadu,Android,Profile,5,Buggy,142,0
25449e94-66fa-405c-853e-e05d2516163e,Uttar Pradesh,Android,Profile,4,Helpful,555,0
70505b73-b76a-4d0b-b62d-ca5c374fdd0f,Karnataka,Android,Settings,5,Confusing,585,0
10a08ff3-130f-4dae-8af2-f30009507b53,Tamil Nadu,iOS,Profile,2,Slow Loading,173,0
f69c21d8-20b7-42e8-b6e4-6a568f0d861d,Uttar Pradesh,Android,Notifications,4,Buggy,320,0
29b80b10-f383-4c50-b56e-32b4cb9551b2,Delhi,iOS,Notifications,1,Great UI,239,0
70d33e36-3d2f-46d6-b301-c7c72364c3aa,Maharashtra,iOS,Home,2,Buggy,146,0
2d1fecb2-ec9e-4cb5-b71c-7d4cff4981cf,Karnataka,Android,Profile,5,Crash,11,0
878b914e-4c5e-4bab-bad1-779126c88c3a,Uttar Pradesh,iOS,Search,1,Buggy,146,0
3081fb45-285f-4081-91a7-258c9068019c,Uttar Pradesh,iOS,Search,1,Slow Loading,374,0
f6516b19-2fa3-40c9-8a7c-e248c44bc9d0,Delhi,Android,Search,1,Crash,401,1
2336f1a5-c6f3-4473-88a9-e48d1115124a,Delhi,Android,Settings,2,Feature-Rich,285,0
4a378184-bd9f-4fd4-b90e-72ff95a4b78d,Tamil Nadu,Android,Settings,2,Confusing,387,0
37fa2f99-00f1-4ee6-933c-c175c4add0ea,Tamil Nadu,Android,Settings,2,Helpful,199,0
52264569-db3d-4995-8ff7-38bcb8b072b1,Maharashtra,Android,Notifications,4,Great UI,298,0
3e0de98c-f6ab-46d3-be75-84f07d742798,Maharashtra,Android,Settings,5,Easy to Use,81,0
454dd519-3499-49e5-ba02-b53c10bb8812,Tamil Nadu,Android,Settings,4,Crash,549,0
9e994d2b-7c7a-4e1d-ac6b-b7f9bded1723,Karnataka,Android,Settings,4,Slow Loading,122,0
37b2d557-d127-4b2d-b76d-85f50fb370e8,Karnataka,Android,Profile,1,Buggy,156,1
0b65ee63-e0cb-4709-86cf-1584012f92e2,Uttar Pradesh,Android,Home,1,Feature-Rich,97,0
1061243f-20d1-41d7-a7a0-206d12406e7c,Tamil Nadu,iOS,Profile,3,Feature-Rich,500,0
11c9a43c-f43c-4a3e-860b-1af9ca81f260,Karnataka,iOS,Notifications,1,Slow Loading,55,0
8d861a25-c2ce-4e31-8c4b-ad5e233eb864,Delhi,Android,Notifications,4,Great UI,11,1
e8e74075-4631-4c46-999d-7cbb8a91801c,Karnataka,Android,Settings,4,Great UI,371,0
556ebbb2-f116-442d-98d6-52907c564e20,Maharashtra,iOS,Home,4,Great UI,122,0
1f7321c1-a54b-40ae-9241-2ca935f4fe13,Delhi,iOS,Home,5,Feature-Rich,131,0
885ad7e6-2856-4108-91db-cbb73eddf4bd,Karnataka,Android,Notifications,2,Great UI,448,0
90650a87-12d5-49f0-a40e-e0bf1cfad49b,Uttar Pradesh,Android,Settings,2,Buggy,303,0
1b700bca-e3c5-4190-8ae9-97b216a04ee8,Karnataka,iOS,Settings,3,Buggy,88,0
e4daa581-43c8-4be4-9df8-969ceaa8f1e2,Maharashtra,Android,Search,2,Confusing,467,0
68d920a6-b352-4199-ab37-4f461323f102,Tamil Nadu,Android,Home,5,Confusing,295,0
bccdafd7-f8ff-4dd9-a04c-68ee16655428,Delhi,Android,Profile,4,Feature-Rich,336,0
c6843bc8-4b01-43e8-ad57-3c4d1f1d0239,Tamil Nadu,iOS,Notifications,3,Great UI,261,0
361d0147-ee10-4411-836f-e21d2ad1738a,Uttar Pradesh,iOS,Notifications,5,Helpful,555,0
7522d1b6-615e-4849-b5da-1d0c439fd4fa,Maharashtra,iOS,Home,5,Confusing,549,0
1a044a62-079c-4180-af75-1d6393f756e7,Maharashtra,Android,Profile,3,Slow Loading,218,1
b5beffbf-6bdf-46b4-85cb-331c3e9fa0d7,Karnataka,iOS,Notifications,4,Great UI,122,0
e854b693-efec-4569-84b1-f139be70ade6,Delhi,iOS,Profile,3,Helpful,157,0
e1e54e18-0340-43bf-a4b7-edbf21612647,Uttar Pradesh,iOS,Profile,2,Easy to Use,67,0
2cafc62c-7b0b-4be5-8f8b-02a3e4c67938,Karnataka,Android,Settings,1,Confusing,390,0
59843f3d-7e34-4a3b-a237-426a6aa44c6f,Karnataka,Android,Settings,5,Great UI,40,0
53f20ae5-45a4-4796-a0c9-b5642f82008e,Maharashtra,Android,Profile,1,Slow Loading,592,0
3405b646-febe-419a-a3e0-7e33ed266d26,Tamil Nadu,Android,Profile,4,Great UI,550,0
dc86b504-7291-4b15-b5f1-afae11813278,Delhi,iOS,Settings,3,Helpful,23,0
40b42211-1dd2-467d-96bc-89d062f2dddf,Maharashtra,Android,Home,5,Great UI,525,0
20b07a1a-3eb1-41d5-a2bc-102dd42b68af,Tamil Nadu,iOS,Settings,5,Buggy,595,0
287e7f6e-ae27-46a9-a97e-c4e051c362c5,Maharashtra,iOS,Profile,3,Crash,544,0
76c0fe46-f9bc-418e-8e19-0f311f1c8ae1,Maharashtra,Android,Settings,5,Slow Loading,234,0
e86835a4-c492-41c5-bc97-f2dc959e9e6e,Uttar Pradesh,Android,Settings,4,Feature-Rich,424,0
b622bbcc-329e-43b2-be72-e5a8c008908c,Maharashtra,Android,Search,4,Easy to Use,286,0
f4c6639c-fc79-4f34-bc8f-84d532249b73,Karnataka,iOS,Notifications,3,Slow Loading,255,0
c440758c-6365-4933-a24d-2190ec9a0e25,Uttar Pradesh,Android,Home,2,Slow Loading,326,0
53187bdc-5eda-41c8-80a2-0bb92b5c8222,Maharashtra,Android,Profile,3,Crash,593,0
b16b66f6-704c-4257-9ecb-452a208b9b85,Uttar Pradesh,iOS,Home,1,Feature-Rich,105,1
1f591654-3ba4-437f-a005-bed0ca6b2055,Karnataka,iOS,Search,4,Easy to Use,332,0
1c457cff-f685-4844-9935-f2d5e581a8e7,Delhi,Android,Home,3,Confusing,525,0
9835e76e-7a05-44b6-9e54-772f5bfcc2f6,Maharashtra,Android,Notifications,4,Helpful,48,0
b144fccd-6aa9-49b2-8716-0c78493a2ae2,Maharashtra,iOS,Home,1,Easy to Use,230,0
bdf3635d-da4b-4ac1-a1b7-fa1d6e744a89,Maharashtra,Android,Notifications,5,Feature-Rich,468,0
76e87120-22ba-4006-bf5a-0114117311b4,Delhi,iOS,Search,5,Confusing,50,0
5f9affd3-15da-45f2-8923-77e461d6c0aa,Tamil Nadu,Android,Profile,5,Crash,166,0
8a5a7495-7e13-4ba2-81cc-e0cd2b98d187,Tamil Nadu,Android,Home,2,Buggy,570,0
e97068a0-cadb-4de8-946e-dde70a539878,Karnataka,iOS,Home,4,Feature-Rich,183,1
394a2389-0963-49f8-823b-ecc8ea8da8e0,Maharashtra,Android,Search,5,Feature-Rich,371,0
3ffa30df-48f7-4165-ba6c-f4cfee01e849,Maharashtra,iOS,Search,4,Buggy,462,0
62565b4b-9917-46a5-8ee2-368ea407156a,Maharashtra,Android,Notifications,4,Slow Loading,382,0
d3012fdc-67fe-44ab-b3c8-e63b11dc0f1c,Tamil Nadu,iOS,Notifications,2,Helpful,385,0
ff9547ee-e9ce-46a6-9623-ab873f380b73,Uttar Pradesh,iOS,Search,1,Confusing,528,0
0afa99ee-c00b-4109-a4e9-76ced3e1cdb3,Karnataka,Android,Profile,5,Slow Loading,168,0
d19ceb06-e67f-4f9c-9a87-81a956892aab,Delhi,iOS,Profile,5,Confusing,84,0
6f0f53cc-b74a-47d6-be74-ab6f216951f2,Tamil Nadu,Android,Search,4,Helpful,557,1
9483ec5b-a394-46cb-bab8-6ae4876095e0,Tamil Nadu,Android,Home,2,Crash,416,0
2d66ba35-593a-4873-b10e-66c337b7f21f,Maharashtra,iOS,Search,1,Feature-Rich,360,1
9515df20-278a-48fe-b7a3-ffcf04a19a81,Tamil Nadu,Android,Settings,1,Buggy,475,0
68d212bd-47d7-4731-aab6-1c81a70e6cf6,Maharashtra,iOS,Profile,2,Feature-Rich,591,0
01e4ed1a-cea3-4ba7-953e-e244aba8e651,Uttar Pradesh,iOS,Home,3,Confusing,494,0
df9c43d0-0d07-4f96-8352-7623daf773f5,Maharashtra,Android,Settings,3,Buggy,190,0
1b765e48-3579-4e68-89ed-cc6f5ecc584f,Karnataka,iOS,Settings,1,Buggy,472,0
4206a8d0-4fea-42f8-937a-8b44ba79a2ec,Uttar Pradesh,Android,Search,2,Slow Loading,104,0
5cc96649-29a0-4011-9a8e-b14dc8ff5ae9,Tamil Nadu,iOS,Search,2,Easy to Use,367,1
419efe44-0273-4569-9b97-9b01ca75418d,Tamil Nadu,iOS,Notifications,2,Confusing,373,1
c41eec9c-7855-4863-8c8e-4da2ff836017,Uttar Pradesh,iOS,Home,5,Easy to Use,89,0
9d75c4ba-a264-44fe-8fdf-210fa1375437,Uttar Pradesh,Android,Search,3,Slow Loading,164,0
831f004d-5c09-41e2-9db5-634383a9be81,Maharashtra,iOS,Search,1,Confusing,279,0
a86572b4-9b5f-4e44-92a8-d1beb2072d97,Karnataka,iOS,Profile,4,Crash,47,0
51921690-bb14-4c63-9ee9-ee52abcf44a0,Maharashtra,iOS,Notifications,2,Confusing,231,0
a465bee6-9f39-468e-9f43-bf5825751980,Maharashtra,Android,Search,3,Slow Loading,319,0
07241efd-12f2-48c7-9cae-29cc26b4d9b9,Uttar Pradesh,Android,Settings,4,Confusing,430,0
4afadded-90e0-410f-b49c-afba2ddec7ef,Uttar Pradesh,iOS,Notifications,3,Crash,190,0
e07ca164-8d18-4dd7-b3f3-81aad1978e24,Delhi,Android,Notifications,5,Great UI,565,0
7a96de14-fbf8-4e3a-85b6-be0864f65a5d,Delhi,iOS,Search,5,Crash,99,0
331422e3-81bd-46c2-b1ef-070372b553f8,Karnataka,Android,Home,5,Confusing,116,0
1a7c176f-d802-4f56-a7d6-eea0e3f3f495,Uttar Pradesh,Android,Settings,5,Slow Loading,306,0
039d9468-141a-4446-8258-02f86ed9e694,Maharashtra,Android,Settings,5,Confusing,127,0
fb673f5f-980b-416b-a41c-d2a5190431df,Tamil Nadu,Android,Search,4,Confusing,415,0
683b3cd0-354f-4856-8926-1c7b3a5d0c34,Delhi,Android,Notifications,3,Buggy,280,0
d943daa2-bc00-40f3-9894-3b5112af2be7,Tamil Nadu,Android,Home,4,Slow Loading,25,0
4bab88ea-0c1e-4b7d-b442-6c78121d3ad7,Delhi,iOS,Search,2,Confusing,257,0
84c02b73-b7d0-4f13-9801-dbc0b7ced5df,Tamil Nadu,Android,Notifications,4,Slow Loading,449,0
56eead6a-23f6-4b04-81cc-e798442aa1e3,Tamil Nadu,Android,Settings,3,Great UI,457,0
f5c52b7a-d3f6-4838-92b9-9be011e6c11b,Maharashtra,Android,Notifications,4,Buggy,576,0
157d0339-2e62-4d25-bb60-8e63016b9b96,Delhi,Android,Home,1,Slow Loading,457,0
2c2c3c9c-b98b-43c9-af9f-f42b39989393,Uttar Pradesh,Android,Home,5,Crash,595,0
a98d7fe4-1a3c-40fb-9b15-79969e14429a,Maharashtra,iOS,Search,2,Easy to Use,237,0
fea05f6a-1db2-43c5-81f0-9fd08d3e265c,Uttar Pradesh,Android,Settings,3,Slow Loading,291,0
8aafd4b4-5ed8-4feb-8182-b57cf47e5734,Maharashtra,Android,Notifications,1,Crash,480,1
d557a6e1-7a08-4c89-b437-b01fb7f71efe,Karnataka,Android,Profile,3,Buggy,194,0
31ba61c1-483a-4a4e-a007-7b3c78db3b07,Tamil Nadu,iOS,Profile,4,Crash,512,0
8acb80b6-3eea-4920-80cf-ab2e895567b6,Tamil Nadu,Android,Settings,1,Easy to Use,439,0
6fe81e6a-dead-43dc-9f89-fbe3bc933630,Delhi,iOS,Profile,2,Buggy,20,1
d998f34e-2c99-433e-b80e-c6aad1f8c54d,Uttar Pradesh,Android,Home,3,Feature-Rich,505,1
c06064a4-d181-4478-8a2f-a88302ebc4e8,Uttar Pradesh,Android,Profile,5,Buggy,134,0
3c505f6c-08b9-461f-83c4-e3beb335c007,Karnataka,Android,Notifications,5,Great UI,231,0
b4171e30-e315-4d0f-a8fd-e25f24ecb5b5,Karnataka,Android,Home,3,Great UI,235,0
e9d80750-501f-4ed7-94ea-bb55100008dc,Maharashtra,iOS,Search,4,Easy to Use,104,0
7cb36392-129d-4254-bca0-f6912d85369b,Uttar Pradesh,iOS,Settings,4,Confusing,534,1
d48dfeaa-cc7b-482b-8a1c-4579df2d0f9b,Maharashtra,iOS,Profile,2,Buggy,412,0
2eb2ca7e-2d3e-4862-88fc-442f38b906f7,Uttar Pradesh,iOS,Profile,2,Helpful,453,0
0fb0d9be-0425-404a-9523-538f5b4300c7,Tamil Nadu,iOS,Search,5,Crash,402,0
cb1110ff-380d-4cb4-907f-670002bc9ea5,Uttar Pradesh,iOS,Search,1,Helpful,181,0
e1b6ea32-2471-430e-929b-a95fb2b4650c,Uttar Pradesh,iOS,Notifications,4,Buggy,553,0
50e339f0-f6ce-456c-a9d2-d09c322f9d5a,Karnataka,Android,Profile,3,Confusing,200,0
d64144f7-97a9-40c0-a5a5-bf31b0eae732,Karnataka,Android,Search,3,Great UI,331,0
a8e18701-c1a9-439f-aa12-8f7f1ca463a7,Delhi,Android,Search,2,Helpful,591,0
a6af6b38-cc6e-44ce-be1e-b958ebd6a27e,Maharashtra,Android,Settings,3,Easy to Use,549,0
5da3f8aa-a4fc-4436-afe1-bb79de721a20,Uttar Pradesh,iOS,Notifications,1,Confusing,455,0
b3eb48b1-d72a-46fe-be40-216266c9697a,Delhi,Android,Profile,1,Helpful,520,0
8d3aa552-d6bc-4ae8-817f-85a5210d6315,Delhi,iOS,Home,1,Helpful,185,0
d1102989-a95b-4f67-b1f0-e6cdb23df197,Uttar Pradesh,iOS,Profile,5,Slow Loading,301,0
a2759f03-4b68-44bf-9d5e-a3ae6d622427,Uttar Pradesh,Android,Settings,3,Great UI,422,0
abe6b929-f1df-477c-ad0e-ed708e55a46a,Uttar Pradesh,Android,Search,1,Crash,491,0
1d354023-3dda-46c6-a5d4-c5c783066d2e,Tamil Nadu,iOS,Search,3,Feature-Rich,419,0
fb8fe7c0-0faa-410c-8bb5-d5f5969501dc,Delhi,iOS,Notifications,1,Confusing,315,0
ad4526e0-f9ca-46ae-aca1-863975949c7c,Tamil Nadu,iOS,Home,3,Crash,39,0
87ca36b5-e8fa-49a6-9cbf-39281635be24,Karnataka,Android,Home,3,Confusing,241,0
60aea5c7-1656-4ad6-8dd9-c24c662c25c9,Maharashtra,iOS,Notifications,1,Slow Loading,275,0
f641fcce-0187-4b2f-9a94-651a7445fae0,Karnataka,Android,Home,3,Crash,280,0
7ed69edb-3a2e-4208-909c-a463bca9e5e9,Uttar Pradesh,iOS,Search,2,Great UI,481,0
7fda16f1-1fcd-49a7-9f6f-e77ccedc0a04,Delhi,Android,Notifications,4,Helpful,135,0
073cf011-6cca-403e-a446-2b78545af70f,Maharashtra,iOS,Settings,3,Feature-Rich,504,0
bb0e7070-b857-4a2b-97e3-a54b94e6b442,Delhi,iOS,Home,3,Easy to Use,220,0
333c1489-e073-45e9-9fa7-e083e7f46947,Karnataka,iOS,Home,2,Slow Loading,231,0
fd19ded0-dbbd-4b02-910c-d98aaf12a615,Tamil Nadu,Android,Settings,1,Feature-Rich,223,0
19b46877-ff22-4914-a55a-bd2581e87e1c,Uttar Pradesh,iOS,Search,4,Great UI,526,0
bb55220f-5447-4390-8699-1d6fb388c66d,Maharashtra,Android,Search,4,Helpful,535,0
e832ecff-447a-4760-94e5-87e794cf60c8,Tamil Nadu,Android,Home,3,Confusing,178,0
508f242c-fe7b-40dd-9262-03481726f5c0,Uttar Pradesh,Android,Profile,4,Crash,122,0
13523ab7-0378-4211-8a1b-258a3dbba398,Tamil Nadu,Android,Search,1,Helpful,553,0
5a1663d9-3708-4ef3-843e-2a79035b3e7e,Delhi,Android,Notifications,1,Feature-Rich,451,0
1efa01b7-893f-4c4f-8aeb-2eec9c80a938,Tamil Nadu,iOS,Notifications,3,Slow Loading,461,0
8bec25b5-4062-472b-a5b5-69054efc1781,Karnataka,Android,Settings,4,Easy to Use,311,0
c177709a-a0ca-448f-ae4a-03ce3d262727,Maharashtra,iOS,Notifications,5,Helpful,541,0
5382be34-be2f-41e5-9e6a-4a5421e7809f,Karnataka,Android,Home,2,Crash,64,0
cf3c3e92-514a-4889-bcc9-7e251b931580,Uttar Pradesh,iOS,Profile,1,Crash,292,0
5b8f7a5b-7f48-455c-8d24-757f81d687fb,Uttar Pradesh,iOS,Settings,4,Crash,235,0
c3f5d572-8f20-4e25-b0be-26be703f11c5,Delhi,iOS,Profile,2,Easy to Use,365,0
28b3bc33-437c-4d20-a17a-06407b2c536f,Uttar Pradesh,iOS,Home,1,Great UI,525,1
844167b2-72f1-455c-adde-868a0fd290b3,Uttar Pradesh,iOS,Search,2,Great UI,332,0
68ec0fc4-471c-4dd2-85cc-9eafa32b165a,Maharashtra,Android,Search,4,Great UI,23,0
d35023ed-e4a5-4ada-9997-06383b6bdcc8,Tamil Nadu,iOS,Home,2,Buggy,88,0
21261c78-1f94-419d-a253-078b4489c10f,Karnataka,iOS,Settings,5,Slow Loading,510,0
b73d8bd4-4539-4cb3-9260-e92016a4f432,Tamil Nadu,Android,Home,1,Buggy,243,0
ecfb273a-9091-46f3-9b47-fa4b65613807,Maharashtra,Android,Home,1,Buggy,353,0
0ca704dc-6445-441f-870c-91c849c1afe7,Delhi,iOS,Settings,3,Feature-Rich,479,0
ef100d64-1779-4c6e-931d-309000f34b9a,Delhi,iOS,Search,5,Helpful,125,0
f1eb3cc6-1c3d-42b0-9cad-64335db57dc2,Uttar Pradesh,Android,Profile,4,Easy to Use,155,0
65b497d0-7966-4486-baf6-671a757d61bc,Karnataka,Android,Notifications,4,Feature-Rich,221,0
6bbf7b86-032e-441e-94b6-9b5b560b2fb8,Maharashtra,iOS,Home,3,Helpful,549,0
b67361f6-7d54-4764-80b2-0cadd30f8d95,Delhi,iOS,Settings,5,Confusing,292,0
c614734c-b374-4456-b408-4f9778811e7b,Karnataka,iOS,Notifications,1,Confusing,475,0
e8993bd8-4a3b-4402-856a-62f44d0beb8b,Delhi,iOS,Home,1,Helpful,160,0
5de834d7-d628-4f22-9fc4-6cddc27ce74f,Maharashtra,iOS,Notifications,5,Great UI,320,0
96dd95cb-2efa-40ec-8489-6d70933eeda8,Karnataka,iOS,Home,4,Slow Loading,232,0
c1f1c027-2b65-401f-80b6-db5993eb95b5,Uttar Pradesh,Android,Home,4,Buggy,15,0
8d54f456-cd2a-474c-8381-4036e4298a8d,Karnataka,Android,Search,2,Feature-Rich,300,0
e3207ffd-a9db-4fb0-a031-d75bc799e0fa,Uttar Pradesh,Android,Home,3,Great UI,211,0
a16364d0-5970-4db4-9b17-e843a613d250,Karnataka,iOS,Profile,1,Helpful,373,0
7970df18-c0a4-4698-99dc-bef45b404254,Tamil Nadu,iOS,Settings,1,Buggy,319,0
9221c795-ce34-46ae-b3f4-96aad35c3019,Maharashtra,iOS,Search,5,Great UI,214,0
41023114-e1a9-452b-8ec3-b8ffe24c06a5,Tamil Nadu,Android,Search,3,Crash,314,0
ebc25705-c7dc-43fa-8e3f-e1070d5f60f7,Tamil Nadu,Android,Settings,4,Crash,151,0
6c6e8ba2-b28b-487f-84c3-b25215b7cea7,Delhi,iOS,Settings,3,Confusing,487,0
a4baac3d-290a-4378-b1f7-94f37e9e1086,Tamil Nadu,iOS,Home,5,Slow Loading,441,0
69d0d1cb-0e31-4041-90ec-75a425c0265c,Maharashtra,iOS,Profile,5,Feature-Rich,140,0
c3cc0d06-77cd-48e4-b3c3-da0ea5bcfb58,Uttar Pradesh,iOS,Home,4,Great UI,422,0
39ac6e38-26ba-47f8-a5e8-ec409954cc95,Tamil Nadu,iOS,Home,1,Slow Loading,286,0
88cc941d-23b0-4373-98e5-22f30a356c71,Karnataka,iOS,Notifications,1,Buggy,589,0
cc6a54c3-3891-4486-bc41-bc68fb8208a4,Delhi,Android,Home,5,Slow Loading,219,0
eda2ee0e-b165-4643-a542-2074b16cfa2c,Uttar Pradesh,iOS,Profile,2,Great UI,318,0
be61bc86-fab3-41ef-a702-74e51dc3208b,Karnataka,iOS,Notifications,2,Crash,78,0
e985e90c-5b13-408a-a537-b957591f4aa2,Uttar Pradesh,Android,Notifications,1,Easy to Use,219,0
65527be7-7a2d-4234-98d2-99164978ba86,Karnataka,iOS,Settings,1,Crash,317,0
088e6d26-4b6a-4717-81f4-14964862bedc,Maharashtra,Android,Notifications,3,Helpful,136,0
08d1af71-78a7-4dfd-86b0-8462be766421,Karnataka,Android,Profile,2,Great UI,533,0
7c3f26f8-cf24-41d7-8aff-6e4b959c8ea3,Uttar Pradesh,Android,Settings,4,Buggy,306,0
50f6398e-9f66-499d-b62e-95c5eaa5e7a7,Uttar Pradesh,iOS,Search,3,Confusing,405,0
d3732cd9-326e-49a2-8622-089685394add,Karnataka,iOS,Settings,4,Great UI,38,0
f331abc8-bcf6-4f8b-8ac0-483174e836a2,Karnataka,iOS,Home,5,Buggy,44,0
2ede196a-cf4d-47f6-97bb-9a4109b023ea,Uttar Pradesh,iOS,Home,3,Great UI,489,0
1a794289-2a7c-4612-82e9-f2cfc9a83a4a,Tamil Nadu,iOS,Home,2,Feature-Rich,522,0
80b9f87a-b7e3-47fc-9e6b-f982a173f7d0,Uttar Pradesh,Android,Search,5,Confusing,535,0
980c00ab-3550-4515-9111-71b98bb502e5,Maharashtra,iOS,Notifications,3,Helpful,153,0
06542bc6-9981-466b-9344-39767d85cf20,Delhi,iOS,Home,4,Confusing,493,0
9eceb681-1baa-4a9e-8e30-7e36bc9e5625,Maharashtra,iOS,Profile,3,Feature-Rich,423,0
02999a80-fb8e-4f96-a9a9-3895e359602f,Karnataka,Android,Profile,1,Crash,521,1
41597c7a-0fae-4c95-8ef0-a24730b07740,Tamil Nadu,iOS,Profile,2,Crash,188,0
aefe8089-b12a-4c55-94dc-b6eb0c739f31,Tamil Nadu,iOS,Home,1,Buggy,127,0
268f78f7-bae9-4eba-8d90-b42278565f75,Karnataka,iOS,Search,5,Slow Loading,188,0
4763192d-6a3a-4c0d-b2e5-6bf2812a84d7,Tamil Nadu,iOS,Profile,5,Easy to Use,210,0
0dd85dfc-e103-4b8b-8832-1a4026a3d92a,Tamil Nadu,iOS,Profile,2,Great UI,454,0
41573ed8-20e0-4d24-aad7-b52575cf834c,Maharashtra,Android,Notifications,1,Crash,218,0
1de140f6-1e51-4a12-a313-c9f8bb2563fa,Maharashtra,Android,Search,4,Crash,358,0
450269b2-0a10-4a33-bc5d-f221cbf014b0,Uttar Pradesh,iOS,Profile,2,Helpful,522,0
a76a025e-a41c-4256-8f14-ebb6a5c1a9b9,Uttar Pradesh,Android,Home,4,Confusing,395,0
c22afcee-67a5-4452-acad-c56baeb14369,Uttar Pradesh,Android,Profile,5,Buggy,113,0
165fae2a-f169-4e21-98cb-0e73cd047635,Maharashtra,Android,Notifications,5,Feature-Rich,33,0
aa6fef46-2332-46af-bae1-c409683014ce,Delhi,iOS,Settings,3,Crash,171,1
6581c9c4-e4cb-46c2-bc64-9af270f86efe,Karnataka,Android,Notifications,5,Buggy,418,0
63c81505-58a8-444f-808b-cff03747445e,Uttar Pradesh,Android,Notifications,4,Buggy,40,0
91d92045-d0b0-4a05-8b2d-f0855536f33d,Tamil Nadu,iOS,Profile,3,Slow Loading,152,0
172ae899-1257-41f9-8e25-2662f20dfca2,Delhi,Android,Profile,4,Crash,587,1
d296f636-60d6-4afa-a4c5-05b87e3e818a,Karnataka,iOS,Home,4,Crash,574,0
b9cc5d8e-06fb-4cc5-936d-e2ce35532368,Maharashtra,iOS,Home,1,Slow Loading,518,0
23066bd7-853c-4337-9b36-7738971c92a7,Delhi,iOS,Settings,3,Easy to Use,31,1
90516286-116c-4c9a-b664-0c400d7aba9b,Karnataka,Android,Notifications,5,Confusing,28,0
a48838e4-2497-42bf-8d8b-c892e559a653,Karnataka,iOS,Settings,2,Confusing,447,0
af00505c-6658-4e98-a16a-1cd3226e34f7,Karnataka,iOS,Home,5,Feature-Rich,370,0
7b614a71-1a36-4f0e-b015-0957296e4350,Tamil Nadu,Android,Profile,2,Crash,20,0
5ff38e46-856d-4609-bc22-0ffe85e14f14,Uttar Pradesh,Android,Home,2,Slow Loading,88,0
0d762881-087c-4611-808a-4efef52e7483,Tamil Nadu,Android,Search,1,Feature-Rich,368,0
4d341f1e-353a-4911-912f-3cef3764dcbb,Maharashtra,iOS,Profile,5,Confusing,500,0
bce5d9c8-d153-486f-a6a8-d86bab69b400,Karnataka,Android,Search,5,Easy to Use,516,0
8ccd5750-ab3c-4f68-9d10-cc6041fa1cdb,Delhi,Android,Settings,3,Feature-Rich,574,0
5d129979-3867-4b9b-9f26-e57331d608f9,Maharashtra,iOS,Search,5,Crash,65,0
1d535738-5cc5-4e1d-ad2e-00b268285c8d,Tamil Nadu,iOS,Search,1,Easy to Use,150,0
90fd32c8-dd01-4020-9af2-bae310f55154,Uttar Pradesh,Android,Search,5,Easy to Use,135,0
e7f67d2f-3d27-41cc-bca2-d09abb930259,Maharashtra,Android,Profile,4,Helpful,126,0
ac659727-5084-4690-823c-91705a5d3e56,Karnataka,iOS,Search,5,Confusing,317,0
7530e598-6f12-4607-914d-423467900ffa,Karnataka,Android,Search,5,Confusing,517,0
df06dde6-015a-40c9-b3b1-b3ef257c3a46,Tamil Nadu,iOS,Settings,1,Easy to Use,220,0
ce02b717-acd9-459f-8970-891841856674,Tamil Nadu,Android,Search,1,Feature-Rich,36,1
b9548cf2-0927-468f-97b9-2d63942a9249,Delhi,iOS,Notifications,2,Slow Loading,359,0
0c5200e2-ff44-4cf4-9d16-c1b37044e826,Uttar Pradesh,iOS,Settings,1,Crash,576,0
4674b0dc-93ce-450e-80a0-6403fccef003,Delhi,iOS,Settings,5,Buggy,176,1
5f152cd2-be66-4e60-98a4-23d01002db76,Tamil Nadu,Android,Profile,1,Buggy,290,0
3ab785af-5e7d-47cd-9478-c945c354bada,Maharashtra,iOS,Search,5,Confusing,49,0
da42b89f-c6be-4ea9-9546-0b70af62680f,Delhi,iOS,Search,5,Slow Loading,137,0
0cbca0ca-c0d3-4883-83ec-cca3c64e4835,Delhi,iOS,Profile,4,Helpful,27,0
147c1fca-8150-461f-9d4c-278e0a94936d,Tamil Nadu,Android,Search,4,Easy to Use,428,0
341eedbd-9901-42c2-a3ef-5d968906e354,Karnataka,iOS,Notifications,5,Feature-Rich,75,0
f74dcacf-d09b-4820-bbb5-4384b2fc9c20,Delhi,iOS,Search,4,Great UI,242,0
7eeed15a-6748-4383-aa12-eb58f23586a9,Maharashtra,Android,Profile,1,Slow Loading,198,0
30ae39d9-d70e-47c0-889f-2a1308f42480,Tamil Nadu,iOS,Home,5,Easy to Use,72,1
e0b466a3-0d9b-432a-8f38-b3034104a4a2,Delhi,iOS,Home,3,Slow Loading,250,0
b8254fbb-1694-4209-8ff0-4eb065cafd13,Karnataka,iOS,Home,5,Crash,252,0
5434f255-4727-4b3c-82a5-6479bb9a6735,Uttar Pradesh,iOS,Settings,1,Confusing,299,0
33cabad1-f2cb-4360-9934-65e2f749acc9,Delhi,iOS,Search,4,Feature-Rich,491,1
54e9f3c1-6dd9-4cd8-93e8-b5a91a08694e,Delhi,Android,Profile,3,Slow Loading,307,1
36555fd2-b577-45fe-b9d8-756b2f5df0cc,Uttar Pradesh,Android,Home,5,Easy to Use,330,0
614ad250-73e3-4da8-878a-afd36a88ec6c,Uttar Pradesh,iOS,Profile,4,Slow Loading,163,0
ea3baaeb-db69-4240-90e3-5a583a4cb8b6,Karnataka,Android,Profile,5,Confusing,561,0
10938609-e3b4-494d-ba4a-2bc000c51d40,Uttar Pradesh,Android,Notifications,4,Helpful,334,0
4e827155-486f-4aed-9f7d-fc2d8a9acc1d,Uttar Pradesh,iOS,Profile,3,Easy to Use,380,0
3d1b615e-a44f-487b-aa0a-93f488c5807a,Delhi,Android,Profile,4,Confusing,380,0
447ba940-03dc-44e8-ac60-3cd54ed7e174,Uttar Pradesh,Android,Search,4,Easy to Use,469,0
663bdd55-10a3-4a15-b68e-c9920a0bb389,Maharashtra,Android,Notifications,2,Confusing,151,0
42d9ad69-d02c-4015-93e6-da77ab38bbdf,Delhi,iOS,Search,1,Crash,428,0
e7fdb229-324a-4541-810c-39533cf598e0,Maharashtra,iOS,Profile,2,Helpful,25,0
2a428652-b642-4b6b-bc9e-31b08e98c2fd,Tamil Nadu,iOS,Notifications,4,Crash,139,0
f7f68e5a-8e03-4ae1-bb75-a94682190980,Tamil Nadu,Android,Profile,1,Great UI,537,0
0b058879-eccd-47a4-9c8d-1d1a8f0d500e,Tamil Nadu,iOS,Search,2,Confusing,580,0
9e0b3f97-3694-421e-b9a7-dc6b80741388,Delhi,Android,Search,3,Crash,56,0
92dd6f10-e19c-4317-846c-96f3053f9238,Delhi,iOS,Settings,4,Confusing,306,0
4d8ccf68-6d6d-4fa6-a5a3-d294ef1c2b37,Maharashtra,Android,Notifications,5,Crash,165,0
cde4e03a-41b0-4c28-bd3e-7597b0041349,Uttar Pradesh,iOS,Settings,4,Feature-Rich,459,0
10c15b99-3183-4903-95c3-138e46711201,Uttar Pradesh,iOS,Home,2,Buggy,515,0
d49669ac-4378-4d4b-8bd6-c5558e71be27,Uttar Pradesh,iOS,Search,3,Confusing,336,0
c0f18bbd-e57e-47a1-a8df-9ef47cd1bae2,Maharashtra,Android,Profile,4,Buggy,598,0
8dffcbcd-ddff-449f-965a-8d4cd43beeab,Delhi,Android,Search,3,Great UI,131,0
a53dd2aa-eb1d-46af-980a-e7c3d9a0c640,Tamil Nadu,iOS,Profile,2,Buggy,275,1
f4632a4a-71a5-4af6-a001-d99bf4f42a67,Karnataka,Android,Search,2,Crash,221,0
031d17a6-9b42-4723-9287-efed110318d0,Uttar Pradesh,Android,Home,5,Slow Loading,562,0
3c200606-3abd-4d8c-a38f-37e30b421f90,Maharashtra,Android,Settings,1,Feature-Rich,218,0
f9d908b8-6838-479c-bf6d-eeb62909b8b6,Uttar Pradesh,iOS,Settings,5,Great UI,474,0
bf10f69e-9355-4a93-b62f-22d039f36236,Karnataka,Android,Settings,4,Helpful,279,0
e0d63a8b-e29c-4f52-a4f0-a41c8696ba26,Maharashtra,iOS,Home,3,Crash,237,0
e78342fc-7519-4b72-abce-66f15d7eeb13,Delhi,Android,Notifications,3,Buggy,474,0
1aa8e345-3dff-491b-aec6-327f4f1cbcf3,Uttar Pradesh,Android,Search,1,Confusing,112,1
a39bd5c6-f7c0-4f50-a4d0-a8b5394e781e,Uttar Pradesh,iOS,Profile,5,Slow Loading,18,0
7d595b07-7a41-406b-bfe9-567a687643f1,Uttar Pradesh,iOS,Profile,2,Buggy,491,0
e1eba515-2626-4dd7-a7a6-21a7f7a27991,Maharashtra,iOS,Search,2,Easy to Use,100,1
215c27cf-9a9f-413d-8fbb-20eafe214d25,Maharashtra,Android,Settings,1,Helpful,581,0
50021855-7e3f-491e-8896-2c2bb7c5ddb1,Maharashtra,Android,Settings,3,Confusing,250,0
d5554d8d-dce3-4f94-9c55-8a58b7c5a361,Tamil Nadu,Android,Search,2,Buggy,506,0
80196354-dac4-4a85-9755-454e48cda716,Tamil Nadu,iOS,Notifications,4,Buggy,108,0
91fb231a-ee7c-4b6d-abd4-e3b059f6596e,Delhi,iOS,Settings,3,Easy to Use,445,0
e41b4bce-b8e0-42cf-bb23-b481ce139557,Tamil Nadu,iOS,Home,3,Confusing,141,0
c2ba400c-2148-442f-b56f-f848bc5b0f67,Tamil Nadu,iOS,Notifications,4,Easy to Use,39,0
7fe3dd7c-9102-46e5-bf55-e1ece6bad2ce,Uttar Pradesh,Android,Settings,1,Feature-Rich,277,0
11c66a8f-2149-4d60-b9c7-be73f947a65e,Tamil Nadu,iOS,Settings,4,Confusing,276,1
da06c283-ae3f-4d6a-9ce2-188ca1510712,Delhi,iOS,Profile,3,Slow Loading,325,0
68f01d3e-25d8-45d8-ab11-78cbd483e436,Maharashtra,Android,Notifications,2,Crash,347,0
2268a0b6-a0b6-4fa1-a02d-5a717bfd854c,Uttar Pradesh,Android,Home,4,Crash,351,1
b3c6374a-f8a6-429e-ace4-09d1d9c2c2d7,Uttar Pradesh,Android,Home,5,Easy to Use,380,0
78651994-112a-4801-81f4-c85bd1a37542,Maharashtra,iOS,Profile,3,Great UI,392,0
c2a22b6b-cc99-4ab7-a3e2-24facdfeb009,Maharashtra,Android,Home,1,Slow Loading,549,0
513b7c2f-753e-4a9b-8de4-e8a28125f510,Tamil Nadu,iOS,Home,2,Buggy,318,0
168a973c-3090-4fd2-8679-06865e1f73c0,Maharashtra,Android,Search,1,Confusing,420,0
edb4cd62-80b8-4ea5-9d13-1eeb83535b26,Delhi,Android,Home,1,Confusing,30,0
a936ace9-ba2f-4897-b165-44f756bec8d0,Uttar Pradesh,Android,Home,5,Confusing,208,0
622f0a8f-42dd-4465-98c3-eff25af780eb,Delhi,iOS,Settings,5,Slow Loading,319,0
222f0e8a-db19-413a-9db0-fa3f31969568,Maharashtra,Android,Search,5,Helpful,395,0
4a51bbec-7707-411f-93e6-0d3382df46e8,Karnataka,Android,Settings,5,Buggy,504,0
9023f08c-a78a-4410-8826-8c62a4545104,Uttar Pradesh,Android,Settings,1,Helpful,413,1
ca83f17b-b665-4914-9c50-abf0aa8e6c57,Uttar Pradesh,Android,Settings,2,Slow Loading,416,0
2572eb8d-68e9-4fa1-a471-e48601113b7e,Tamil Nadu,iOS,Settings,5,Crash,328,0
9942ac78-88da-4b25-ac3d-e563f4e3ac0f,Karnataka,Android,Notifications,2,Easy to Use,511,0
c520c956-0346-4230-b34d-5ebef54ab4a7,Karnataka,Android,Settings,5,Helpful,545,0
c33d457f-f76d-40f4-bbb1-53e71cb02dfa,Uttar Pradesh,Android,Home,4,Buggy,431,0
01c8bb23-b574-4112-8106-17b02e1c5df9,Delhi,Android,Home,3,Confusing,15,0
15e99e65-ec34-430c-a642-3569b446f6c5,Maharashtra,iOS,Notifications,4,Feature-Rich,251,0
a2c73f0b-3f33-4acc-a597-ca65562ac7cb,Tamil Nadu,Android,Home,4,Crash,394,0
7264c95c-bb79-4552-b9e7-58ebbb0e8fe1,Karnataka,Android,Notifications,1,Great UI,212,0
490ad9fd-bd19-4f24-861e-4ab307cd408f,Karnataka,Android,Settings,4,Great UI,547,0
471b9139-7216-49e6-ae69-ef58ae60c1c1,Uttar Pradesh,iOS,Settings,1,Buggy,130,0
9e9937cd-8178-4db8-b482-975ee2a72234,Delhi,iOS,Notifications,3,Feature-Rich,587,0
d13f586a-c650-4a05-8c10-756ac021efc4,Maharashtra,iOS,Notifications,2,Feature-Rich,541,0
710032a6-7247-4bf6-9deb-4eb9387c68b0,Tamil Nadu,iOS,Profile,3,Great UI,178,0
bd33155c-3bd7-4697-8a3f-241d3e22b26a,Tamil Nadu,Android,Search,4,Great UI,163,0
614990a1-f741-4a9a-8eea-e9608417531e,Karnataka,iOS,Profile,2,Crash,560,0
a4f5bbfb-ec4e-4c59-9729-1ab47699bef8,Karnataka,Android,Notifications,4,Great UI,78,0
b0ffa748-f2ee-446b-a994-cd423e49e721,Uttar Pradesh,Android,Search,1,Easy to Use,291,0
31f09a85-ae45-4735-8bb6-a733b283c49d,Tamil Nadu,iOS,Search,5,Confusing,270,0
db06a0f0-be88-47c0-a236-ca008b7a99ff,Maharashtra,Android,Notifications,2,Crash,231,0
7d5ad668-0853-4812-9583-3c8679c50f10,Delhi,Android,Profile,5,Confusing,348,0
66af3053-cff3-4ee4-9409-8802155ff4a3,Uttar Pradesh,iOS,Notifications,4,Easy to Use,182,0
17ed87c4-a563-4907-82da-7c982302dd0c,Maharashtra,Android,Home,5,Great UI,156,0
ced640f5-bc4f-4914-af75-326cac178ee6,Karnataka,iOS,Home,1,Great UI,533,0
23a14b3e-cf23-47a9-8fae-1f4cd538fe8c,Tamil Nadu,iOS,Search,3,Crash,256,0
142d266d-fc9f-4e36-808c-53a6c1138f02,Tamil Nadu,iOS,Settings,3,Buggy,544,0
9bc4da92-3c10-4a70-b6b3-9775d3413b42,Karnataka,Android,Profile,3,Great UI,457,0
06a31055-0c1d-4bfd-a140-29f43930da43,Tamil Nadu,iOS,Home,5,Confusing,366,0
2236fee3-444e-4473-a98c-d0d0c6fa367b,Delhi,iOS,Search,4,Easy to Use,583,0
1ec7fe7e-0a95-4b5c-a233-9369f45d11e0,Maharashtra,iOS,Search,2,Slow Loading,210,0
acd4470c-9088-42fe-ac13-54ed29e47625,Uttar Pradesh,Android,Home,5,Buggy,346,0
74dd26a0-3359-48b0-bf5b-aa178ed2f5e7,Delhi,iOS,Notifications,1,Buggy,44,0
6d97ea39-0b2d-4325-8c19-175ac396bde8,Tamil Nadu,iOS,Home,3,Buggy,68,1
e114f8c3-b521-48f7-a8f8-d8b69a2539d6,Karnataka,iOS,Notifications,4,Helpful,187,0
a7c64426-df90-4ebe-a014-e17039befa97,Uttar Pradesh,Android,Home,3,Slow Loading,166,0
0f10a9b6-dbc6-480f-9d56-58676600c9a0,Maharashtra,Android,Home,4,Crash,67,0
307bc375-653a-45e4-bd3c-a36cb51afe38,Karnataka,iOS,Home,5,Buggy,208,0
888b4971-c48c-4868-8dd4-7963913ed43a,Karnataka,iOS,Search,2,Feature-Rich,538,0
62ce1ae5-d546-4a3e-9dcf-695d74956026,Tamil Nadu,iOS,Home,1,Easy to Use,523,0
ba65aae2-7fa2-47a2-af4e-4affa371b795,Delhi,Android,Profile,4,Slow Loading,292,0
7df32d45-a5ef-40be-99d7-895abeee99f6,Uttar Pradesh,iOS,Profile,1,Buggy,290,0
e5eafafa-f692-48eb-9107-c9e250042642,Karnataka,iOS,Settings,5,Crash,589,1
2c83b462-3032-4e91-b52b-747af844751f,Karnataka,Android,Home,2,Crash,200,0
4ff6cfc2-f0a7-4636-991a-398a5157f45f,Karnataka,Android,Home,2,Feature-Rich,481,0
67f72b06-4713-4266-90f7-551f4ed806aa,Maharashtra,iOS,Profile,2,Buggy,64,0
3050488f-a274-41e1-967b-3461055b1171,Delhi,Android,Search,2,Feature-Rich,433,0
c77fc10a-0f76-49bc-904b-a0168755bf82,Maharashtra,iOS,Profile,2,Buggy,275,0
a1e39911-10da-4cad-8fa5-60d4ff570687,Delhi,Android,Settings,3,Feature-Rich,367,0
e80142a0-6b32-4914-a346-d1c68f99330a,Uttar Pradesh,iOS,Profile,1,Confusing,169,0
830f138a-b5e9-48b1-84dd-23aae545e8a9,Maharashtra,iOS,Search,3,Easy to Use,360,0
2c556d6f-f89c-4583-8f55-c3a25d43db2d,Uttar Pradesh,iOS,Home,5,Easy to Use,274,0
4331fa25-c1a5-4cea-93e1-0356031ef907,Delhi,Android,Home,5,Great UI,496,0
732340c7-0036-40af-bbfd-ba24fe0729ae,Uttar Pradesh,iOS,Search,5,Confusing,44,0
7bf0509e-1dbe-472c-8c01-cdd856f779e1,Karnataka,iOS,Home,2,Confusing,496,0
23a06bda-c348-462a-bdc9-945c23e146b0,Karnataka,Android,Search,3,Great UI,488,0
4ca01b52-08c0-4ac3-9727-d0ff0c026233,Karnataka,iOS,Notifications,4,Confusing,418,0
f1190508-561a-4b79-9da9-2dccdcddb335,Maharashtra,iOS,Search,5,Feature-Rich,504,0
a87326c7-2e23-40cd-83b5-819db138d183,Delhi,Android,Profile,5,Crash,441,0
d8bfae78-f24f-4ca5-a6b2-03c6461f3d05,Delhi,iOS,Notifications,1,Great UI,534,0
5b127a36-951c-4b74-a99e-15c524d02024,Delhi,Android,Notifications,2,Great UI,351,0
279f4c09-5ba3-45cd-93b4-03377cc6d635,Karnataka,Android,Search,2,Feature-Rich,479,0
78a5554e-198d-4d0a-8f3f-09b40456acb9,Tamil Nadu,Android,Profile,2,Great UI,318,0
8fe2966e-ffbb-46d6-b461-ffa87474c0d9,Maharashtra,Android,Profile,4,Crash,260,0
d00c7c5c-7f76-414b-b231-61631702973d,Uttar Pradesh,iOS,Home,4,Great UI,362,0
93a0867a-f48b-4b6f-be0f-3db7a1043d0b,Uttar Pradesh,iOS,Profile,4,Confusing,484,0
24f345e2-9c32-46c2-b1eb-62ca9fc114d8,Karnataka,iOS,Profile,3,Great UI,419,0
53688508-d346-48a7-a19d-a425ef97c934,Delhi,iOS,Notifications,4,Crash,365,0
e41b24ad-57b1-4939-81bb-cc400f224ef2,Uttar Pradesh,Android,Profile,5,Great UI,250,0
89c36cb0-a136-40e8-afb2-7144f9007373,Delhi,Android,Notifications,5,Confusing,89,0
789fd6be-0320-4bb0-871e-531efb569e92,Maharashtra,iOS,Profile,1,Easy to Use,319,0
ef17d2c3-c2b0-4b5e-ad1a-664187908895,Delhi,iOS,Profile,4,Great UI,301,0
c84aa571-22a8-471d-8d2f-d5e7cedd174b,Tamil Nadu,Android,Search,4,Great UI,177,0
93e4a903-8d85-497b-84ae-3cc71cce58bb,Uttar Pradesh,Android,Settings,1,Feature-Rich,113,0
db17d164-9704-4576-aea6-b3770e6d0c45,Tamil Nadu,Android,Profile,3,Great UI,598,0
2ed1c0cf-35d9-44f0-9639-564d80b826d2,Tamil Nadu,Android,Settings,4,Confusing,65,0
bd1fb6e5-9bce-4a54-8f96-fd00367e00d5,Delhi,Android,Notifications,4,Feature-Rich,494,0
99b7e5f8-66a9-4be4-abc9-2f06d398529e,Uttar Pradesh,iOS,Home,2,Confusing,554,0
aea6940a-c6d6-4b79-84d3-1082be9ab8e6,Karnataka,Android,Home,3,Buggy,212,0
8c0672ed-8eb0-4cbd-a144-fe020b9694bc,Uttar Pradesh,iOS,Settings,1,Helpful,298,0
5e9abcca-1eb0-460c-9a25-e3cebf8176f1,Tamil Nadu,iOS,Search,1,Feature-Rich,268,0
fd9a8968-7541-477a-9083-514f409abb64,Delhi,Android,Notifications,3,Great UI,310,0
0243f4d5-d2c9-4bb7-a8c4-5e969b04bd27,Karnataka,iOS,Search,3,Slow Loading,124,0
473be074-61e9-4c97-b6c9-83b7db1f69e0,Karnataka,iOS,Profile,2,Crash,557,0
0a778149-f6b0-4c15-8dd5-78ab77d3ff62,Maharashtra,iOS,Settings,3,Feature-Rich,479,0
9e2b0bd7-2877-479b-88ae-62037691bfb2,Maharashtra,iOS,Home,1,Feature-Rich,391,0
b934e5c8-b034-4a83-9593-18f30c0b162d,Uttar Pradesh,Android,Settings,5,Crash,355,1
e7aaf438-5912-47c0-8fbd-23e3bc45e248,Delhi,iOS,Settings,1,Great UI,273,0
9d015071-6ffa-478f-926d-bba73ededffa,Karnataka,iOS,Home,2,Buggy,320,0
a4c52426-b798-45ff-966a-7ab6d1fd6ba7,Uttar Pradesh,Android,Home,3,Helpful,230,0
dbe8c408-dec0-4e5e-a8ab-8a5f04d97746,Tamil Nadu,iOS,Profile,3,Slow Loading,418,1
f00f1878-2505-41ed-aed9-55ec54e407d6,Delhi,iOS,Home,4,Easy to Use,29,0
cfac6b0d-8d92-4727-b5df-73a553623e5b,Maharashtra,iOS,Search,4,Feature-Rich,109,0
7ab4cc88-2414-48b0-9ac7-2a85b38e8d25,Karnataka,iOS,Profile,1,Buggy,481,0
67fe22dd-939e-44bc-a10f-a0c8d72f614f,Uttar Pradesh,iOS,Notifications,4,Helpful,581,0
815f1fe5-5fbf-4f8c-9844-f3d2138b0aa7,Delhi,iOS,Search,4,Great UI,483,0
d134e174-55ff-49ee-980a-c84b0f5234dc,Tamil Nadu,Android,Notifications,2,Confusing,271,0
704a0f3f-358c-4008-a656-764022a51623,Uttar Pradesh,Android,Settings,5,Feature-Rich,95,0
d8d4a83b-a5d5-4ce0-b65c-e121253ee541,Uttar Pradesh,iOS,Search,3,Feature-Rich,472,0
13630930-66ff-49ee-84a6-3246f3e4894d,Karnataka,Android,Notifications,5,Great UI,370,0
5708b9cc-2f3c-4e79-a587-e9ab0aab77f3,Tamil Nadu,Android,Search,5,Helpful,250,0
404a9aa0-1b95-4239-b6e6-a3371d6ea510,Uttar Pradesh,Android,Settings,5,Crash,109,0
c34c52a6-94a0-4252-aac1-b8f33a840cdb,Maharashtra,Android,Notifications,3,Great UI,172,0
83be9909-7163-4cf8-9ea4-d8185790932b,Tamil Nadu,iOS,Search,2,Confusing,295,0
8e5bb410-7610-404e-b123-f3b0e1353729,Delhi,Android,Search,5,Confusing,240,0
9b83d7e9-421f-4dd4-94bd-81068ac225bd,Tamil Nadu,iOS,Search,4,Great UI,191,0
6b29f75b-148d-4bc6-bb02-00e52d3b062b,Karnataka,iOS,Settings,2,Crash,402,0
8b2183b9-f7d5-4713-be4a-9596cb5b9fa4,Tamil Nadu,iOS,Settings,2,Slow Loading,239,0
4a2112c9-d69c-4570-a84a-8be8f929452c,Uttar Pradesh,Android,Notifications,5,Confusing,33,0
72e74171-8012-41c2-b3ee-2ff7f746a1f1,Maharashtra,Android,Notifications,4,Crash,389,0
5e40aae8-961d-4caa-b8fd-4eb4efe212e2,Uttar Pradesh,iOS,Notifications,5,Easy to Use,175,0
f73173ce-5994-4baf-bdc4-45c636360c97,Maharashtra,Android,Settings,2,Feature-Rich,145,0
2bbd837a-0b05-44a9-bdc3-fd78b8a8f740,Karnataka,Android,Notifications,4,Helpful,260,0
cb5d3f16-dc34-462b-a0d1-ab4c587f7275,Tamil Nadu,Android,Profile,4,Crash,349,0
24cd95cc-7983-4e64-90b9-ec859682e687,Maharashtra,Android,Settings,1,Slow Loading,43,0
1232c93f-9166-4491-9c4c-98a72f938960,Tamil Nadu,iOS,Settings,1,Confusing,276,0
2547baac-2f1b-4d54-b043-d651f0ec9eaf,Uttar Pradesh,Android,Notifications,5,Slow Loading,459,0
824cf850-5288-4131-9c40-634892a73a67,Karnataka,iOS,Settings,1,Feature-Rich,419,0
652836fb-9fc5-458b-8f35-8fd09aa0878d,Uttar Pradesh,iOS,Settings,1,Crash,159,0
284170bf-afcb-4bd8-9936-feaeb55c3cfc,Uttar Pradesh,Android,Profile,3,Confusing,357,0
e41bda20-8490-4932-ae54-051bf959cb0e,Maharashtra,iOS,Profile,3,Crash,347,0
90ec4165-b2a2-4967-bc39-3868ed5deb1c,Karnataka,iOS,Settings,2,Buggy,360,0
a7609094-d9b2-4505-b498-f816989a24b2,Tamil Nadu,iOS,Settings,3,Buggy,46,0
b2a87433-9891-409a-a6b5-7eecc8b7c090,Maharashtra,iOS,Home,2,Feature-Rich,587,0
f5092ed8-8361-47b3-98ac-a32dc1fac5d3,Delhi,iOS,Profile,5,Buggy,496,0
83065cc1-a0d7-45d0-9700-5d0de861d4ff,Delhi,Android,Profile,2,Buggy,403,0
e7753f3f-f05e-4830-ae54-39799c25f457,Maharashtra,Android,Profile,5,Buggy,161,0
4c866218-65fe-4c82-80f9-c5e5fdd79ec1,Delhi,iOS,Notifications,5,Confusing,498,0
65d152ae-9f81-4239-80db-057ea6404207,Maharashtra,iOS,Profile,5,Feature-Rich,545,0
6ff08ba7-fd83-45c4-9c21-1ea5161ad5ab,Tamil Nadu,Android,Notifications,4,Great UI,505,0
d64b302a-7be9-4837-ae5c-a6f68aa98768,Karnataka,Android,Search,2,Buggy,221,0
77b79bae-8fff-4787-b0cc-add4a6515483,Delhi,Android,Profile,3,Helpful,480,0
6ab4dcd2-d879-4b0d-8eb7-d99646784bd4,Karnataka,Android,Profile,3,Slow Loading,418,0
e5b9ef00-8986-49fd-9820-b5008d19354d,Delhi,Android,Search,5,Crash,67,0
9cdf8d1e-deb0-42bc-bb95-f6afe095c553,Uttar Pradesh,Android,Profile,3,Great UI,260,0
acf58b65-4938-4e87-b275-2959b7c4df89,Tamil Nadu,Android,Home,5,Buggy,575,0
a0d6c2f6-0d1d-4f8e-98c5-013f68cabece,Maharashtra,Android,Profile,5,Buggy,72,0
f030014e-22ca-46f7-a3dd-624df16c88d8,Maharashtra,iOS,Settings,1,Slow Loading,336,0
6ec147ff-b379-452b-810b-26911fdda233,Karnataka,Android,Settings,1,Helpful,95,0
17a6f6b6-0f71-4bb4-81de-3cc915efa4b8,Karnataka,Android,Notifications,4,Buggy,592,0
8bab3885-9619-41a4-85d5-9baf479211a8,Tamil Nadu,Android,Settings,2,Helpful,10,0
a756b34d-a507-4ad7-b0a8-2581e1c64dba,Tamil Nadu,iOS,Settings,2,Feature-Rich,529,0
69e0c974-fdb0-4c87-ac30-1dda313271ac,Delhi,iOS,Search,5,Easy to Use,359,0
e6f159ee-4bc7-43f5-aaba-061220c2aa34,Uttar Pradesh,iOS,Settings,1,Great UI,509,0
a766788d-990d-4dd9-a502-e25a51eb51f8,Uttar Pradesh,iOS,Settings,2,Great UI,77,0
db5acfd4-9416-4f22-a9bf-f191da270c08,Delhi,Android,Settings,3,Great UI,208,0
dbd8a893-dec8-4bb8-bba3-4023ca2044d0,Maharashtra,Android,Search,5,Buggy,337,0
f369e747-7d64-4a64-88bf-8d24a222d56e,Tamil Nadu,Android,Search,5,Easy to Use,594,0
15436476-1023-481b-86f0-f4d180ea70e1,Delhi,Android,Profile,4,Great UI,171,0
71dfeb1b-36b3-493a-ac3f-5cefc87b5de1,Maharashtra,iOS,Notifications,4,Confusing,285,0
1fff474b-18bb-4d8d-bc9e-3fa052600a69,Delhi,iOS,Search,3,Great UI,323,0
05331c76-b5da-49da-b317-1e52cffa932b,Delhi,iOS,Settings,3,Confusing,586,0
c1530cbe-bcc2-4f99-9635-7be0210ab51f,Tamil Nadu,Android,Settings,1,Confusing,372,0
1dd53439-65aa-4451-add5-c10db5368a2c,Maharashtra,iOS,Search,1,Easy to Use,223,0
249c63c6-1c5a-4232-99a2-b0b4fbe04344,Delhi,iOS,Search,1,Feature-Rich,447,0
57576d60-0dda-45c4-9199-e21c42c2752a,Delhi,Android,Profile,5,Helpful,290,0
eede85dd-636c-4b38-80c4-f219c74f4d49,Maharashtra,Android,Search,4,Helpful,57,0
89378452-5d95-4e46-96a8-e653f82b7cfb,Tamil Nadu,iOS,Profile,3,Confusing,70,0
3208aba3-7ef8-456d-be12-401c4e07e20b,Delhi,iOS,Notifications,3,Helpful,301,0
42b28fd9-594f-4932-918c-de19137bade2,Maharashtra,Android,Search,4,Great UI,164,0
381a2189-87c6-44d1-8fd7-d72cc9035d87,Uttar Pradesh,Android,Notifications,1,Helpful,261,0
459120d6-3876-4a0a-8662-e64c5eb92613,Uttar Pradesh,iOS,Notifications,5,Buggy,32,0
f108fc84-12c6-4919-b549-1aafef92d875,Karnataka,iOS,Search,4,Easy to Use,198,0
067920c5-2935-4ada-a6ad-730ea68535b8,Maharashtra,iOS,Search,3,Easy to Use,275,0
cd4e5024-38be-4803-8ec4-33d7dd310cc8,Karnataka,Android,Home,4,Confusing,415,0
2422bddf-7695-430f-819c-993f435506e6,Karnataka,Android,Notifications,3,Slow Loading,589,0
846b9c25-ca2a-4214-9efe-9ec8d6e18367,Karnataka,iOS,Notifications,4,Buggy,598,0
2c5d574a-e600-4947-b051-b20135898f08,Karnataka,Android,Notifications,1,Crash,554,0
f2bb7b22-8db2-48d2-80e4-2fc997f5eabc,Uttar Pradesh,Android,Notifications,4,Easy to Use,84,0
e2a7b31d-dba1-402f-892b-8daaae92db1b,Tamil Nadu,iOS,Settings,4,Great UI,348,0
7c49fa44-e0ae-4b19-9ece-2ce691de632e,Uttar Pradesh,iOS,Settings,5,Confusing,31,0
4fcbd9f2-4d4d-43ed-baaa-121ff2cd9698,Delhi,Android,Notifications,4,Slow Loading,18,0
aec50d0a-6dd0-4e7e-ad31-ade875603648,Tamil Nadu,Android,Search,2,Feature-Rich,555,0
56d5f3e2-b864-4507-8f5b-1b28210fd574,Maharashtra,iOS,Notifications,2,Easy to Use,161,0
1b467eaa-1e5b-4267-8dce-93c18d7c881d,Maharashtra,Android,Home,5,Slow Loading,140,0
71cced41-484b-4fd6-b44b-f5730eac5d90,Karnataka,iOS,Search,2,Easy to Use,216,0
b8ab2b82-38e9-4684-8d7a-128c00b4a8c8,Tamil Nadu,iOS,Profile,2,Feature-Rich,37,0
d677602c-f849-442b-8b42-e645916effa6,Tamil Nadu,Android,Settings,1,Helpful,223,0
5805da3a-d405-48a3-abfd-ddbccd806fcf,Tamil Nadu,iOS,Settings,2,Easy to Use,399,0
ad7c53d3-beeb-4a29-92f6-1a3b1126ceee,Karnataka,Android,Profile,5,Crash,176,0
8024c0c5-08cc-4643-914f-b02e79298193,Karnataka,iOS,Notifications,3,Feature-Rich,435,0
d59480e8-702b-4eb2-8ccf-8b61990f499f,Karnataka,iOS,Settings,3,Crash,477,0
6c6cfe45-2c59-4f25-8d9b-8f0294771d52,Tamil Nadu,iOS,Settings,1,Feature-Rich,379,1
0cb93c14-5462-4042-9c43-b48d9b14084c,Karnataka,iOS,Search,2,Crash,409,0
1503e93c-f072-489b-b88e-93231c609311,Karnataka,iOS,Search,1,Great UI,264,0
2a5b5100-2033-4161-ba99-1486aedc8a2f,Karnataka,Android,Notifications,2,Great UI,491,0
db4cb83f-d348-49ae-af40-ec8128244a5f,Karnataka,Android,Search,3,Confusing,171,0
69dc3889-f3b8-4643-863f-1c650c78a482,Maharashtra,Android,Profile,3,Crash,176,0
02087d0e-e7b6-47a5-bcad-a5a9117eea51,Maharashtra,iOS,Settings,3,Buggy,338,0
695cf633-68ca-41e3-9b01-67ed21be557a,Karnataka,iOS,Home,4,Slow Loading,157,1
42597ed5-aeed-495f-b863-229b9954fc19,Karnataka,iOS,Notifications,5,Great UI,171,0
10f49655-bdc3-4672-bbb9-e69a9bb8d75e,Delhi,Android,Home,4,Crash,125,1
4bba822d-948c-498b-89ab-7915700052dd,Tamil Nadu,iOS,Notifications,4,Great UI,10,0
56c13100-2e96-4b5a-b36a-1ec6c6215857,Tamil Nadu,iOS,Profile,3,Feature-Rich,108,0
dbd54d70-41b3-4c47-add6-295565606b69,Uttar Pradesh,Android,Profile,2,Great UI,156,0
c4fafa50-78f4-4390-8286-0a6a6037b849,Karnataka,Android,Settings,3,Crash,265,0
485c783d-56e0-481a-9ccd-26b78477817c,Maharashtra,iOS,Search,4,Buggy,144,0
30038563-2ec6-4482-a06d-819bea52f350,Delhi,Android,Notifications,1,Confusing,59,0
a84b33f5-632b-4392-9918-c3fe606e6ae8,Maharashtra,Android,Profile,1,Easy to Use,175,0
7e069849-a2dc-41d3-a214-ef6039ac3d6c,Karnataka,iOS,Settings,3,Easy to Use,425,0
7b15c180-787a-48da-b64b-1459528456fb,Maharashtra,iOS,Notifications,3,Helpful,130,0
8e5bb8c4-2ce6-4a99-acd3-04b6be36d1cf,Uttar Pradesh,iOS,Search,2,Buggy,359,0
eb626322-ae91-4162-a63b-72173df0e4f4,Tamil Nadu,iOS,Home,3,Buggy,74,0
a94f1f9c-956d-435d-bd7e-ab6cf9b84eee,Tamil Nadu,Android,Notifications,2,Crash,242,1
26803d44-5228-4fe3-bfc7-924123f7b661,Karnataka,Android,Notifications,3,Great UI,365,0
80d5db36-2861-4f6e-a099-2490cd2b3a25,Tamil Nadu,Android,Notifications,2,Confusing,533,0
0af91278-ae57-4054-b990-8d9efaeb001d,Maharashtra,Android,Profile,3,Great UI,586,0
eeff978a-7716-4785-94ce-22423e59e2ea,Uttar Pradesh,Android,Notifications,3,Easy to Use,553,0
e44ff3d0-5c26-424e-b7fd-da9b5d96cfa5,Maharashtra,Android,Profile,5,Easy to Use,165,0
d9da3239-ee09-48af-93b6-41dcd11859cf,Uttar Pradesh,iOS,Profile,3,Slow Loading,420,0
a60ae31a-2f7f-4722-8c02-d393e5db3062,Uttar Pradesh,iOS,Settings,4,Feature-Rich,149,0
0290ec2e-cd18-44be-b6c2-57e8d72d1f00,Delhi,Android,Home,3,Buggy,223,1
c4d65a67-83d6-45b4-84dc-0f3c8bf74b9c,Uttar Pradesh,Android,Home,4,Great UI,157,0
3a33b692-8c86-4525-b601-c995536b7a21,Maharashtra,Android,Settings,2,Confusing,410,0
f3fa7bb5-d3e0-404a-b50f-f882905e4356,Maharashtra,iOS,Home,2,Buggy,153,0
3a1df733-54a0-4be2-aaa5-28a8d11ea323,Karnataka,Android,Profile,4,Great UI,292,0
d7d37fb1-aedd-4e3b-97b7-6955b7b9b0c5,Karnataka,Android,Notifications,3,Crash,492,0
0d9ed845-fdab-4edb-be31-573742ee4646,Tamil Nadu,iOS,Home,5,Helpful,167,0
513c3d75-c780-4c21-8f9a-12050e2b4da3,Delhi,iOS,Home,4,Buggy,125,0
32814487-de24-4804-bf22-67b5d77dcf7a,Tamil Nadu,Android,Settings,3,Easy to Use,545,0
67f3785d-b738-4d7a-b0d6-23200559498d,Uttar Pradesh,iOS,Profile,4,Confusing,441,0
0b221026-e055-4be2-bbdd-7ff4dc4e936f,Karnataka,iOS,Search,3,Feature-Rich,439,0
e0b663da-522b-46fb-b7c2-2774f450ea5d,Delhi,iOS,Home,1,Crash,507,0
3c51322a-0383-41b6-ab56-b1f0bac5842e,Tamil Nadu,Android,Notifications,4,Buggy,116,1
5a3b9396-d625-4a88-a060-1ebcf4e891f1,Tamil Nadu,iOS,Notifications,5,Confusing,53,0
46c880ee-5567-40fc-a50d-caa6f19f2ec3,Uttar Pradesh,Android,Notifications,1,Crash,254,0
3728626b-e1e9-468b-8ea8-a198a618b34a,Uttar Pradesh,iOS,Settings,1,Feature-Rich,460,0
539e11b2-49a6-4775-aa98-78ed55805176,Uttar Pradesh,Android,Settings,4,Slow Loading,231,0
f03a8d93-5116-4d34-95c9-0a9e2a2b0920,Karnataka,iOS,Home,3,Confusing,39,0
35d1f765-74f6-44b2-98e3-3ff694ddf465,Delhi,iOS,Search,3,Easy to Use,293,0
2c824b55-d4c6-48f6-aaa3-3c2d6fdf42e6,Karnataka,iOS,Settings,3,Great UI,224,0
aa592288-5ad7-42fa-9d5b-82ad08aa43b9,Uttar Pradesh,iOS,Settings,3,Great UI,521,0
3a6c8942-9991-4307-9f7f-dd8801847b7b,Delhi,iOS,Notifications,5,Easy to Use,334,0
228bc8ff-93ed-45d9-9ac4-26a87ea3d180,Karnataka,Android,Settings,3,Helpful,200,0
fe68c910-8771-4635-ac26-401fe3de1939,Maharashtra,iOS,Settings,3,Feature-Rich,458,0
bfe02d97-8838-4a8a-be4b-d9f8d03bb4a4,Maharashtra,Android,Search,1,Crash,204,0
40115fb5-dc05-4672-af0c-ebc9ba124e28,Uttar Pradesh,iOS,Notifications,5,Great UI,417,0
ecd6609a-7700-478b-aa2e-6b6e5250a6d7,Karnataka,Android,Home,1,Confusing,279,0
8b33dcd0-9214-4a6a-92c3-2d83554343d8,Delhi,iOS,Settings,2,Confusing,116,0
3a30f4ce-9caa-4360-b703-f78c9d53b03b,Delhi,Android,Search,2,Helpful,51,0
694d5ad1-a61f-4257-840e-d0c59159baed,Maharashtra,iOS,Home,4,Easy to Use,234,0
b597bae3-1e81-48b2-a235-8e00c2419d84,Maharashtra,iOS,Profile,2,Slow Loading,313,0
23b70f1e-2c4d-414e-80f7-86de3b281aa8,Karnataka,iOS,Settings,4,Easy to Use,432,0
dfbec915-015f-4cd2-b5ef-848c889f7c70,Uttar Pradesh,iOS,Notifications,4,Buggy,382,0
3c31efa7-67c7-499e-af4c-164f182ea17f,Delhi,iOS,Search,3,Easy to Use,337,0
5d513830-98a2-4da6-bc4c-2117f30bc8d6,Karnataka,Android,Search,2,Great UI,108,1
85d83ec4-d4ec-4ca6-897e-89b0fb7e67c1,Uttar Pradesh,iOS,Notifications,3,Crash,243,0
fbe3dac9-8215-4572-bd64-98ebc7598ef8,Uttar Pradesh,Android,Settings,3,Slow Loading,481,0
6081a2d7-7941-49cb-9575-5bf70527979d,Tamil Nadu,iOS,Home,2,Slow Loading,583,0
56882276-d95e-438f-a79b-18d4d04fe476,Karnataka,iOS,Settings,2,Crash,372,0
6736dd9e-1bf4-475c-9b32-3f9746b0027c,Delhi,iOS,Home,5,Helpful,451,0
62813629-0913-4fd1-b486-25fb2833d744,Maharashtra,iOS,Profile,4,Buggy,561,0
c6573e31-e0db-40cd-92ad-0b0edc295aa5,Delhi,iOS,Profile,5,Confusing,157,0
dda15c62-07e8-4b06-a154-1b82fb5145fa,Uttar Pradesh,iOS,Home,5,Slow Loading,376,0
b6816889-0b02-4524-a39e-9d17f59b1274,Karnataka,Android,Notifications,4,Great UI,209,0
75ea35d8-b5d7-4f2f-83e8-77ca8d0543c7,Uttar Pradesh,Android,Profile,1,Helpful,132,0
cac3110f-217e-4d59-b888-5d54ca80f0e9,Karnataka,iOS,Notifications,4,Confusing,400,0
2b38e931-6679-4a4b-8102-b4a39a749cd8,Maharashtra,iOS,Profile,1,Buggy,373,0
8b719bf3-a8f0-4d14-9dea-41e7e3c3de93,Tamil Nadu,iOS,Settings,1,Great UI,276,0
5dbe6c14-186e-4a92-8c80-81b67de8b232,Maharashtra,iOS,Home,3,Helpful,106,0
530fc899-cabb-4d22-8627-91ea07692615,Karnataka,Android,Notifications,1,Feature-Rich,107,0
3625fb14-ae7e-42f6-99d1-e774a536b3e0,Uttar Pradesh,Android,Home,3,Confusing,323,0
28a8beb4-66c0-4572-869b-97abba8b0c46,Uttar Pradesh,iOS,Home,2,Easy to Use,520,0
4b01cec6-55c2-4c07-bf61-c5a3f31ee33f,Maharashtra,iOS,Home,2,Feature-Rich,597,0
b297b275-f960-4744-8315-672e4d3f2043,Tamil Nadu,Android,Notifications,2,Helpful,41,0
d82f0b8f-9c01-466e-8251-81f9801c4aac,Uttar Pradesh,Android,Search,3,Crash,367,0
d80c7b1a-84dc-47c4-8a1c-747c012f08b6,Uttar Pradesh,Android,Home,4,Easy to Use,168,1
0f94c852-765f-45c7-a2ff-3227c697c9ad,Delhi,iOS,Notifications,4,Helpful,129,0
598f00fe-d9de-4e3e-8eb2-ef6055047354,Karnataka,iOS,Profile,3,Great UI,255,1
5454a6f4-8f52-4e26-92b5-88ffbd0f71bd,Tamil Nadu,Android,Settings,1,Feature-Rich,70,1
ad99792c-6512-42e5-b2e6-53bf0498dcef,Tamil Nadu,Android,Notifications,1,Feature-Rich,549,0
2075eb33-e1a2-4073-8bdb-762069a1383a,Uttar Pradesh,iOS,Notifications,2,Buggy,338,0
a5190a8a-b4ac-4568-bb76-4a9765b13b44,Maharashtra,iOS,Settings,4,Confusing,396,0
db188ca0-4aaf-444f-ade5-c0fca01497d8,Karnataka,iOS,Home,3,Helpful,408,0
cc72e869-7eb3-4a5f-98b2-0f69509497d0,Delhi,Android,Notifications,1,Easy to Use,101,0
b67aacde-9d6f-4af6-b512-e559354cad48,Uttar Pradesh,Android,Search,1,Slow Loading,58,1
3b979edb-787d-4e2b-adbc-0020bde48c8a,Tamil Nadu,Android,Search,5,Slow Loading,454,0
3e215af7-f547-4e96-8390-6377e683fc86,Uttar Pradesh,Android,Notifications,3,Slow Loading,229,0
de9614f2-2eb1-44e4-8fbb-24a4bfad6070,Maharashtra,Android,Search,1,Easy to Use,517,0
9f3e6b8f-814b-46e0-a199-8181030f1cee,Uttar Pradesh,Android,Home,4,Easy to Use,129,1
97836798-8b36-47f7-b343-2ef38861aa3e,Karnataka,Android,Search,2,Confusing,243,0
43f0be77-3bbd-40be-a8cd-da805f44c91a,Tamil Nadu,Android,Profile,2,Easy to Use,274,0
f1661b4f-7e0a-452f-a4a9-675c761eee14,Tamil Nadu,iOS,Profile,3,Confusing,20,0
3ddf3b6a-1170-4a68-8f24-07cf8517c013,Tamil Nadu,iOS,Search,2,Helpful,269,0
0c1894b3-a587-4810-a97a-39eec9ea4fdc,Tamil Nadu,Android,Settings,2,Easy to Use,82,0
594eb029-5abe-4bdf-b24c-01b0336d1be8,Karnataka,Android,Settings,1,Great UI,559,0
2b2f5dd8-fd48-4b9f-b094-d2c54960e02f,Delhi,iOS,Search,5,Buggy,301,0
a7cc55c5-203e-4ed2-b702-7b728b1be039,Delhi,Android,Home,4,Easy to Use,98,0
38cf0ba5-fdf1-4cd4-af32-20832fe647df,Tamil Nadu,Android,Profile,5,Slow Loading,490,0
860199da-17c1-409e-b0d5-6198304fdfc0,Karnataka,Android,Home,4,Great UI,95,0
849fb09c-4bc1-4ab0-82a1-f7026eeb024f,Karnataka,Android,Settings,5,Feature-Rich,458,0
63c3f724-00a1-47c7-8370-2458322d8c7f,Tamil Nadu,Android,Notifications,2,Easy to Use,335,0
b173c338-3b59-4918-af0b-302b38f7ef19,Karnataka,Android,Search,3,Great UI,368,0
fea72e08-65d4-4dac-be7c-65c7b513b9da,Karnataka,iOS,Settings,2,Buggy,527,0
46e31258-ef62-4ad9-8fbb-281f504ffa5f,Maharashtra,Android,Search,4,Slow Loading,461,0
33138a8d-ce9a-449c-8386-a23a0f44d474,Maharashtra,iOS,Notifications,2,Great UI,570,1
69dd3ba0-f136-42f8-99ee-00a02c28f5e2,Karnataka,Android,Home,4,Slow Loading,183,0
ff72d438-85e7-4dfe-ade6-81ab56af6d31,Delhi,iOS,Home,2,Crash,249,0
8d77b274-9cc1-4d79-8109-6e6570cf591c,Karnataka,Android,Settings,5,Crash,239,0
d682a9b6-2c04-4d12-8898-f4b08b15af78,Karnataka,Android,Home,4,Confusing,299,0
9100cb7d-9b0f-40da-aebf-4e670d0776f2,Tamil Nadu,iOS,Profile,4,Buggy,363,1
830ffbfb-3c6e-43b1-a71f-157bda548b76,Tamil Nadu,iOS,Profile,4,Feature-Rich,239,0
cbac6c86-5511-491b-b594-506e5bf85a16,Maharashtra,iOS,Search,2,Feature-Rich,31,0
e6476f5b-ca73-45a0-8673-87dfe2d3341e,Delhi,Android,Home,4,Confusing,564,0
d3ed4810-610c-4028-81fa-d740d33da08b,Tamil Nadu,Android,Search,2,Confusing,441,0
b659eecb-0040-4d18-9842-ab09de5d7f84,Tamil Nadu,iOS,Settings,4,Helpful,382,0
1f578466-cada-4838-8266-1d194635113c,Tamil Nadu,Android,Notifications,2,Easy to Use,232,0
da09c024-f9f6-4d7a-8e80-21575b549305,Uttar Pradesh,Android,Notifications,3,Helpful,571,0
1f9d94f1-f845-4324-aa6d-ca53aa978409,Tamil Nadu,iOS,Search,2,Confusing,154,0
8211dd3d-c423-4343-a2c0-72162f79e547,Uttar Pradesh,iOS,Search,5,Confusing,62,0
2f16729a-314a-4f21-9bcb-b2d5a487a9d1,Delhi,Android,Settings,5,Confusing,194,1
8bdb0df4-079d-45d4-8d13-e379302e4646,Karnataka,Android,Settings,5,Great UI,289,1
7c29607b-d167-4b4e-9596-8347f92dfd26,Uttar Pradesh,Android,Settings,5,Easy to Use,164,0
2928fd03-fa32-4eb5-afee-eaac10c85af8,Tamil Nadu,Android,Profile,4,Feature-Rich,553,0
50d96bcb-a093-4542-9e63-5de4bcadd804,Karnataka,Android,Home,1,Slow Loading,18,1
020d9ea1-8197-4bb0-8a52-bf053acdccda,Karnataka,iOS,Home,3,Feature-Rich,217,0
1110f615-45cf-4946-9492-fe746560b0ab,Maharashtra,iOS,Home,3,Feature-Rich,467,0
b863813d-f12c-4101-837d-f09891939aed,Maharashtra,iOS,Search,1,Great UI,165,0
acd7a39d-3a77-4caa-be38-ed7a3ec7d546,Karnataka,iOS,Profile,5,Helpful,297,0
66bd3a95-9ac8-4641-a31f-698e2169df0c,Maharashtra,Android,Profile,4,Crash,50,0
7bc18a25-0a6b-42e7-9d0c-6422d3dd3a76,Tamil Nadu,iOS,Settings,4,Great UI,30,0
94b65460-304b-4d69-8968-2493b46a8f14,Delhi,iOS,Notifications,5,Great UI,468,0
5283c5e8-9c7a-4c8c-9e5e-467fa14e650c,Tamil Nadu,iOS,Search,1,Feature-Rich,80,0
5bd8ac57-7bb2-4dd2-b7a5-0ab91b9c771f,Uttar Pradesh,iOS,Settings,2,Crash,211,1
8d9030ee-ebff-46c7-8871-d213922c88a2,Delhi,iOS,Home,3,Helpful,26,0
d96c3f49-dc4b-4955-ae6f-3971ffbd4cd3,Uttar Pradesh,iOS,Profile,3,Buggy,206,0
1a1bf3d3-b092-4da7-94c1-e5db79d23f85,Uttar Pradesh,Android,Settings,3,Great UI,63,0
681f69dd-8dc6-443b-93f9-8a80628ba9f7,Delhi,iOS,Settings,4,Feature-Rich,51,0
c5d99005-c5ec-4881-9e95-00f2bdcd74be,Tamil Nadu,Android,Search,5,Slow Loading,143,0
d4c08fcc-0d1e-4660-8bc9-dabe02bb3052,Uttar Pradesh,Android,Notifications,1,Buggy,399,0
468c918b-2fe2-442a-9b91-63f166de86eb,Tamil Nadu,iOS,Settings,1,Buggy,394,0
1d8a3f02-677f-43fa-879a-26beb3a21494,Uttar Pradesh,iOS,Settings,3,Great UI,364,0
c8c4a17c-2500-479d-adc3-ba4bf353b0a0,Uttar Pradesh,Android,Settings,3,Buggy,95,1
7aa72951-598f-458c-b8e0-d21962179989,Karnataka,iOS,Notifications,1,Slow Loading,141,0
0b72f49d-c34d-4f71-ad1f-66d1bf0ef731,Karnataka,Android,Home,2,Feature-Rich,76,0
7b0a4c0a-ef94-40bd-b9af-2a6350acf0eb,Maharashtra,Android,Home,1,Slow Loading,359,0
6549539a-e1b2-4003-bc86-22e21b8b407b,Uttar Pradesh,Android,Profile,5,Helpful,348,0
bc3b896b-c740-482e-9800-432fe1c2dafa,Karnataka,Android,Home,2,Easy to Use,93,0
dc2906d4-eb2c-4626-b1ed-b4f31134ce85,Karnataka,Android,Settings,2,Easy to Use,61,0
18178d17-a1eb-4938-9348-d51b179a0a57,Tamil Nadu,iOS,Notifications,2,Helpful,212,0
729055ce-597e-4c35-9f17-6f3b495eed98,Tamil Nadu,Android,Settings,3,Slow Loading,463,0
b8220c90-504d-4ea4-970d-d9446bab7103,Karnataka,Android,Profile,2,Buggy,157,0
6641dd29-4364-4d9c-8715-af0b6dc809b9,Uttar Pradesh,Android,Home,1,Easy to Use,201,0
4c57a76d-9db4-4c81-ba18-b314e279080b,Maharashtra,Android,Settings,5,Buggy,432,0
cdbe3483-0aeb-414a-b2e8-800add0e8c30,Delhi,Android,Settings,3,Feature-Rich,256,0
b7d68200-085a-48b2-bc22-ed08c12c1f9b,Delhi,iOS,Profile,1,Slow Loading,74,0
31acd40f-1af0-4c4e-999e-eb7be90ef16f,Karnataka,iOS,Home,4,Slow Loading,100,0
ba854932-6a5a-4f50-b4d2-61751cddf4ee,Delhi,Android,Notifications,3,Feature-Rich,471,0
8307f583-1ad6-41c0-91d5-f5cebb62ea23,Tamil Nadu,iOS,Settings,3,Helpful,330,0
cda7b2af-d227-45b5-b8df-0446dfa4e547,Maharashtra,Android,Notifications,2,Slow Loading,371,0
61fd3711-e976-477e-99e7-14754d80b561,Tamil Nadu,iOS,Settings,4,Helpful,473,0
decf0866-0c65-4cce-b61b-3b11e185d37c,Tamil Nadu,iOS,Home,2,Feature-Rich,400,1
1e1539c6-1e6f-4c47-b807-8223ccd1682d,Maharashtra,iOS,Search,1,Confusing,186,0
0df38b16-9e2e-4a2d-a43c-89aa3b5d5185,Maharashtra,Android,Home,1,Confusing,493,0
3fdfe7d2-84b4-4ffa-a44b-a9703cf14e7b,Delhi,Android,Home,4,Confusing,172,0
3c0bb712-f473-4a98-b584-4a9add126bd1,Uttar Pradesh,iOS,Profile,2,Helpful,521,0
7a79d1c5-5523-47bc-84b8-1d5f7f572566,Maharashtra,iOS,Home,3,Crash,78,1
02317de2-a9c3-4c64-aacc-247a85b34eac,Tamil Nadu,iOS,Profile,2,Helpful,231,0
d593b485-72c7-42bd-b255-74dc8a230af1,Karnataka,iOS,Profile,3,Buggy,449,0
042022a5-8175-405e-be51-b401f4d72ee7,Uttar Pradesh,Android,Notifications,3,Feature-Rich,392,0
d97b5f6d-dfa9-471b-9165-e6918d91f2b6,Maharashtra,iOS,Notifications,4,Crash,28,0
ecc3e5b0-4372-443f-a9de-906ec6c17d55,Tamil Nadu,Android,Profile,3,Easy to Use,330,0
bf2684c6-fb54-446b-aff9-63566141657d,Tamil Nadu,iOS,Notifications,3,Feature-Rich,209,1
ff1de677-cc08-4ea2-8d4c-71b4f39d6e9f,Delhi,Android,Notifications,5,Easy to Use,265,0
d6b638cc-32fc-4fb8-8ca3-560588d8573a,Tamil Nadu,Android,Search,5,Crash,403,0
681b3515-a8a1-4ad9-9ae7-3e1346a552f0,Uttar Pradesh,iOS,Home,5,Helpful,483,0
e6e4e9a5-959a-4993-9833-bf7964152f2a,Delhi,Android,Settings,4,Easy to Use,292,0
adc87886-621c-471d-906d-25dd483c8f04,Delhi,Android,Settings,2,Easy to Use,13,0
426e784b-4b6e-4cf0-b5ce-e3a066b00b1d,Uttar Pradesh,iOS,Notifications,2,Buggy,337,0
7b6f03f1-5340-4767-9a85-3bb4ee248fa8,Delhi,Android,Profile,5,Crash,312,0
3f8bea7f-bb15-4ae9-9dbe-018f3af15d4b,Maharashtra,iOS,Profile,4,Confusing,21,0
436b74e6-65d0-4753-84a9-13a9b8b62058,Maharashtra,Android,Search,1,Slow Loading,441,0
a23d620b-5af8-49b7-b2e0-3cabc02717c4,Tamil Nadu,Android,Settings,4,Great UI,464,0
0204315c-5bb2-44e5-85b6-05c03f6b815e,Karnataka,iOS,Settings,3,Easy to Use,474,0
0b622c3d-452c-433a-8d61-0dfb5c58bf60,Uttar Pradesh,Android,Search,1,Crash,63,0
7bb37917-a6dc-4ccc-84e1-88c07926c5c3,Uttar Pradesh,iOS,Search,2,Feature-Rich,394,0
d5c0a186-956b-4bb9-a7f6-a91d9574cb97,Tamil Nadu,iOS,Settings,2,Feature-Rich,45,0
2562b0b2-1d36-4626-b983-f76f2da29048,Delhi,Android,Notifications,1,Great UI,518,0
f763a008-3085-481e-b365-fd938ba5cd2b,Karnataka,Android,Profile,1,Great UI,250,0
a7aa1eb7-32e4-4eee-b356-c26cc5d9a105,Delhi,iOS,Search,1,Confusing,361,0
03c5d9c3-d369-48f7-a0a2-dcd6ebac2fe9,Tamil Nadu,iOS,Notifications,1,Confusing,415,0
b4a22272-6f4e-40be-987a-f4fd95e655c4,Uttar Pradesh,Android,Profile,4,Great UI,128,0
4147162b-1155-479e-a9b1-771389574526,Delhi,Android,Profile,1,Slow Loading,63,0
bcf9a277-a4d6-4ec3-b6e4-dbb46a5a26d1,Maharashtra,iOS,Home,1,Easy to Use,248,1
66482b3f-6f87-45b5-93e3-b34a4fb1962d,Maharashtra,iOS,Search,4,Confusing,29,0
e945172c-6c80-4652-8e44-bf6c06800ed9,Delhi,iOS,Home,4,Crash,51,0
c677cac8-649b-4be9-9d8e-ad674c395140,Karnataka,Android,Profile,5,Helpful,17,0
30a19810-43e7-415e-9050-c021c46f1f7a,Karnataka,iOS,Notifications,2,Confusing,227,0
a4279f20-962f-4f0e-a960-3745385d24ed,Karnataka,iOS,Search,5,Feature-Rich,533,0
b509cd29-beb3-4cc6-ab01-f9453eb5bada,Maharashtra,iOS,Search,2,Feature-Rich,276,0
b85ccb79-5cdb-4b0b-89a0-d77a2abb43cd,Delhi,iOS,Home,4,Confusing,219,0
389326fb-0bd3-4c42-8472-8bfc0f5d48bd,Karnataka,iOS,Home,2,Easy to Use,593,0
a4d3064c-40a3-4c31-9a7d-84f7f8517a99,Delhi,Android,Notifications,3,Feature-Rich,484,0
98c34ffe-66d1-476b-9848-a3982a2076f9,Maharashtra,iOS,Profile,5,Slow Loading,327,0
e26c4024-5b82-4fc2-b1ae-866b52284cb5,Maharashtra,iOS,Profile,4,Confusing,345,0
9f78ebf2-a8d4-4303-a691-27ecac4892f5,Tamil Nadu,Android,Settings,4,Buggy,264,0
97594993-7fd1-4427-8e7a-b33428193fe5,Karnataka,Android,Home,5,Slow Loading,21,1
7c776645-651d-4f27-9bff-0ad5920c9e7b,Karnataka,iOS,Settings,4,Great UI,109,0
b748a5f2-1015-49a4-adcb-a4e20821f877,Maharashtra,Android,Settings,3,Crash,296,0
4dcb2d5d-cc50-4450-8348-e295b72d3a3e,Karnataka,iOS,Home,1,Buggy,155,0
fe367bf4-191f-4aaa-bc86-dd3a78161d10,Maharashtra,Android,Home,4,Great UI,24,0
5f44510e-941d-4c59-a659-6e2150cd8681,Maharashtra,iOS,Notifications,5,Buggy,286,0
74c94009-ead3-4351-8f2b-48e03b5ee8e0,Uttar Pradesh,iOS,Home,2,Easy to Use,76,0
3d44d7ab-84f9-4702-a097-05ecc670f3d9,Tamil Nadu,Android,Home,4,Confusing,486,0
98ec33b2-e31d-4aa6-8b29-4548d59d2bba,Karnataka,Android,Home,3,Buggy,500,0
be57559a-a0e1-46d9-9ecd-d62ae2d42d17,Delhi,Android,Search,2,Easy to Use,468,0
ddbcfa83-df47-45b7-9c72-c3f9dd906578,Karnataka,iOS,Notifications,4,Easy to Use,58,0
5975d71e-f600-40a3-b6d7-fe55d45217f5,Karnataka,iOS,Settings,4,Great UI,392,0
dd229846-25c0-4d3e-b0ee-8351d7f930b2,Delhi,Android,Search,3,Confusing,188,0
92c17da2-f200-428f-a933-6ca7735f1997,Delhi,iOS,Search,3,Great UI,516,0
0d8d06ae-9f24-403e-8fb1-51f1bef87caa,Tamil Nadu,iOS,Settings,1,Buggy,150,0
9fe5ff41-324f-4d2e-b40c-4b30b7343f7e,Delhi,iOS,Settings,5,Great UI,53,0
dec1b428-4a10-43c2-a99a-dba8599505a5,Maharashtra,iOS,Notifications,2,Great UI,220,0
32baa89f-08b8-414a-acbd-0838d4f94bfe,Tamil Nadu,Android,Settings,1,Slow Loading,542,0
02f52e60-8565-4c29-b204-8c486113cdca,Karnataka,iOS,Notifications,2,Easy to Use,352,0
ae952f19-0e82-433c-a342-78d87edfce7c,Delhi,iOS,Notifications,4,Confusing,234,0
341e4d8a-48c6-4e78-94bb-cbeb4225aea4,Tamil Nadu,Android,Profile,4,Great UI,202,0
b1aa1db4-0e7c-44a2-9583-242c832aa7cb,Uttar Pradesh,Android,Settings,2,Crash,323,0
b1404281-1955-4253-81df-af3c5dbd8279,Tamil Nadu,iOS,Profile,5,Crash,205,0
fd8bb59c-f742-4c15-8aed-f43764b06530,Karnataka,iOS,Home,2,Great UI,83,0
7b3b831e-7ac8-4c6a-928f-888d6abe937d,Tamil Nadu,Android,Settings,3,Confusing,20,0
e70236ee-4612-4327-838d-9ad39cbae3f5,Delhi,iOS,Settings,3,Easy to Use,321,0
a27337fe-f113-419b-9b3c-5cce319d0b70,Uttar Pradesh,iOS,Notifications,5,Slow Loading,513,1
c7246fc1-3fe6-42b7-bc1b-4bdb1265f9e9,Tamil Nadu,iOS,Search,1,Buggy,494,0
f1d8bc38-13aa-4910-a1de-8ec03db761cd,Tamil Nadu,Android,Settings,5,Feature-Rich,512,1
fee56075-f3db-40df-958e-ac784c6dca28,Tamil Nadu,Android,Settings,1,Helpful,268,0
4865c447-70fb-48b1-b4ec-d6550b2d49dd,Karnataka,Android,Home,4,Confusing,355,0
8566b638-7f5f-4714-8732-dd2dceb68aa6,Tamil Nadu,Android,Search,3,Helpful,231,0
5fb5efc7-1c49-4681-b9f4-94bb2b5dffb8,Karnataka,Android,Profile,5,Slow Loading,528,0
aa24b8b7-764d-46ed-9289-8c90dc09a393,Uttar Pradesh,Android,Settings,3,Confusing,558,0
5a8aca19-f50d-492d-8e17-c7b58e7c6ad0,Karnataka,iOS,Notifications,1,Helpful,188,1
b8072dfb-9060-4f14-ac18-9ee14d474cbc,Delhi,Android,Home,3,Feature-Rich,446,0
d0c471e8-a09d-4a43-a948-0f7a976cd044,Maharashtra,Android,Profile,4,Helpful,265,0
ad958601-cb02-4400-ae86-7828c042e5f9,Maharashtra,iOS,Home,3,Great UI,238,0
cdb17bf8-5763-4d10-9af3-4d3ad1961e4f,Uttar Pradesh,iOS,Profile,4,Crash,113,0
568a4842-dcf9-4987-baf4-355be875a32d,Maharashtra,Android,Settings,4,Feature-Rich,450,0
9b544c72-b1ff-461e-97b3-69a630277b61,Uttar Pradesh,iOS,Notifications,1,Confusing,495,0
85356cf9-6e7f-4528-9eb9-88ebdb0fc3ed,Tamil Nadu,iOS,Home,1,Crash,279,0
b821ec50-894b-4e4a-b67f-1fad49eeb76a,Delhi,iOS,Settings,5,Easy to Use,150,0
0fd3bda9-c13d-497b-94d2-cce5e76a5726,Maharashtra,Android,Notifications,2,Easy to Use,466,0
275b6b4e-8ef0-486f-a11e-4600caed816e,Uttar Pradesh,iOS,Notifications,3,Helpful,78,1
e45d7295-e294-40fc-86f1-801984082da8,Maharashtra,iOS,Home,5,Slow Loading,247,0
86619f69-b589-4a1f-a592-5a791a0cdd0e,Delhi,Android,Settings,1,Feature-Rich,71,0
954f24a1-19ce-4ebd-b031-68edbe7c670b,Karnataka,Android,Notifications,3,Slow Loading,320,0
65395bd4-c93b-413d-9a0f-aef0e31a9894,Maharashtra,iOS,Profile,4,Easy to Use,203,0
e06f5cd6-ddd6-4cb8-8601-fd7b0639d305,Tamil Nadu,iOS,Profile,1,Great UI,407,0
d62754d9-478a-4594-9e61-70d2f18699f8,Uttar Pradesh,Android,Profile,2,Great UI,79,0
c2081733-44a5-43e4-bbd2-d8fe6e21d5d8,Karnataka,Android,Profile,4,Feature-Rich,240,0
c9924c6f-c791-4789-a11e-2496b1c2be6d,Tamil Nadu,Android,Settings,1,Feature-Rich,414,0
85b4bb3a-ae20-4460-94ca-d24e845d9253,Delhi,iOS,Settings,5,Easy to Use,140,0
5e0cb867-9502-457e-a7f8-5fe1f4ac9c50,Uttar Pradesh,iOS,Profile,2,Buggy,519,0
385ef084-88ca-4ca0-9303-f2ffc0a1d785,Tamil Nadu,Android,Settings,1,Crash,159,0
0ca8ae04-f46c-4155-ae67-4dfc7215d829,Karnataka,iOS,Search,4,Buggy,485,0
0eaa7205-a1fc-4d81-a7f9-cdaecac00eba,Delhi,iOS,Notifications,5,Feature-Rich,325,0
063ba526-ca74-4b11-91e8-5237c2389277,Tamil Nadu,iOS,Settings,5,Great UI,490,0
9e52c678-2379-4e3c-a5c4-2e50bf5d13c5,Tamil Nadu,iOS,Notifications,5,Crash,267,0
757e187b-3d6c-4baa-a9cc-e732e628f460,Delhi,iOS,Notifications,5,Easy to Use,330,1
df846e6e-3490-4d88-aa75-e5ec3eb67ee8,Delhi,Android,Notifications,2,Feature-Rich,323,0
365a903d-a199-48cf-b0ea-068be1d10986,Delhi,iOS,Search,3,Confusing,202,0
26cf10d4-d902-409e-8ad8-48847ae28e73,Maharashtra,iOS,Profile,3,Feature-Rich,219,0
806a6b47-03c8-4ebd-a91d-608e9508f3dd,Uttar Pradesh,Android,Home,3,Easy to Use,220,0
10e29d82-eae5-4bde-830f-4426e929824d,Delhi,Android,Settings,3,Easy to Use,411,0
df26533d-2aaf-48f4-b3c0-fb9f6ddb7966,Delhi,iOS,Notifications,3,Great UI,270,0
9a8afa15-846e-4b6d-805d-2a328757c98b,Delhi,Android,Settings,5,Confusing,13,0
9c53d154-71d6-413d-92b2-7f1c39e10dfc,Delhi,iOS,Settings,5,Buggy,533,0
46173df4-4ca3-4bf3-b69e-75450a7a7c6e,Maharashtra,iOS,Home,4,Helpful,120,0
fd6c7829-7485-4d5c-9259-3fe0dc279a31,Tamil Nadu,iOS,Home,2,Great UI,135,0
c9146d49-f7a2-4f24-bf11-9ba3ee0a6188,Karnataka,Android,Home,3,Crash,571,0
330cd5af-54ff-4e7f-8ea4-0516d727006b,Maharashtra,Android,Settings,2,Slow Loading,590,0
4a512b4a-85ea-4c4f-8802-7a531f80e345,Karnataka,iOS,Notifications,3,Buggy,450,0
f45d31ed-6ae1-4c37-8dad-fa75031b9bef,Maharashtra,iOS,Notifications,3,Easy to Use,165,0
6d29c2b8-bb06-42c4-85b6-49fe38abbc6b,Uttar Pradesh,iOS,Profile,2,Confusing,218,0
eaf98ede-48a6-4eb4-9e5d-e318402a84e3,Karnataka,Android,Home,5,Buggy,507,0
0696761f-2d0b-4054-bbb5-e9c8946c023d,Maharashtra,iOS,Profile,2,Helpful,179,0
9de3d90c-9acc-4e70-9882-25c6be0597fe,Maharashtra,iOS,Home,1,Easy to Use,325,0
0f7cf8c3-285a-49da-b2da-894076478f77,Uttar Pradesh,iOS,Settings,2,Easy to Use,112,0
d1fd3863-b6f9-4d23-afc2-7f4b83f44ac8,Tamil Nadu,iOS,Settings,2,Confusing,399,0
9f45652c-b976-4f22-8b01-846545845322,Delhi,Android,Settings,4,Feature-Rich,339,0
62e08e1a-f1fb-4bf4-8156-6ef6b80adcc6,Uttar Pradesh,iOS,Settings,5,Easy to Use,391,0
124187b4-0095-4a57-a90f-3b83e7ea9453,Karnataka,iOS,Profile,4,Easy to Use,233,0
3e7495a3-0803-4004-8faf-fcb95d4aa248,Tamil Nadu,iOS,Profile,3,Easy to Use,398,0
2abf4a6d-a920-4a0f-92e3-f2e852112bc6,Tamil Nadu,Android,Notifications,2,Crash,473,0
66422a25-7bda-4b99-8f4a-9ffaf229b86d,Karnataka,iOS,Notifications,3,Feature-Rich,400,0
69635ff5-6419-477c-be6f-4578ab7f3b0e,Tamil Nadu,iOS,Settings,1,Confusing,271,0
412a9512-d5fe-4e67-8460-54ef51bafbad,Delhi,iOS,Search,4,Great UI,182,0
94c1ab0f-4d5d-4e4a-99b8-99e756236a68,Uttar Pradesh,Android,Home,4,Feature-Rich,59,0
efb5a6d5-494a-4878-acc5-566fdbdb9c47,Karnataka,Android,Home,5,Slow Loading,266,0
2d418f87-695a-4794-a6be-bcda685ea98b,Delhi,iOS,Profile,3,Great UI,456,0
06c675a8-6654-4289-a870-6e776b05137b,Maharashtra,Android,Settings,3,Great UI,543,0
9303a1d0-a5bc-4e03-b893-0477a4858710,Karnataka,Android,Notifications,2,Buggy,571,0
c0578d16-2e8c-4da7-b261-f840f6ee8579,Tamil Nadu,Android,Profile,1,Easy to Use,88,0
600c263f-4703-4579-ad00-e76d88a4cbab,Karnataka,iOS,Profile,5,Crash,483,0
dd0611ec-c493-4ce9-b0c3-177e80c280be,Delhi,Android,Profile,5,Great UI,261,0
9e9f87ed-ff67-4a45-96a7-1bfe786dd44f,Delhi,Android,Search,5,Slow Loading,522,0
4b122904-e6cb-4c20-aa4d-765b7dc29938,Karnataka,iOS,Profile,2,Slow Loading,490,0
36164d5e-ac53-4d0c-95e1-bc08165ce248,Maharashtra,Android,Notifications,3,Buggy,483,0
6515926d-3256-4bb4-b448-b9939eb67783,Maharashtra,Android,Profile,2,Slow Loading,78,1
0113c002-1e61-4505-a499-5a6efe546318,Maharashtra,Android,Search,4,Helpful,414,0
df8aa42c-78f6-4eea-81aa-3a98d820414a,Tamil Nadu,iOS,Notifications,3,Confusing,267,0
340564ec-0871-4f98-9e78-7415a5c87826,Tamil Nadu,Android,Notifications,4,Great UI,47,0
33b2cf56-b1b6-4220-be0f-3ab510c4efc1,Uttar Pradesh,iOS,Search,1,Confusing,401,0
b99a0532-1a5d-4eb7-aa22-b0e0d8aeef58,Delhi,Android,Search,4,Easy to Use,26,0
7363c1a4-dc15-43b3-bb77-09a0cde61945,Maharashtra,iOS,Notifications,2,Buggy,415,0
50d37190-a411-4f5d-9a56-0980f31d88a4,Karnataka,Android,Settings,3,Helpful,418,0
64c61eb2-7c73-428c-be73-9babbbfb99a0,Tamil Nadu,iOS,Profile,4,Great UI,435,1
903a3143-6c0f-4122-9817-65f6957855be,Maharashtra,Android,Home,3,Feature-Rich,64,0
3b493f67-8409-4562-8ae6-2649d227a6ba,Tamil Nadu,iOS,Home,5,Buggy,373,0
3858f53e-53c4-41bf-b35f-76c26e10d310,Uttar Pradesh,iOS,Home,4,Crash,370,0
01e53ffc-750e-4c31-9af5-0588517dd1b8,Delhi,Android,Home,1,Great UI,585,0
78f1f355-94b3-44b7-89a0-c97525782629,Karnataka,Android,Notifications,3,Slow Loading,469,0
9391785e-6771-4068-8956-7849fda3dec0,Uttar Pradesh,iOS,Search,5,Feature-Rich,301,0
ce189e0d-690f-43aa-8ae4-11f7495e1327,Uttar Pradesh,Android,Settings,4,Confusing,536,0
81532a5e-7197-4bad-abca-4523e68e2cfa,Uttar Pradesh,Android,Profile,4,Feature-Rich,460,0
7b31c7f5-7eaa-48f0-9b8f-59519d80f505,Delhi,Android,Profile,2,Crash,403,0
324ec008-0bcd-43cc-8a68-9c30acc2a56c,Maharashtra,Android,Home,3,Slow Loading,146,0
eef1e257-cf6b-46e7-a46b-e972acc5910a,Uttar Pradesh,Android,Settings,2,Confusing,570,0
6d5372f9-5f23-43bf-a0da-12d070628f4e,Maharashtra,Android,Home,2,Slow Loading,281,0
4f1da95f-1b1e-4793-980e-bfb4dcd3c1f8,Karnataka,Android,Settings,2,Helpful,126,0
cc09e42e-a282-455d-b6b7-495c104611e9,Tamil Nadu,iOS,Notifications,3,Helpful,274,0
10bd42be-44ae-4507-b1b1-20e3ba801435,Uttar Pradesh,iOS,Search,5,Great UI,542,0
1e2004a9-1f43-4597-ae41-81a5a7122d7e,Uttar Pradesh,Android,Profile,1,Confusing,504,0
cabe2bc1-c588-446b-b18a-8d12acac3107,Uttar Pradesh,iOS,Settings,4,Slow Loading,317,0
594b952f-8bc7-46c7-ad76-55f57338cdd6,Delhi,Android,Profile,5,Easy to Use,234,0
4f7e4ccd-13a5-4761-b8fd-7d0f9b16e4d0,Maharashtra,iOS,Profile,1,Feature-Rich,432,0
539a865d-461a-4bab-ad48-23025b28f904,Tamil Nadu,iOS,Search,1,Easy to Use,176,0
c21af551-b979-4127-b9bd-947daff1d689,Karnataka,iOS,Home,4,Confusing,452,0
93d785a6-3c09-4152-9649-93b14bfaac94,Tamil Nadu,Android,Search,3,Crash,325,0
ec194be1-20ea-4e97-adfd-e66a1f996779,Tamil Nadu,iOS,Notifications,2,Confusing,450,0
e6939e46-7a1c-4337-8cc7-f5b9a29244fe,Delhi,Android,Notifications,2,Feature-Rich,173,0
6d2f75d6-9bd6-4f3b-9e70-4f0c4627ce10,Uttar Pradesh,iOS,Home,1,Crash,94,0
255cbc6d-048c-48ab-b21e-ffa0fa67462d,Karnataka,Android,Notifications,4,Helpful,104,1
17280580-01ce-413a-b7f6-4b436a737ccf,Maharashtra,Android,Home,4,Great UI,43,0
8e109968-6bc9-4615-ab05-36bc00b1f5aa,Delhi,iOS,Notifications,1,Slow Loading,179,0
201ccd25-9901-4b60-b23d-292e4de0ea84,Delhi,Android,Home,5,Crash,50,0
c29a369b-b3f5-41a1-8dce-009ae05cebde,Maharashtra,Android,Settings,4,Crash,283,0
b774ca75-a837-4708-b7d4-ae94cd6b36e5,Uttar Pradesh,Android,Notifications,3,Great UI,76,0
b79378a9-f5d5-4e48-89ad-2a062a0ca1f5,Delhi,Android,Notifications,1,Helpful,239,0
7376ece6-f47c-4145-aa98-291d85dd42dd,Karnataka,iOS,Search,2,Helpful,473,0
2848745f-ec47-4127-bf55-8bfe70743932,Uttar Pradesh,iOS,Search,4,Confusing,250,0
f4a7be58-7c9b-4f3e-9654-6681b419f368,Delhi,iOS,Profile,2,Helpful,162,0
7ae48a86-eff1-4b0e-bbda-87ef1942cbea,Karnataka,Android,Home,5,Crash,161,0
af66e49e-fe00-446f-b847-ca796a4d345a,Tamil Nadu,Android,Profile,1,Buggy,350,0
17e9d572-adca-48ee-bae1-fb02894b2490,Uttar Pradesh,Android,Settings,4,Confusing,135,1
8991ed4c-34c9-4616-b5c7-cb0164c01b34,Uttar Pradesh,iOS,Profile,4,Slow Loading,382,0
6db560e5-c975-4097-9049-309b748626d3,Maharashtra,iOS,Home,1,Slow Loading,268,0
88125044-b3b5-4548-94ed-af1217e9c913,Tamil Nadu,iOS,Settings,3,Helpful,146,0
181a43f1-11cb-4f1c-bfc1-168b263f15d5,Tamil Nadu,iOS,Notifications,2,Slow Loading,178,1
5b2a8907-3066-45fc-843d-d89967555d34,Tamil Nadu,Android,Settings,3,Great UI,53,0
82dc8241-06eb-443a-bddc-19822481f170,Maharashtra,iOS,Search,2,Great UI,437,0
4136dbc6-1b13-4047-b19c-930575bf0c64,Karnataka,iOS,Search,5,Feature-Rich,355,0
ccadb050-b2d6-4d60-8bd3-8e307e45918f,Tamil Nadu,Android,Profile,2,Feature-Rich,527,0
b43808e0-c495-45f3-82ce-7c3ae9981cc3,Tamil Nadu,Android,Settings,1,Helpful,570,0
02ae31f9-442e-43fb-bcd5-5804d104cde4,Tamil Nadu,Android,Search,3,Slow Loading,427,0
2823967a-feb8-4c2a-83d8-a4e7867d138b,Karnataka,iOS,Settings,4,Easy to Use,332,0
3a9baf5e-cb9d-4eb1-80ee-e17f837d0d16,Maharashtra,iOS,Search,3,Slow Loading,244,0
04c1e1e7-9923-4618-9c60-90248e677988,Uttar Pradesh,iOS,Settings,3,Slow Loading,553,0
7df61154-690d-489b-b7da-ca0d2a40e19f,Maharashtra,iOS,Profile,4,Slow Loading,450,0
8ee4a411-38f2-4e60-bc58-f53d69c11414,Karnataka,iOS,Notifications,5,Confusing,26,0
a6ff53e1-9d27-4b09-869f-bc3589f2b848,Delhi,Android,Settings,5,Easy to Use,556,0
3c63f41c-8818-4ace-b3f3-931d06012d10,Delhi,Android,Profile,4,Feature-Rich,191,0
efe1eef7-061a-4bef-b808-fc62833529d0,Maharashtra,Android,Settings,1,Feature-Rich,261,1
6ead4745-0eb1-4da1-bb39-0c6e5f96f217,Karnataka,Android,Profile,3,Great UI,309,0
c0317e46-97ef-4f40-a6f2-5e675828c382,Tamil Nadu,Android,Settings,2,Great UI,380,0
407ade65-3a9b-4f72-844b-2b232805bf01,Delhi,iOS,Notifications,5,Crash,88,1
2dc5c97f-44bd-4949-a2fa-9b1e9aca7392,Karnataka,Android,Profile,1,Buggy,193,0
e28eae17-addb-4cfa-8e5d-5c22a39cb867,Tamil Nadu,iOS,Home,5,Helpful,533,0
315de866-001e-4ec8-a464-6eb925e2ab62,Uttar Pradesh,iOS,Home,3,Crash,371,0
a03305d5-f5f2-44d3-a26c-79f87683bd2c,Maharashtra,iOS,Home,5,Crash,74,0
a34f67a3-426c-48dc-aa66-ba53e77feebf,Delhi,Android,Notifications,5,Easy to Use,500,1
f457b17e-ec2d-4a10-81f2-bf068c5675c6,Delhi,Android,Search,4,Confusing,116,0
51e2f748-f964-454e-821e-d565d68d3a35,Tamil Nadu,Android,Profile,2,Helpful,78,1
00ec4c56-0bae-4467-b19e-4d5fccc648d6,Maharashtra,iOS,Notifications,4,Confusing,339,0
2dd06eab-b247-447c-8c0d-3513933ac7cd,Maharashtra,Android,Home,4,Easy to Use,13,0
95605c9f-b8ec-4fb0-ac28-09a32992c924,Karnataka,iOS,Search,4,Slow Loading,332,0
8496da9a-8483-4890-a27a-0700bf84ec7a,Karnataka,Android,Home,5,Crash,149,0
b301263c-ac1b-44d5-893d-435989c8b4c5,Uttar Pradesh,iOS,Home,5,Slow Loading,334,0
e4934b33-96b6-49d4-b8f6-ef7d038206b1,Uttar Pradesh,iOS,Search,1,Crash,66,1
6fa832c4-f1fd-4400-b092-dff29d3e892b,Maharashtra,iOS,Settings,2,Buggy,358,0
183c75af-624d-46cc-a169-1b358216b4b5,Karnataka,iOS,Home,4,Buggy,317,0
8f6f7e9e-d75c-4ce7-a1f7-fb6c94ced4b5,Karnataka,iOS,Search,2,Crash,150,1
a7ef9325-166c-4e67-b6b6-2c583340fc32,Uttar Pradesh,Android,Search,1,Crash,280,0
24a7c11e-695c-4343-9fda-bec668792a03,Delhi,Android,Profile,5,Easy to Use,90,0
035382fb-10ca-4a03-b052-35a30cb88d0b,Delhi,iOS,Notifications,5,Crash,572,1
e856d9fd-e8dc-4894-8d6c-49aa26d52cef,Uttar Pradesh,iOS,Notifications,3,Crash,423,0
5e92b5f6-a426-4832-a22d-6766a7c3454f,Karnataka,iOS,Settings,1,Feature-Rich,285,0
d0c56b86-b5e4-4e04-a845-e79e747af646,Maharashtra,Android,Home,5,Slow Loading,119,0
6177965f-3e23-46c1-b321-36b162cf863b,Karnataka,iOS,Search,4,Crash,280,0
21078454-7f34-42c3-a08f-652df453e500,Uttar Pradesh,Android,Home,3,Great UI,199,0
a79f3b9c-7fe1-4c57-94a9-ec51e4c5c052,Uttar Pradesh,Android,Home,4,Easy to Use,139,0
1476343d-0066-400e-aa4f-285d74fe40c6,Uttar Pradesh,Android,Settings,1,Buggy,600,0
a2407bc1-81eb-4412-8495-8d28de302b27,Maharashtra,iOS,Notifications,2,Slow Loading,450,0
e1e0de73-067d-4152-85bf-8f2fa85880c5,Tamil Nadu,Android,Notifications,3,Feature-Rich,149,0
7d7a073f-e0ad-4310-96e5-2085de40d71d,Uttar Pradesh,iOS,Notifications,3,Buggy,265,0
98967347-d12e-4adc-842d-c8ad83c2a67f,Karnataka,iOS,Search,5,Helpful,11,1
ebf9c0e6-305a-4901-a477-e74b9efc54d4,Tamil Nadu,Android,Search,2,Great UI,132,1
48fd95b2-8581-400a-9a69-687facaa87a9,Maharashtra,Android,Home,2,Easy to Use,57,0
8b3cc1a0-bea6-4994-94ad-641a72184171,Tamil Nadu,Android,Profile,3,Crash,598,0
fcc7e837-843f-4538-998d-f6fd243ceccd,Maharashtra,Android,Home,4,Crash,359,0
3ccdddf2-ab58-46a9-bf4e-878b4b9c7708,Maharashtra,Android,Home,3,Feature-Rich,430,0
51a952c7-b6b2-415d-8071-432e8ec97438,Uttar Pradesh,iOS,Settings,2,Great UI,221,0
f2c2eec7-44fe-4e93-9e07-4c953a362004,Maharashtra,Android,Settings,4,Buggy,457,0
11aede0e-35a4-408e-821d-96ebc1883b1f,Karnataka,iOS,Settings,2,Slow Loading,71,0
f086061a-909d-42cf-82a5-66b7c21aa4c3,Uttar Pradesh,iOS,Profile,4,Crash,304,0
6a09322d-433a-4aa1-a190-9b2cf947b1e6,Delhi,Android,Settings,1,Helpful,552,0
2911afff-2121-4840-a208-de5832833257,Tamil Nadu,iOS,Search,2,Helpful,215,0
930accfd-0871-4801-b3f9-e68a4293eda6,Delhi,iOS,Settings,3,Great UI,501,0
310c38cb-da2b-43f3-927f-6783c325a964,Maharashtra,Android,Profile,4,Confusing,234,1
e80402bb-8e54-4b67-9fca-58a7ab20b59a,Uttar Pradesh,Android,Home,3,Feature-Rich,544,0
ae2eccab-6498-4696-b3d8-0787747ce3e4,Karnataka,iOS,Notifications,3,Confusing,30,0
306d7333-ee0a-4bc7-b08d-39acb38250b0,Karnataka,Android,Search,3,Easy to Use,579,0
c29587e5-0831-4163-9616-be8ee825ac7e,Uttar Pradesh,Android,Settings,5,Slow Loading,162,1
d1317028-c23b-4880-9059-1bb1cb1ca053,Delhi,iOS,Notifications,3,Slow Loading,502,0
3c0d78a7-3568-4356-ba26-15a8ba3b521b,Karnataka,iOS,Settings,3,Buggy,214,0
7f55f5c8-cfd0-4593-90eb-52fd9659a4dc,Uttar Pradesh,iOS,Home,4,Helpful,210,0
01d417ad-730b-4d7f-af0e-8b8b0983d953,Delhi,Android,Search,3,Helpful,256,0
4bd850e9-f5dc-4713-84f4-9edb66a5a5a2,Tamil Nadu,Android,Settings,5,Slow Loading,88,0
7edaeb68-ae4e-4530-b328-bfacb0d8dbba,Maharashtra,Android,Settings,1,Easy to Use,488,0
1b78836d-ffd1-4fef-8811-511e963e54dd,Karnataka,Android,Notifications,4,Great UI,236,0
9c74133a-ba04-485c-a5ac-36c06db833b9,Maharashtra,iOS,Home,1,Buggy,21,1
90cc71f1-323c-4417-9b2f-54cb48503cd4,Tamil Nadu,Android,Search,5,Helpful,224,0
f4cebe22-f27c-4c8d-abe2-dd88a2bc7346,Maharashtra,Android,Home,3,Easy to Use,55,0
1abed9fa-ca50-4ae2-92a5-192bd9579904,Delhi,Android,Home,4,Easy to Use,431,0
bca275fe-89f3-4eb8-a313-8f7f903e9381,Karnataka,Android,Notifications,5,Easy to Use,599,0
5e7f900b-9c5b-48e8-8ed9-b056490a5358,Tamil Nadu,iOS,Search,4,Great UI,37,0
66a6b5db-3c19-4220-a307-9ccef15b53aa,Uttar Pradesh,Android,Search,2,Great UI,170,0
eb69c9dd-188f-4575-9b89-9836d5a1854b,Karnataka,Android,Profile,2,Easy to Use,145,0
f0ff0f80-bb90-4d3b-b6bb-fb7be4c4d20d,Karnataka,iOS,Profile,5,Great UI,42,0
f75b1405-0a30-41c5-ae7c-5fcadaac2e89,Maharashtra,iOS,Search,4,Great UI,74,0
5eda7bef-9d2f-4c5f-84e5-29f21276636b,Maharashtra,iOS,Settings,1,Great UI,393,0
75e73fc6-3ae8-4971-b792-f04b36616c13,Maharashtra,iOS,Home,1,Great UI,226,0
49762135-1826-4df4-bbe0-cbd264078692,Tamil Nadu,Android,Settings,2,Great UI,282,0
3ea2540c-e817-4934-b53f-9c19f7c23515,Uttar Pradesh,iOS,Settings,2,Easy to Use,469,0
c697f35c-8ef0-4a4e-8cfd-3cabddb7bdaf,Uttar Pradesh,iOS,Search,3,Buggy,229,1
3b2d3d84-4d9b-4806-b2d0-bdb24577020f,Karnataka,Android,Settings,3,Confusing,558,0
5d699dfe-1a88-4c5d-a0d8-1b0c2acbe6f5,Karnataka,Android,Profile,1,Easy to Use,556,1
3b183404-9da2-4913-84ce-839cd8c130f6,Karnataka,iOS,Settings,5,Great UI,64,0
8795cb6f-8732-4c16-8fec-bac984499463,Uttar Pradesh,Android,Profile,2,Slow Loading,530,0
8924c9e7-43cf-4f85-a40a-5654a7e41a6d,Uttar Pradesh,Android,Profile,5,Crash,357,0
c83cb5cb-07bc-480b-ad68-f9398ad5cd91,Karnataka,iOS,Search,3,Great UI,192,0
d74de2e1-3ec4-4341-8227-c04cd99f8a61,Tamil Nadu,Android,Profile,2,Crash,540,0
6d70b013-e167-4d1d-b9ad-d544c3bed86c,Tamil Nadu,Android,Settings,5,Crash,339,0
121136c4-ba1a-4342-9910-41f8e46cbc3b,Delhi,iOS,Home,1,Slow Loading,37,0
3c7dad59-3eae-47c9-93bb-8206317812fe,Karnataka,Android,Home,3,Great UI,93,0
70af2c62-c70d-4d23-9be3-5c99335cf41d,Maharashtra,iOS,Home,4,Feature-Rich,68,0
7ab91c95-aee0-49e1-b511-d8c411ff4b84,Uttar Pradesh,Android,Profile,3,Feature-Rich,398,0
b1c4c820-4cba-47dd-9b26-d7d04f366b5f,Uttar Pradesh,iOS,Search,3,Great UI,97,0
b2282460-b438-4726-8811-a011447bf5bc,Maharashtra,iOS,Search,4,Crash,164,0
a5e8f26e-25d6-4d73-b3e6-968d2a36c1d6,Delhi,Android,Search,4,Helpful,51,0
6a410a37-55c2-496d-a408-43204d154922,Tamil Nadu,Android,Home,5,Slow Loading,12,0
1a140667-70dd-44f3-abb3-3e19b3699b0d,Maharashtra,iOS,Search,3,Crash,380,0
9f10a7c9-cea5-4b2b-98a7-56f75cb6ada6,Delhi,Android,Settings,4,Crash,251,0
772090dc-fe0e-4136-8d48-2c0095a96b84,Delhi,Android,Search,3,Slow Loading,384,0
9a095473-e7ca-46a2-a93a-28f490daed9a,Maharashtra,iOS,Home,5,Slow Loading,491,0
ba74a07e-974c-471f-880c-0579ddf187e9,Maharashtra,Android,Settings,5,Helpful,373,0
4dfade72-904c-4e3b-972e-691ee6aee0cc,Karnataka,Android,Profile,1,Slow Loading,284,0
483a9935-3f63-45e6-bce4-71cd379d29f3,Karnataka,iOS,Search,5,Crash,579,1
ee8f0553-d323-4a71-afd2-516350bb9807,Karnataka,iOS,Search,2,Helpful,520,0
baf43dde-7117-4bd1-89ca-11cef12be723,Maharashtra,Android,Settings,2,Crash,419,0
4673b261-02a0-4973-a474-3e68cd3373de,Maharashtra,Android,Profile,4,Buggy,184,0
2dc8dfa3-6646-4878-b536-8180218ef1fe,Delhi,iOS,Search,2,Slow Loading,258,0
2e173502-871d-4f20-a60a-4c6cec546f86,Maharashtra,iOS,Notifications,4,Easy to Use,116,0
96ebe828-360a-4696-91b4-01358ff7081e,Delhi,Android,Settings,1,Confusing,308,1
b72af52d-181c-4eeb-906d-4c36f73ee9c3,Tamil Nadu,Android,Search,3,Buggy,53,0
4058e13e-0712-40d8-ad07-785633c822ed,Maharashtra,iOS,Search,5,Great UI,310,0
ab006b09-82dd-468f-8907-8e8a6ba5a966,Karnataka,Android,Settings,4,Buggy,431,0
d84407dc-caeb-4e27-8335-33706b2f2974,Delhi,Android,Profile,1,Feature-Rich,257,0
c9912de2-3fc3-4205-9802-52d61fb9026f,Uttar Pradesh,Android,Search,3,Great UI,486,0
e8500325-6144-4c5d-b3a3-e67af5b20309,Karnataka,iOS,Home,3,Slow Loading,308,0
9245dd3f-0552-40b5-b4ff-c39c1602518f,Maharashtra,Android,Search,2,Buggy,332,0
1a9fd5c3-f7b3-4a94-a9f1-1b5d3107ec39,Karnataka,iOS,Profile,2,Crash,102,0
fe08c025-b7a4-4579-ac53-002ca912de1f,Uttar Pradesh,iOS,Notifications,4,Crash,567,0
9cee5252-8ef6-4050-b31b-12a56c1cbe32,Maharashtra,Android,Notifications,1,Easy to Use,514,0
49302fa6-03ca-4f7b-ae07-335707fd57a3,Tamil Nadu,iOS,Profile,1,Confusing,45,0
f0a93b84-c24a-4d00-9c5c-041e5b7f59eb,Karnataka,iOS,Search,4,Crash,482,1
9348c146-0e45-44b4-a080-f6ccdaf6cb9f,Tamil Nadu,Android,Home,2,Easy to Use,37,1
34b2d878-551e-4668-84ea-fcf1f5885807,Karnataka,Android,Search,4,Crash,572,0
8d7ea9e9-875b-488d-a96c-22206baf45f8,Uttar Pradesh,Android,Profile,4,Feature-Rich,493,0
13ff8722-84cd-425c-8d3f-64d0d98bfdaa,Tamil Nadu,iOS,Search,5,Crash,435,1
b0870aac-09ae-41c0-a6c1-7314af2be455,Uttar Pradesh,Android,Settings,3,Feature-Rich,147,0
86d566c8-79cb-4fad-888e-226a0aee9dd1,Karnataka,iOS,Notifications,1,Crash,548,0
bb13178b-2276-4a94-bfed-3c534573b294,Uttar Pradesh,iOS,Home,5,Buggy,241,0
26b6fe3b-6b76-4184-a224-e31a8b20ba07,Uttar Pradesh,iOS,Search,1,Great UI,427,0
a67d772c-917e-4331-b13a-797920d57d30,Maharashtra,Android,Notifications,5,Great UI,85,0
e3a4d72f-408a-422e-8cc3-3fb07afd9ee9,Delhi,iOS,Search,4,Crash,104,0
2a6c13a8-cc5d-44fc-9710-2455949f9236,Karnataka,iOS,Profile,5,Confusing,53,0
6f623e40-5b6d-4dc5-9990-a55e2e64e653,Karnataka,iOS,Profile,4,Confusing,448,0
d3f22c86-21ba-4985-9184-bf6e67eb314f,Karnataka,Android,Home,2,Confusing,28,1
274c4f3c-cdaa-40a7-a459-da0f5ef6c448,Maharashtra,Android,Notifications,2,Feature-Rich,409,0
f7d76380-6db1-44be-90b0-08ae41aa0a42,Uttar Pradesh,Android,Home,4,Great UI,476,0
b3ded348-27e1-4110-85d5-cb5e42c3edb4,Maharashtra,Android,Profile,2,Buggy,358,0
1104f250-e362-4080-a366-e017800825f9,Tamil Nadu,Android,Settings,5,Crash,507,0
5137cff9-7cd3-4e44-a200-95bd04021bca,Tamil Nadu,iOS,Notifications,2,Easy to Use,547,0
bec74395-e5c7-4d1c-9b55-d470410b1f9b,Delhi,Android,Home,2,Buggy,577,0
a58f61a0-f4ca-4365-a64a-1ee561c4cc5e,Uttar Pradesh,iOS,Profile,3,Buggy,253,0
303dc0d5-2794-4964-a523-7ea50bd8bf75,Uttar Pradesh,Android,Settings,1,Easy to Use,249,0
1f6f64c9-e14c-4726-ae6d-ce739dc87cd2,Uttar Pradesh,Android,Home,1,Feature-Rich,472,0
f1ba53c9-3c4a-4fff-8568-6153ffeb12ba,Karnataka,Android,Notifications,3,Crash,306,0
ea390c4f-ecb7-4348-94bb-3114d9a9c238,Maharashtra,Android,Settings,3,Great UI,422,0
6d8ed088-8ced-493f-9f7a-a6d4192cdfaa,Uttar Pradesh,iOS,Notifications,5,Confusing,313,0
bfe1b64b-7418-459d-87d1-dd04ba7b8207,Uttar Pradesh,iOS,Home,5,Buggy,158,0
0211b14b-2957-47d8-a7e7-54fc82701db0,Delhi,iOS,Notifications,2,Great UI,348,0
2d703c2a-e820-4113-a796-b367dccadaaf,Delhi,Android,Notifications,3,Easy to Use,189,0
d676be46-5734-4ea7-a284-68654807e62c,Karnataka,Android,Profile,3,Great UI,450,0
93d7d2cf-59a9-456f-9e98-403c2448024c,Uttar Pradesh,Android,Settings,5,Slow Loading,581,0
298d6d08-a7d3-4e1b-9a23-284edeba7ea9,Tamil Nadu,Android,Settings,4,Slow Loading,462,0
1f2c7293-1197-448e-82a3-4734683b8254,Maharashtra,iOS,Notifications,2,Easy to Use,343,0
305bac8f-eca1-43fe-baac-1e8c5d56218b,Uttar Pradesh,iOS,Profile,5,Great UI,584,0
ebaf94de-0aea-4c89-9b1d-74e7c4724fc6,Delhi,Android,Search,4,Crash,155,1
72769c72-51b3-4551-bf3a-014a522ec401,Uttar Pradesh,iOS,Search,1,Great UI,425,0
bb6d58ea-7b61-4bd9-8820-58d31ae24a4a,Delhi,Android,Settings,3,Crash,573,0
5f8c9285-2e32-4cda-8472-3532915dd7c6,Tamil Nadu,iOS,Settings,1,Easy to Use,25,0
f441d80a-6350-453a-8869-d41a9cac9829,Tamil Nadu,Android,Profile,2,Feature-Rich,595,0
7f500dcf-dfc4-46d7-a56e-e34022428c10,Karnataka,iOS,Profile,3,Confusing,564,0
e67da2ec-cfed-46df-a240-464eab0bf8c9,Uttar Pradesh,iOS,Notifications,3,Slow Loading,40,0
d50dc799-6e5c-405b-8791-3d19385397e1,Maharashtra,iOS,Profile,1,Slow Loading,536,0
43030893-77f1-4283-8a86-771e140785c4,Tamil Nadu,iOS,Home,1,Crash,406,0
98c4a992-f959-41c0-b3e1-b865d502f0bd,Karnataka,Android,Profile,5,Feature-Rich,36,0
fc74cb73-922a-4dfa-944e-2db2bb392f39,Karnataka,iOS,Notifications,1,Buggy,92,0
48145c89-d036-4b73-be13-9d0dc5aebe57,Uttar Pradesh,Android,Search,1,Helpful,427,0
66aa806c-236e-4e88-8f53-9b9bff412bec,Uttar Pradesh,Android,Notifications,4,Confusing,157,0
15ec0bfd-685c-4ef1-9998-4780b4ea47fd,Delhi,Android,Search,3,Slow Loading,517,0
18adb550-7145-4e8b-a5b1-7592f21642d4,Uttar Pradesh,iOS,Settings,2,Slow Loading,469,0
07fe2071-4bce-4d66-a598-5e156e2f53e6,Tamil Nadu,iOS,Profile,5,Great UI,362,0
972a7d56-51b9-4c0d-b3c9-9c1088742eba,Karnataka,iOS,Settings,4,Slow Loading,174,0
b74a933d-5761-4751-a4b6-ad8b46489be5,Uttar Pradesh,Android,Search,1,Confusing,546,0
ae3e29bc-0d03-4152-a5af-898e2ce8cea4,Delhi,Android,Profile,2,Easy to Use,474,0
ff82af88-644d-42a6-95d1-4f0ed3a1daf1,Maharashtra,iOS,Search,2,Easy to Use,363,1
e5f65840-09e2-47e0-947d-3280600847a6,Tamil Nadu,Android,Settings,5,Crash,485,0
af8c4c1f-47ec-46f4-824e-56489c11be6f,Maharashtra,Android,Home,5,Great UI,10,0
a6e94383-b0fb-4cf7-9573-77994333390e,Maharashtra,iOS,Profile,5,Feature-Rich,145,0
24c067c0-67a2-4b10-b395-a1afbd01834f,Uttar Pradesh,iOS,Settings,1,Easy to Use,233,0
c04ab756-d2f7-4957-9731-1489dd433cb7,Uttar Pradesh,iOS,Search,3,Slow Loading,182,0
5f0cd3ab-a4a9-45fc-89eb-e3290bbe1acd,Delhi,Android,Profile,4,Buggy,532,0
5f249a19-6876-48f5-984d-fbfe6777c884,Karnataka,iOS,Search,3,Slow Loading,252,0
dc85e1fd-8e5e-44d3-821b-344f6edabc5e,Delhi,Android,Settings,4,Crash,155,1
c706ee5a-252c-456d-8a16-21b6979ed28b,Tamil Nadu,Android,Profile,1,Slow Loading,175,0
aa523412-a86a-40c1-b565-c9316e70466f,Tamil Nadu,Android,Home,2,Buggy,541,1
cc47c58c-f9af-4eff-a4ff-e2bc2fae20db,Tamil Nadu,Android,Notifications,5,Feature-Rich,513,0
ff6459b8-f4e6-4278-9622-20c019e2acf0,Uttar Pradesh,iOS,Profile,4,Easy to Use,562,0
75e326b1-20d6-4f72-9cc7-d4874fb257e3,Karnataka,Android,Notifications,3,Confusing,39,0
0e1c953a-ce01-49ef-9aca-05aaa8790561,Uttar Pradesh,iOS,Home,4,Confusing,422,0
240edec4-7479-4636-b282-47b53a69880c,Karnataka,iOS,Settings,1,Confusing,518,0
1c75c6a2-0f3b-41d7-bede-984d0a1e30c1,Tamil Nadu,Android,Home,3,Slow Loading,395,0
f669bf57-01c6-4b41-83d4-2b500c878a60,Karnataka,Android,Profile,2,Feature-Rich,345,0
0663690c-82c8-46e9-a384-7672b26b5ffe,Karnataka,iOS,Search,1,Feature-Rich,562,1
c72e1f13-bafb-4512-a66f-7382c3668cbc,Karnataka,iOS,Settings,5,Great UI,84,0
956a6108-0afa-40e9-9413-a291a0a42d44,Maharashtra,Android,Notifications,2,Feature-Rich,591,0
88a49cac-ac94-4ef1-86fa-b589778ccf44,Tamil Nadu,Android,Notifications,5,Buggy,250,0
bbb4b6fa-4a87-482c-b9e3-0e55a7e88e10,Uttar Pradesh,iOS,Notifications,1,Great UI,139,0
c8f2a766-cb54-4cc0-a100-93efb50862b4,Karnataka,iOS,Home,5,Easy to Use,565,0
f8d0007f-5a4d-475c-983a-df12988edbff,Uttar Pradesh,iOS,Notifications,3,Great UI,315,0
b724d01b-c8d5-4920-9e0c-df37f524f496,Delhi,Android,Home,3,Feature-Rich,472,0
b02ad662-d00f-4a2f-861d-1de569a0e611,Uttar Pradesh,iOS,Home,4,Crash,375,1
1c169860-d6b7-4540-833f-9ab09b7c6650,Maharashtra,iOS,Settings,4,Helpful,210,0
6b20086c-17d0-4f5c-9dd3-a1a752ba60b8,Maharashtra,Android,Notifications,4,Buggy,399,0
c05d5ec3-006b-41e7-bc8d-1a562389a9b8,Uttar Pradesh,Android,Settings,4,Helpful,403,0
0ca346fa-4c6d-4e53-8b6b-29dec4d2e807,Uttar Pradesh,iOS,Notifications,4,Great UI,142,0
0fe9404c-1465-40a4-b371-5b2b02c0a783,Uttar Pradesh,Android,Settings,1,Feature-Rich,546,0
d46b4b2c-daed-4010-84e1-3c1eb099302b,Maharashtra,Android,Search,1,Buggy,40,0
947179b0-418e-4366-bc72-8081556c6c3b,Delhi,iOS,Settings,5,Feature-Rich,477,0
fa9e1ce8-7a13-46a3-8c11-10051c47f22f,Karnataka,Android,Profile,3,Great UI,360,0
c23df80a-faef-400f-9953-8cbce6e0d744,Delhi,iOS,Profile,5,Confusing,481,0
df37cf73-2105-4214-b1b1-b732bf9661be,Maharashtra,Android,Search,5,Buggy,200,0
2b1217a3-5b27-468d-875a-dcb08651b610,Maharashtra,iOS,Settings,2,Easy to Use,569,1
64e636d2-0100-45e5-97a8-10010b78cc4f,Uttar Pradesh,Android,Search,4,Great UI,276,0
9f124884-c152-472f-86a8-04bc9b1dd344,Delhi,Android,Notifications,3,Helpful,192,1
1d594dc4-b90f-43d2-a09f-181828d16daa,Delhi,iOS,Profile,5,Great UI,423,1
3499dc67-2905-4415-bb53-f94ce335faf0,Maharashtra,Android,Search,5,Feature-Rich,114,0
6891dbc8-3bf9-4c7f-b1ff-cf971fe8ac2a,Uttar Pradesh,Android,Notifications,4,Feature-Rich,384,0
582c4559-f542-4a4c-ac55-08c0e97d87ae,Tamil Nadu,iOS,Settings,5,Feature-Rich,26,0
4473762c-4ea3-4737-81ed-98c13f671123,Tamil Nadu,iOS,Search,2,Slow Loading,208,0
7562875b-f5ac-4b7e-9ea9-a8541f27e80e,Uttar Pradesh,Android,Notifications,5,Crash,125,1
edc192a4-2bab-4d56-ba24-16675b7b7b52,Uttar Pradesh,iOS,Profile,1,Easy to Use,544,0
a615fc90-0dab-4799-99e5-ed2224bd48bf,Delhi,Android,Search,1,Crash,382,0
9a235b9d-ab1f-4d7a-9125-fb170765bb24,Delhi,Android,Search,3,Helpful,120,0
fbb28a2d-fd1a-4bab-862e-f6b96a1c210e,Delhi,Android,Home,2,Great UI,384,0
5468097c-ad79-4750-afbb-f47d4e89691c,Maharashtra,iOS,Settings,5,Crash,253,0
f84faf4c-261c-4deb-8c23-ee5562b8a709,Tamil Nadu,iOS,Home,1,Buggy,163,0
fb7e12bf-4b13-4954-8890-8ad5affcd01c,Karnataka,iOS,Home,1,Feature-Rich,191,0
b8e13d28-0d5c-4413-839b-f84504ecc7b8,Uttar Pradesh,Android,Notifications,5,Helpful,584,0
9e778872-da08-41ee-8451-432d9e2c89e7,Maharashtra,iOS,Home,3,Feature-Rich,142,0
f3b5c1ed-ee9f-4d0b-a8fb-249c766d7357,Uttar Pradesh,iOS,Settings,2,Great UI,348,0
c6220e49-0033-4369-b79e-ebdab46773d6,Tamil Nadu,iOS,Home,3,Confusing,470,0
58d607ea-e1c9-4833-a8c2-ad2867ea74ea,Delhi,iOS,Profile,2,Helpful,355,0
c0ce8c14-b08a-4a3a-8f7d-3b845765b6e3,Delhi,iOS,Notifications,4,Feature-Rich,334,0
bf61585a-6705-47eb-9757-04b6cbcb9677,Uttar Pradesh,iOS,Profile,5,Great UI,321,1
4d4ba26f-884d-4cd7-bdf8-9a405164a9c0,Karnataka,Android,Settings,3,Slow Loading,149,1
6b4ae4d4-9a3a-4cac-9c92-bd4d4eef33da,Karnataka,Android,Home,2,Buggy,391,0
2e561bd7-eb9d-409f-864e-814945e70fbf,Uttar Pradesh,Android,Home,2,Great UI,128,0
cb66f12a-dc54-4e53-9371-b8f33e750a84,Delhi,Android,Profile,1,Feature-Rich,358,0
0acb17b9-4a14-464e-95d2-ca6a6df25ec5,Uttar Pradesh,Android,Settings,5,Great UI,112,0
618649f5-5073-4f21-8451-0dad3222859f,Delhi,iOS,Settings,5,Helpful,157,0
54bf3416-498e-483d-9a4b-70d95b860dcb,Maharashtra,iOS,Settings,4,Buggy,433,0
c4ffa49d-4583-43b1-ad72-f3bca6287280,Karnataka,Android,Search,5,Great UI,387,0
4351b096-29d7-4b43-9652-98f29623a7fa,Karnataka,Android,Profile,5,Crash,146,0
9e28c24d-4f21-47f9-9705-bdb15ea0f3c2,Karnataka,Android,Profile,5,Great UI,17,0
91f8d4d8-4db7-498a-8943-2bfcd17a7bbf,Uttar Pradesh,Android,Home,4,Slow Loading,102,0
5b706253-8114-4fd8-aa9f-bf2a8df0bbf3,Tamil Nadu,iOS,Settings,2,Easy to Use,576,0
3c6da4f1-57ce-47de-9d73-158c5858633e,Karnataka,Android,Settings,4,Crash,476,0
7b8e6c9f-5e25-4b1b-b0af-1042c832f5cf,Maharashtra,iOS,Settings,4,Feature-Rich,276,0
9d1e4cea-f2f6-46e4-8f82-a5bc67cb75de,Delhi,iOS,Settings,2,Confusing,168,0
bd9349d0-d9a5-4895-bc59-5ff482249f9f,Karnataka,iOS,Profile,5,Crash,533,0
ca512694-4640-43bd-8862-39e97cc54c2b,Tamil Nadu,iOS,Notifications,2,Crash,411,0
8d456505-60a1-44f0-b16f-20c63147d3fe,Maharashtra,iOS,Home,4,Great UI,74,0
a68ed52b-437a-4a81-b04d-07c0993372a3,Maharashtra,Android,Settings,2,Great UI,39,0
fe0ef8b9-d759-4079-9075-36bb729f9bb0,Maharashtra,Android,Notifications,5,Easy to Use,431,0
9e3944a5-3cd4-4e60-b274-be497d29f443,Karnataka,iOS,Search,5,Crash,320,0
33551d95-9ef0-4f34-9942-38ccc5d8b343,Uttar Pradesh,Android,Profile,2,Feature-Rich,382,0
35caf948-7a14-466f-948e-a59e6bfa3ade,Maharashtra,Android,Search,5,Buggy,283,0
12c0514c-a352-4d0d-9790-a3aea857694a,Tamil Nadu,iOS,Settings,2,Great UI,412,0
c079d302-9c50-4ff7-8593-249dd480413c,Karnataka,iOS,Search,3,Helpful,129,0
4f665cd7-adc3-4089-8096-d2120d115aa4,Tamil Nadu,iOS,Home,2,Great UI,460,0
06ed4d7c-67ac-4447-85e3-76d0589313da,Karnataka,iOS,Profile,5,Helpful,549,1
182af0b9-e881-4e83-a9d4-d4be62334756,Karnataka,Android,Settings,3,Great UI,581,1
715eec9d-37ca-47b3-8dd4-53acda562798,Uttar Pradesh,Android,Profile,2,Slow Loading,110,0
4ca59189-e60c-4cd4-a5c9-f224d76ea292,Delhi,iOS,Home,5,Easy to Use,187,0
795e2658-630e-4fa5-aadc-da4834093ca1,Karnataka,iOS,Notifications,4,Helpful,541,0
89c6a78b-beba-4ae1-ba0e-f367a2cf6d1e,Uttar Pradesh,iOS,Search,2,Feature-Rich,536,0
c4b298f1-ece4-4346-b3ea-7f38a6f1cb4b,Maharashtra,iOS,Home,1,Easy to Use,27,0
c9ca3df1-6abc-47cc-8501-fe9bec689946,Delhi,Android,Settings,1,Feature-Rich,122,0
c60a2b0c-d3aa-4929-aae2-90a92084f6ab,Delhi,Android,Profile,5,Crash,33,0
e6e10ebb-147a-461a-aaf2-4417e017d970,Uttar Pradesh,Android,Notifications,3,Slow Loading,104,0
d7937408-cca1-422b-a92c-fe8a5edbd002,Tamil Nadu,iOS,Notifications,2,Slow Loading,211,1
416a0ce9-ecf0-443f-bd23-0c967688cc54,Uttar Pradesh,iOS,Settings,1,Easy to Use,521,0
93d76319-ba6f-4fc4-afa3-d84553f604f4,Karnataka,Android,Settings,1,Great UI,165,0
168723f4-de67-46c7-b79c-68da191f357f,Maharashtra,Android,Settings,4,Helpful,152,0
98c3d259-32ec-4cb3-bc86-6875e0fafa77,Uttar Pradesh,Android,Home,1,Confusing,422,0
285b8eb6-6c8c-4ee7-91c6-3d11b1ba0b25,Maharashtra,Android,Home,5,Slow Loading,467,0
50539302-a580-4516-9cc3-eea15d5d3142,Delhi,iOS,Profile,2,Easy to Use,47,0
a53c5ece-5e73-4156-91e7-e4c5861a68ac,Maharashtra,iOS,Settings,3,Easy to Use,559,0
b73f0989-57bc-4730-b198-92470daeae46,Maharashtra,iOS,Search,5,Crash,163,0
ad0ddb83-38cf-4c8c-9dfe-35dc638ac999,Delhi,Android,Home,1,Buggy,33,0
c8cedd69-0145-4902-a0ce-59fad15926d0,Tamil Nadu,Android,Search,1,Feature-Rich,147,0
af65e338-4f8d-4e62-934e-50aa8dd93aea,Delhi,iOS,Profile,1,Easy to Use,385,1
5161f88e-78a5-4d70-8e33-5ef5b8f7827b,Delhi,iOS,Home,1,Easy to Use,592,0
c7cd5694-1411-479a-aa8c-895578d073e8,Maharashtra,iOS,Home,1,Easy to Use,474,0
3f682958-43bb-4e99-98cf-d033b65d34e0,Delhi,Android,Settings,3,Feature-Rich,562,0
4906a74f-1a76-4270-a892-31edc18aa61b,Delhi,Android,Profile,1,Buggy,86,0
6ae34495-f4fd-43a6-b666-bc4b7634b13d,Maharashtra,Android,Profile,4,Slow Loading,442,0
f88e39b2-13b3-4d4e-a1d7-5316ead2bf80,Uttar Pradesh,Android,Settings,2,Helpful,294,0
8f8a53f4-4329-4405-8700-57fdbf6ed44b,Uttar Pradesh,Android,Settings,1,Confusing,446,0
3791307b-5cc3-4ddb-a873-5c0be2d93df0,Karnataka,iOS,Profile,2,Great UI,298,0
7f1d43ad-8c56-442a-9608-239d70e6111d,Karnataka,iOS,Search,3,Great UI,17,0
562fe5b7-7c0b-41c1-9d31-892e26f8094c,Delhi,Android,Profile,1,Crash,27,0
0b35a389-a4b9-401b-9994-d72ee3b0ac44,Tamil Nadu,iOS,Notifications,4,Feature-Rich,443,0
c1156b61-0e6e-41c6-90f0-57793151b412,Delhi,Android,Search,4,Feature-Rich,390,0
f501451c-e057-41e7-a35b-b1bc839e3466,Maharashtra,Android,Search,4,Crash,150,0
d09ebbd5-40df-45e6-b44e-e8292aedd67b,Delhi,iOS,Settings,1,Crash,55,0
6f05433c-7476-439b-b201-74cb227d117d,Karnataka,Android,Home,2,Slow Loading,432,0
8e8666aa-721d-4c56-9a8b-a35e93b30cdc,Karnataka,iOS,Settings,3,Crash,510,0
117216b7-55a7-4226-8d61-39891a5a3cc0,Uttar Pradesh,Android,Notifications,1,Crash,385,0
92df067d-dbad-46e9-81c9-fef7f1641bcb,Maharashtra,Android,Home,3,Slow Loading,484,0
6fd2babc-f191-42f9-a81a-aa4856b1bd98,Uttar Pradesh,Android,Settings,4,Crash,262,0
11e37d0e-f0c4-47b7-ad67-4ccc28dabd07,Maharashtra,iOS,Home,1,Buggy,379,1
cdeb945e-3afa-424d-8b51-e14b0a554a54,Delhi,iOS,Search,2,Confusing,189,0
31099c17-c0d3-4bc7-950b-4aab550238a1,Maharashtra,Android,Home,5,Confusing,196,0
f53962ec-09cf-4928-b71d-36d391483ab0,Uttar Pradesh,iOS,Settings,4,Confusing,269,0
c419880f-4774-4902-a8b0-a138c693ca39,Maharashtra,Android,Notifications,1,Feature-Rich,213,1
92ae279e-b966-49c0-a5c2-d7f030a5a0e0,Maharashtra,iOS,Profile,4,Buggy,457,0
edd9a19a-f7d9-4b22-a622-5e2eb2d58d40,Tamil Nadu,Android,Home,3,Crash,547,0
dd576e5e-9754-4dbd-ac1e-10a1658d931d,Maharashtra,iOS,Home,1,Slow Loading,282,0
98c18fc8-db04-44e5-8d69-31b0202e205f,Tamil Nadu,Android,Search,3,Slow Loading,79,0
b56118f5-9530-4333-a266-ecddf0edfa07,Karnataka,iOS,Notifications,4,Helpful,137,1
16901a1d-e551-4025-9ee0-c07de0e22bfc,Karnataka,Android,Search,5,Easy to Use,566,0
01f2efec-7a38-4330-b913-ae5b9d641f87,Uttar Pradesh,Android,Notifications,3,Slow Loading,332,0
257222c2-6570-4a3e-a9a4-9843a67f65c6,Karnataka,iOS,Profile,1,Buggy,523,0
8c2b9d5e-d46f-4bd4-84b6-badffaf76e29,Uttar Pradesh,iOS,Notifications,4,Confusing,551,1
98a81d8a-efb2-4bb4-a724-5314bf001470,Maharashtra,Android,Profile,4,Helpful,133,0
e66920e8-a592-4ba7-95e7-8adacb584c65,Tamil Nadu,iOS,Home,4,Confusing,111,0
519dda07-333a-4439-89cc-c904343bbd00,Tamil Nadu,iOS,Home,4,Helpful,594,0
8ddce358-8e77-4d8a-8023-cd044ea48b15,Maharashtra,Android,Search,4,Great UI,225,0
1472adeb-1d01-4f63-8cf2-3e4b62623f5e,Uttar Pradesh,iOS,Notifications,5,Crash,466,0
57f0f964-a28d-4512-9750-cf812dabf27b,Karnataka,iOS,Profile,4,Great UI,36,0
dd20ad32-bd8a-4193-b72a-f75d8a59e679,Karnataka,iOS,Notifications,2,Crash,101,0
b0c39c90-acef-4887-89d1-884d148739c1,Maharashtra,Android,Search,1,Crash,250,0
e5e6bf86-0a3c-4631-b29f-6b3110275f65,Uttar Pradesh,iOS,Profile,1,Crash,465,1
c901c7a2-7fd8-43ff-87db-5766f93b65af,Uttar Pradesh,iOS,Notifications,1,Crash,569,1
0e8b7fa1-14bf-4f95-bb44-9eff9c5516fb,Delhi,iOS,Notifications,2,Great UI,133,0
188ace05-4bef-44bf-8d0a-92cc10e5d0a2,Delhi,Android,Notifications,4,Feature-Rich,458,1
b44c5157-5ea1-4f0a-a92f-17b97e983b96,Uttar Pradesh,Android,Home,1,Buggy,563,0
34c71a77-1c04-4d05-a8c7-f17f2036ad49,Tamil Nadu,iOS,Settings,1,Great UI,203,0
2ee9ebce-7983-411c-a812-76d228fd10a0,Karnataka,iOS,Notifications,4,Crash,96,1
b3d5a86e-64e6-4f58-8466-a0ddf92ad2ca,Uttar Pradesh,iOS,Notifications,3,Great UI,443,0
d3c0a7ce-86b5-481a-9ba9-d82ec44a4500,Uttar Pradesh,Android,Settings,4,Helpful,61,0
0936c039-232f-47dc-a913-1dc75682ce24,Uttar Pradesh,iOS,Profile,1,Buggy,100,0
94e99bd7-33be-47ec-9ed2-b6afd454b9ef,Tamil Nadu,Android,Search,4,Slow Loading,516,0
08e47327-9ce5-4e89-92b1-2a5397d09624,Maharashtra,Android,Settings,3,Easy to Use,351,0
9e002723-9724-4664-b9ba-df8d668e8b29,Delhi,Android,Settings,5,Confusing,196,0
ca46bcfb-debb-4d5a-b5c4-a425d3ef9a31,Karnataka,iOS,Search,5,Confusing,402,0
5b2424a1-d942-4be2-bfc6-0fd671fbe201,Delhi,iOS,Home,3,Helpful,533,0
8189ae92-37b5-4e2b-89bc-e805adebfd27,Karnataka,iOS,Home,2,Feature-Rich,114,0
709e03c2-2da3-49fa-9ce7-feba727bc1f7,Maharashtra,iOS,Notifications,2,Confusing,291,0
759b88c0-6b88-460f-92da-ef85ee99bf2d,Maharashtra,Android,Notifications,5,Easy to Use,282,0
fb7608a9-7f41-4215-8e7e-c5ebfc6a5c1b,Uttar Pradesh,Android,Notifications,1,Confusing,150,1
febb4590-31bc-4211-a008-f646ac0b5a6f,Tamil Nadu,iOS,Profile,5,Helpful,599,0
7626a78b-f6b0-4e25-8b5f-162de9c837fb,Karnataka,Android,Home,3,Crash,229,1
660704da-6b85-4b6e-b2c8-c9e7a3a1f34e,Karnataka,Android,Search,5,Great UI,219,0
261f0462-3054-4620-9327-05924fc62d06,Karnataka,Android,Profile,4,Confusing,10,0
9e179e41-3369-4913-bc65-f5f75fc0569a,Maharashtra,Android,Search,3,Crash,420,0
23cb3dfb-b5b7-4468-a20b-4e259fc1757d,Karnataka,Android,Search,3,Buggy,517,0
6c273d9a-742e-4934-ac33-62225c124fa6,Karnataka,Android,Settings,3,Slow Loading,207,0
f1852a98-fd14-4d6d-b1d0-d4ded9b2b322,Delhi,Android,Notifications,4,Confusing,74,0
ff094bd0-7de3-47bc-9bee-704d2c74eed2,Tamil Nadu,Android,Notifications,2,Buggy,561,0
5c41e0a5-11c7-4766-bb97-b5b49ad3d005,Uttar Pradesh,Android,Notifications,5,Slow Loading,420,0
5396577c-c93b-4477-80a0-ccb659264225,Uttar Pradesh,Android,Home,3,Crash,463,0
38732dc2-8c0f-409a-bf5c-1e52c25da182,Uttar Pradesh,Android,Profile,3,Great UI,413,0
7100c270-de23-482f-81e5-2cc6debe7e94,Delhi,iOS,Notifications,5,Easy to Use,415,0
5792700a-2aae-4229-bb65-3415e4606a93,Uttar Pradesh,iOS,Search,5,Confusing,590,0
f7e96100-a2e7-4a0e-8296-a3f8321281f9,Karnataka,iOS,Search,5,Buggy,331,0
5f529f6e-c962-45e2-8263-cf330672792d,Karnataka,Android,Home,5,Great UI,194,0
bef5e351-cadd-4eda-8581-bafb93d56180,Tamil Nadu,iOS,Profile,4,Slow Loading,369,0
2e1af377-0775-41da-b3e5-98fda895f309,Tamil Nadu,Android,Settings,1,Easy to Use,560,0
a85c0bac-e723-4abd-8dd7-8e222f3da0a4,Uttar Pradesh,iOS,Profile,4,Feature-Rich,264,0
9ac4726a-84a8-42d3-857f-a0d3844f1175,Maharashtra,Android,Notifications,5,Buggy,345,0
7c09d77b-63f3-436e-90f5-823ebd836b67,Karnataka,iOS,Settings,1,Slow Loading,35,0
ec9cf884-362a-4ca0-9497-b737157cf951,Uttar Pradesh,iOS,Profile,3,Buggy,193,0
386d1b52-e8d0-4576-9113-af439aa55586,Tamil Nadu,iOS,Search,5,Confusing,451,0
e02b03b3-00cd-4973-980b-2979d8ba35b5,Karnataka,iOS,Settings,3,Great UI,24,0
55dc7989-7c9d-4700-83b1-6aa2cb496d5e,Delhi,iOS,Settings,3,Helpful,463,0
b0405cdc-8933-4092-b302-039d4630c2fb,Karnataka,iOS,Search,3,Easy to Use,206,0
fdbabdb1-0309-404e-91d0-ae97005c8de7,Uttar Pradesh,Android,Settings,2,Easy to Use,388,0
cd72a94a-4176-4d24-b955-d4969a02d194,Tamil Nadu,iOS,Profile,2,Confusing,354,0
21df41f4-8027-4f17-a9f6-26dea1a9d2d6,Karnataka,Android,Settings,3,Feature-Rich,244,1
ab75e5cc-14d8-46cb-be75-0e31649b0d18,Karnataka,iOS,Profile,2,Crash,189,0
1fe0fbf3-f97e-4940-92c9-90a3035bf3ff,Maharashtra,iOS,Settings,4,Helpful,328,0
5ee1c102-b12b-4811-9021-dd0c347f9b5f,Delhi,Android,Settings,1,Crash,90,0
9f7bcc08-a1af-4cda-9bbe-c997f2fbd25d,Karnataka,Android,Search,5,Buggy,556,0
8feb06b3-de00-4f27-911b-7152b5285a39,Tamil Nadu,Android,Home,5,Slow Loading,120,0
a44ec183-7b12-4290-97ee-7e4f269b1926,Uttar Pradesh,iOS,Settings,4,Great UI,210,0
8aec266a-0b48-44c9-a8ac-1123c65bafe7,Maharashtra,iOS,Settings,1,Buggy,466,0
623caca2-a9be-4bdf-8e90-13cb7050a9e5,Tamil Nadu,iOS,Profile,4,Crash,160,0
3b0cc570-1b9a-4c66-8dc3-93fa733281ec,Maharashtra,Android,Profile,5,Buggy,244,0
cdb3abd7-d499-446a-84eb-5a03340314d6,Tamil Nadu,iOS,Profile,4,Feature-Rich,405,0
39f91aa1-cbdb-4a7b-a2d7-c78ab76de8a5,Uttar Pradesh,Android,Settings,5,Feature-Rich,182,0
3f546d86-a3b6-4ade-8aa8-c9d858953b7a,Delhi,Android,Search,2,Crash,580,0
4a32adc3-ca69-427c-88f7-b3929f8a8fb4,Maharashtra,iOS,Search,3,Buggy,58,0
76bcebc4-9cbc-455c-8e94-51b1840b89ac,Tamil Nadu,iOS,Search,3,Buggy,488,0
a93d8e77-c9b0-4ee3-8965-07424fd7a223,Maharashtra,Android,Home,1,Great UI,208,0
274997da-44cd-4bae-a99c-a8a0b5efd2ba,Tamil Nadu,iOS,Notifications,5,Helpful,96,0
e90b0604-0dc4-4f8c-980a-e803d53c564e,Tamil Nadu,Android,Profile,3,Great UI,511,0
8779fc11-d3cb-4556-955c-c3ec1bd6ad95,Maharashtra,iOS,Profile,1,Helpful,372,0
51e0820e-28e6-430c-a578-7c95f368fb28,Uttar Pradesh,Android,Home,5,Confusing,262,0
e53f22ef-cff1-48cf-9904-f6690fd440b8,Delhi,iOS,Profile,1,Confusing,245,0
7411e424-70b2-43b1-a6ad-78c318426d9b,Uttar Pradesh,Android,Search,5,Easy to Use,348,0
fec177b6-6874-4756-8963-b5801c49aa1c,Delhi,Android,Home,1,Crash,415,0
8c2166a2-2cb6-4d37-92ea-b36d12908f6e,Uttar Pradesh,iOS,Notifications,1,Confusing,363,1
170df2d5-af91-43c9-aa08-bd955bd814de,Delhi,iOS,Search,3,Buggy,278,0
c4ed7c0e-6a70-4cef-8fb4-a5bc07ba4198,Uttar Pradesh,Android,Notifications,3,Crash,496,0
b3481015-4aca-44c2-be34-e8f95c0a4564,Maharashtra,iOS,Notifications,1,Slow Loading,338,0
ff97815d-343c-4af8-97e5-3c3ca37e72d5,Uttar Pradesh,Android,Profile,5,Helpful,524,0
94233ed0-f421-4e94-a6f0-342bd6b4ccea,Delhi,iOS,Notifications,5,Confusing,550,0
fcc74d08-53f6-4de0-aeaf-e6c4f133ef79,Maharashtra,Android,Search,3,Helpful,146,0
671a8fe7-a093-43f5-a427-a37adfd21b91,Karnataka,iOS,Settings,2,Buggy,395,0
326595b3-2e51-4801-a4bf-f767530e4a10,Karnataka,iOS,Search,2,Buggy,145,1
5701678b-a3e4-4d20-9b1a-34a5992a9a79,Uttar Pradesh,Android,Notifications,4,Great UI,543,0
e0bfd5b4-7345-412b-802d-af0befa84770,Uttar Pradesh,Android,Profile,1,Helpful,40,0
4bf8851e-be68-434c-b3f5-c9dd6a671a10,Maharashtra,Android,Profile,5,Slow Loading,580,1
7913a34e-04dc-4cb7-89cb-1c33607fe1c0,Maharashtra,Android,Home,1,Crash,25,0
c50c729b-783a-47be-8b25-90b7704fbd01,Maharashtra,Android,Home,1,Confusing,482,0
1bbb43e8-0c29-447b-8b95-184d6cfec687,Karnataka,Android,Home,5,Helpful,405,0
ff0b18ac-c68c-4852-8a0a-643303df7a8f,Uttar Pradesh,Android,Search,2,Feature-Rich,402,0
c6e33569-de6d-4b1f-a771-e9bb81eb4c37,Delhi,Android,Profile,5,Buggy,336,0
2e6f2efa-74b0-42ee-a570-ff2f417365b3,Karnataka,Android,Settings,3,Confusing,573,0
33829232-2935-4994-b7c6-035b956ccee3,Maharashtra,iOS,Search,4,Feature-Rich,110,0
48f44b2f-be1c-49bd-9ac6-2ac62faf6c39,Maharashtra,Android,Settings,4,Great UI,13,0
71275bf6-01ac-4b6f-ae55-6ac7c03ee0f7,Delhi,iOS,Notifications,4,Helpful,86,0
f87faf9a-2ccc-424e-8608-e2893d0e0e54,Karnataka,iOS,Settings,4,Confusing,285,0
83b6d3f7-fc9d-45cc-be9a-427706b003a5,Karnataka,iOS,Search,3,Crash,102,0
f2ca4cb4-f71f-4295-91a0-dbb9c8b445fd,Maharashtra,iOS,Home,4,Feature-Rich,112,0
1ffd5e5f-a895-4c07-8f0b-02268667c36b,Uttar Pradesh,iOS,Notifications,4,Slow Loading,545,0
2e847442-76ab-4194-b848-75c2653661a4,Delhi,Android,Settings,4,Easy to Use,311,0
75183159-f3dc-4897-9507-c4f1616e1673,Tamil Nadu,iOS,Profile,4,Helpful,25,0
45ec5c8b-3377-47f0-ac64-1800e33b3a2a,Uttar Pradesh,iOS,Notifications,5,Crash,493,0
25003329-505a-4f22-bcdb-fe5a2a9fa652,Tamil Nadu,Android,Search,1,Feature-Rich,449,0
d2c7fa5a-0a62-4dc6-896f-b7ad751e6b5d,Tamil Nadu,Android,Notifications,4,Confusing,33,0
d930bafe-52db-4f49-a791-17b253f810d4,Maharashtra,Android,Home,1,Great UI,451,0
bb6dfb98-47be-4de4-bd8b-ded4c15a830a,Delhi,iOS,Notifications,5,Great UI,399,0
87e25836-f492-44ba-8b02-af87525ba1e0,Karnataka,Android,Notifications,3,Great UI,84,0
083f3881-f385-4a48-b9c1-1601a4d389d7,Delhi,iOS,Notifications,3,Crash,481,0
5ff02b86-048c-4a39-a5aa-947c50053184,Delhi,Android,Profile,4,Buggy,404,0
e3581e63-dc3f-42e8-b712-6356883d9335,Karnataka,Android,Notifications,5,Great UI,297,0
8baae5ce-a9a9-4542-8c0f-6c7a859d1fe1,Uttar Pradesh,iOS,Profile,4,Buggy,191,0
73614417-1320-4006-8aea-cbac5fff8051,Uttar Pradesh,iOS,Search,5,Crash,470,0
c29bf19f-8bce-4375-9e4f-4589e7d7a23d,Delhi,iOS,Search,2,Crash,576,0
efd39228-efb8-4de5-a120-c61da4e4fca5,Delhi,iOS,Settings,1,Feature-Rich,455,0
2d37aaea-5fe8-44ea-9bf3-014dc390b60e,Maharashtra,Android,Notifications,2,Great UI,385,0
c6ee457e-92ba-43dc-a8c3-d8845d5a530e,Karnataka,Android,Home,1,Confusing,234,1
dbef0318-cf2d-4acf-99b3-2e0ab518c9f1,Delhi,iOS,Search,1,Helpful,185,0
6a473fc0-3a9d-4639-9bf1-e95c39833b07,Maharashtra,iOS,Settings,2,Great UI,583,0
3ff50d20-001b-448d-adfa-b1fbe3c86db7,Delhi,Android,Home,1,Helpful,542,0
e84581e9-b899-4c5b-a702-61e875483891,Uttar Pradesh,Android,Profile,3,Helpful,256,0
46649dfd-b9fb-465e-9e64-4c2cf4241749,Tamil Nadu,Android,Settings,5,Feature-Rich,16,0
57ed1f60-1bf6-4a73-be5b-2d8b19b7b18b,Karnataka,iOS,Notifications,1,Crash,128,0
2cdbc0b8-fcde-425b-b9a9-1266f4e0dfc1,Karnataka,Android,Settings,1,Crash,332,0
4ebc36bd-6250-4fb3-a4f0-debfd9823712,Karnataka,Android,Search,2,Helpful,64,0
4a9abd26-6aaa-432a-b4e6-83f58d2ab9b5,Maharashtra,Android,Home,1,Helpful,82,0
2a64a793-301b-4dcb-bb11-f19e7a103392,Uttar Pradesh,iOS,Home,1,Helpful,272,1
39908604-da49-451b-a378-d4cf49a87a1a,Karnataka,iOS,Notifications,3,Buggy,242,0
92dc5b03-cfab-4660-8608-76e8d5b69320,Maharashtra,iOS,Settings,5,Easy to Use,432,0
8615fd13-5295-4a1b-8299-717d8c61e1c8,Uttar Pradesh,iOS,Search,4,Crash,433,0
978a454f-50a2-4caa-8fd1-8db388988662,Karnataka,Android,Settings,2,Buggy,561,0
c2ffb175-94cf-4cee-bfde-c6d24112c77e,Karnataka,Android,Search,3,Slow Loading,167,0
ec33320d-dc21-4ec5-9ae4-6d935bad2d09,Uttar Pradesh,iOS,Profile,2,Crash,489,0
466170d6-059c-4d08-9ee5-8475024474d2,Maharashtra,iOS,Settings,3,Easy to Use,355,0
a2c23787-02cf-49f1-b21f-997e08fe188b,Maharashtra,iOS,Notifications,1,Confusing,289,1
39945cc4-be54-445e-baf0-bce45c73b2df,Tamil Nadu,Android,Settings,4,Easy to Use,571,0
057a8f50-c459-4b52-9cb1-37f5dc7ba7f3,Delhi,iOS,Notifications,5,Easy to Use,570,0
69d3c512-9bbc-4cd2-9a97-f5b89507ded4,Maharashtra,iOS,Profile,4,Buggy,425,1
f703267d-4019-47d2-979e-0bbdb54bb19a,Uttar Pradesh,Android,Search,3,Slow Loading,466,0
8a1ec874-4c3c-4415-9c0d-45d87bbe975f,Delhi,Android,Settings,3,Helpful,353,0
7a96396f-52a6-4258-bae2-8f9460d5a73b,Delhi,iOS,Profile,2,Great UI,19,0
d6e9ab98-7f2f-45a3-a26b-b47a6dba2bf0,Uttar Pradesh,iOS,Search,1,Slow Loading,515,0
5b2e7b85-3d41-459a-aed3-ca6aa533838f,Delhi,Android,Notifications,1,Easy to Use,112,1
53b8fe5c-01ce-4b57-8885-c7583a1d1e64,Karnataka,iOS,Notifications,4,Crash,29,0
f6b7c44c-2946-4ec8-9e44-f0d4983fba47,Delhi,iOS,Settings,1,Great UI,182,0
2bc0dabe-8364-423e-81eb-d7a060422574,Tamil Nadu,iOS,Profile,3,Buggy,95,0
edd0956f-2845-461b-8a91-01e1a3616623,Karnataka,Android,Profile,2,Helpful,331,0
013f5755-69e2-40a3-ae2f-d26861cec737,Uttar Pradesh,iOS,Home,1,Great UI,437,0
5bb31be1-4fed-41f5-b707-eaf36b6c64d7,Karnataka,Android,Search,1,Feature-Rich,229,0
a4363e13-ad96-48d1-83b1-7a9f6c860ab9,Maharashtra,iOS,Notifications,3,Helpful,357,0
4b813217-b662-45cb-a476-d99b382d1827,Delhi,Android,Settings,1,Helpful,205,0
2ce0568a-8e25-4f9d-946b-6f58ec7c7efd,Tamil Nadu,Android,Search,5,Feature-Rich,38,1
ddb047a3-0a0a-4a5e-b068-91b934d0751f,Karnataka,Android,Home,4,Buggy,231,1
3a6a3f0a-8f19-4793-94b9-b87f4c3a3562,Karnataka,Android,Notifications,1,Slow Loading,294,0
9f488985-4dc4-4052-aeac-90e134a3c7e8,Karnataka,Android,Settings,1,Buggy,75,0
f622be24-b8a1-4457-87fa-a25ea7b6130e,Delhi,Android,Profile,3,Great UI,568,0
34fe17b5-dd72-472b-9bd6-4755413e6364,Maharashtra,iOS,Notifications,3,Great UI,56,0
881db4e7-2172-4e04-af69-9b353371c13e,Karnataka,Android,Home,4,Helpful,593,1
85d10d6e-be71-4486-ae03-a031ab1f6e54,Karnataka,Android,Settings,5,Confusing,570,0
306e069e-9f85-4ee5-88ab-877668b1acf7,Uttar Pradesh,iOS,Settings,4,Buggy,55,0
ba017965-b1f9-4647-a4b0-8ec69a9afbdf,Maharashtra,iOS,Notifications,3,Great UI,233,0
3e402b43-d266-4184-a1b6-45a5a55a97a2,Uttar Pradesh,iOS,Search,5,Feature-Rich,240,0
6b0948e9-a76f-4251-9f82-8712d0d0bd2a,Tamil Nadu,iOS,Settings,4,Great UI,352,0
70e2928a-21ea-43f8-820f-f55520d7755d,Maharashtra,Android,Search,1,Crash,515,0
95939b9f-da4c-428e-a463-17ed60c17179,Tamil Nadu,iOS,Search,2,Confusing,198,0
e1b71e4a-560a-402e-9fbf-1d9799a8ec62,Tamil Nadu,iOS,Profile,5,Slow Loading,201,0
5b2c2f7e-40c5-4321-a202-bad1de3236bd,Uttar Pradesh,Android,Profile,2,Buggy,348,0
b68a4564-088e-4ce5-bcce-7d2366fc5cc6,Karnataka,Android,Home,5,Slow Loading,441,0
cd994f08-2a9b-4e46-9e52-abccebad5470,Karnataka,iOS,Profile,1,Confusing,532,0
6b1d8dcd-d77b-4c47-96aa-7d366c3d247b,Karnataka,Android,Home,1,Confusing,412,0
f9074469-9fbd-4aec-b88e-c5ee522e9590,Maharashtra,Android,Search,3,Helpful,352,0
6c6cb019-e7a4-4603-808d-43695bb5f4f5,Uttar Pradesh,iOS,Search,5,Great UI,99,0
c452c9c0-7b87-4700-8313-ce45f4535553,Uttar Pradesh,iOS,Search,2,Confusing,57,0
e1a2ee73-5b86-4ab5-b731-9228f8cec4b6,Maharashtra,iOS,Profile,1,Great UI,478,0
7b063c10-212e-421d-bbef-5f8597761411,Uttar Pradesh,Android,Home,3,Helpful,484,0
3e98848d-87d5-4590-9b65-09573dc3e103,Uttar Pradesh,Android,Home,4,Crash,103,0
5c40716e-e027-41ac-881f-13a6acc9214b,Maharashtra,Android,Notifications,1,Great UI,203,0
d420ddcd-9436-4d0e-8423-4bf5fdabf343,Maharashtra,Android,Notifications,2,Crash,371,1
8902c466-74ef-4745-a8a3-00772870a5b9,Uttar Pradesh,Android,Notifications,5,Helpful,14,0
2ff3fdba-c34c-493b-897d-69736646b8ff,Uttar Pradesh,Android,Settings,1,Crash,525,0
0b4c4525-71ce-422b-9ff8-6d64a8018567,Uttar Pradesh,iOS,Search,5,Crash,330,0
fdb121c0-81d2-4dae-ae00-d523cba35b96,Tamil Nadu,iOS,Profile,1,Confusing,579,0
5b1c396a-d447-40fc-bf19-2741e7a7a8cf,Karnataka,iOS,Profile,4,Easy to Use,78,0
778fd8ef-bf57-4824-96a9-d97440c9f64c,Tamil Nadu,Android,Notifications,5,Helpful,186,0
73f8c7fc-c400-4482-865a-e5f23896cb8a,Delhi,iOS,Search,1,Crash,536,0
678adfe3-3aa1-4bd8-a3fb-10b6f5f4d884,Tamil Nadu,Android,Home,1,Great UI,574,0
49a8a509-efe2-40e7-9ee0-5b90b6cc6c36,Delhi,Android,Profile,2,Great UI,70,0
9dee062f-3564-4ac8-ac00-2a9617e43222,Delhi,iOS,Settings,3,Easy to Use,144,1
32c71502-a32f-4788-933a-5538c5ccd68d,Uttar Pradesh,Android,Home,4,Feature-Rich,210,0
f2467be4-0299-4a74-b927-8bcf6791db26,Maharashtra,Android,Profile,1,Easy to Use,61,0
1ae5b1c7-0d1e-4785-803a-f6743ef2d7bf,Maharashtra,Android,Profile,2,Helpful,519,0
44eafca4-dd06-4c19-b64c-995db60f24b1,Maharashtra,Android,Profile,3,Easy to Use,52,0
23ac244a-2cbd-4fdf-9611-ed159d65269e,Maharashtra,Android,Settings,3,Slow Loading,426,0
e4b1f947-b7cd-4dc3-85f4-67f8bcaf66dd,Maharashtra,Android,Home,3,Easy to Use,460,0
e9cc96a3-b0d6-44e7-b795-860a0ffe0145,Delhi,iOS,Notifications,1,Easy to Use,145,0
9f51719e-22eb-4e93-8774-8154027d89d0,Karnataka,Android,Notifications,1,Confusing,85,0
3f3bc01f-f4f0-4df0-8efe-4e9a321c3a18,Tamil Nadu,Android,Profile,5,Easy to Use,132,1
df5eaa3c-d692-471f-9e7d-08ade0a69f4e,Karnataka,iOS,Profile,5,Buggy,78,0
4a42eca9-1634-42fb-9c9c-2cfc46e8c378,Tamil Nadu,Android,Profile,5,Crash,217,1
4a8a54cb-b4a7-4b83-8619-2ef068f57225,Tamil Nadu,iOS,Home,5,Slow Loading,385,0
dff2d433-3792-4f2a-a95e-2573598710d9,Delhi,iOS,Settings,4,Slow Loading,402,0
efce0389-a1a1-4898-8583-75ec3beb1c36,Tamil Nadu,Android,Home,5,Confusing,380,0
7ed81440-cbee-4851-925e-1151a4917abd,Delhi,iOS,Search,3,Slow Loading,461,1
4ed6d77e-9bf4-4c33-8a39-ba24824ae0aa,Tamil Nadu,Android,Search,5,Easy to Use,240,0
88869d1f-c229-4926-89e7-ed7105339941,Delhi,Android,Search,5,Confusing,181,0
3c29f123-d0ba-4045-be06-7c2926119458,Maharashtra,Android,Settings,2,Confusing,130,0
49993ac0-c32e-437a-93a4-fb52e2132746,Maharashtra,iOS,Profile,4,Great UI,361,1
70a78995-78d7-4649-83c0-df16e6863486,Uttar Pradesh,iOS,Search,2,Crash,537,0
8358df62-8efd-4a0c-897e-e10d0672754f,Karnataka,iOS,Notifications,5,Crash,427,0
223fbf37-54bb-4360-8bec-bbd0af6b77af,Maharashtra,iOS,Home,5,Confusing,279,0
c9abf6c3-8167-4a45-9d63-bd4265e15261,Uttar Pradesh,iOS,Profile,2,Buggy,481,1
4b11c796-e77c-4055-be02-5f072310eb45,Maharashtra,iOS,Home,3,Easy to Use,240,0
1579e445-f6c7-4b3f-a3e2-8c9fad0c5e16,Maharashtra,Android,Profile,1,Crash,384,0
8e1b936d-c093-484a-819e-f0cacfce95d9,Uttar Pradesh,iOS,Settings,1,Feature-Rich,283,0
ab134866-b82b-4deb-bbdb-b6cd6aa61fd5,Tamil Nadu,iOS,Notifications,3,Helpful,348,0
4c0a7628-731c-43bc-a0a9-fcfdedc8180e,Tamil Nadu,iOS,Search,2,Feature-Rich,255,0
bc3e21af-31de-40ed-9661-650d562d4c69,Uttar Pradesh,iOS,Search,4,Confusing,524,0
c2a47736-bb4e-4566-b5be-aa16e589564d,Karnataka,iOS,Profile,3,Great UI,90,0
db84d589-74c0-4c37-910b-c8f91bd247a9,Delhi,iOS,Home,5,Slow Loading,596,0
2bca94f5-8207-484c-9031-7a801999e982,Uttar Pradesh,iOS,Notifications,1,Feature-Rich,199,0
107cf9b4-ec04-405a-9562-ae4aa0b2098a,Uttar Pradesh,Android,Search,3,Confusing,416,0
837e1700-d271-4400-a531-cca2984e64b8,Tamil Nadu,Android,Home,2,Slow Loading,474,0
5c0cbb59-361e-4d1c-b7a7-b8f505e0270a,Delhi,Android,Profile,3,Crash,282,0
4c91f9fd-c19e-47ce-90f1-ede2fae472a5,Karnataka,iOS,Home,3,Easy to Use,263,0
44acfb39-b50c-4a81-b5df-9bbf15491fe1,Maharashtra,iOS,Home,3,Feature-Rich,326,0
177c371b-c248-4616-a15e-c789cdf5e865,Karnataka,iOS,Notifications,4,Easy to Use,478,0
51d68a17-d4fa-4d13-9027-6c429ecfddfb,Karnataka,Android,Notifications,1,Helpful,553,0
345ebfe9-350d-4499-83ce-1963a9dd6ed6,Maharashtra,Android,Home,1,Feature-Rich,572,0
04801c62-ac49-45c0-8b9d-611d9c373453,Uttar Pradesh,iOS,Search,2,Easy to Use,381,0
c8895fa0-3df7-4670-8fee-8ddd00551620,Delhi,Android,Settings,5,Helpful,275,0
666c1d32-9b99-457e-bc41-a068de1c378f,Tamil Nadu,Android,Home,4,Easy to Use,177,0
7bb82cc0-64e1-44f5-a9a1-47b38cc0a12c,Karnataka,iOS,Search,2,Easy to Use,465,0
35c93ab0-ce63-46b8-8036-c13e968be12e,Maharashtra,iOS,Settings,3,Confusing,202,0
8d7fdfc5-a6a6-4144-8b4b-ec8e7a669d19,Karnataka,Android,Search,1,Slow Loading,375,0
7c159d25-48e7-455f-9f40-cda2040c4d44,Tamil Nadu,Android,Home,3,Feature-Rich,541,0
3b7fa2d2-6d5f-4e2d-9b9c-aaa2eb72c521,Karnataka,Android,Home,2,Helpful,192,0
18aaf8de-dd54-48ff-bcf6-c7527b620eff,Karnataka,iOS,Profile,3,Helpful,209,0
0d469014-bfab-4d40-832d-3214354ce8be,Karnataka,iOS,Profile,5,Crash,232,0
fa414156-b213-4431-889a-eb1d5ee508e3,Uttar Pradesh,Android,Settings,2,Slow Loading,213,0
01a294cf-f74c-466b-81ed-2c558e6b3170,Tamil Nadu,iOS,Search,2,Confusing,190,1
4124cf2b-75d8-44d6-a00e-04178d6b133c,Karnataka,Android,Notifications,4,Easy to Use,362,0
3af8be0a-d0e6-487f-ac63-59ae70f1a291,Delhi,iOS,Profile,2,Great UI,183,0
f124d4e3-6c66-4ee8-9055-3fc723a64f78,Tamil Nadu,Android,Notifications,2,Great UI,11,0
6cb06db7-e554-457a-a931-e2dab9080843,Tamil Nadu,Android,Search,2,Great UI,242,0
78a22e43-29db-4b87-aedf-84fe09f7ff54,Karnataka,iOS,Home,4,Confusing,103,1
23e06b06-4dcb-49c2-b7b8-301ccfc2c752,Uttar Pradesh,iOS,Home,5,Great UI,408,0
06138ba8-ec02-4642-ad4e-ac70329e9639,Karnataka,Android,Profile,4,Slow Loading,111,0
d9d00938-4da7-4776-829c-466ed9eb29f3,Karnataka,Android,Settings,1,Feature-Rich,576,0
5242d9c2-e24d-4ffd-922c-88b26298fb91,Uttar Pradesh,Android,Home,4,Confusing,278,0
f00b67d4-e3bb-4fa6-943b-4c521a970ca8,Delhi,iOS,Settings,2,Feature-Rich,463,0
5df294f3-e09d-4045-babf-41022edfb380,Maharashtra,Android,Profile,2,Great UI,155,1
83b819a3-75aa-4fa5-a89c-333eb57ca7d0,Uttar Pradesh,Android,Home,5,Buggy,269,1
4acbd020-7870-449d-a93d-60d12f8f5766,Delhi,Android,Profile,2,Feature-Rich,424,0
9b471b17-4214-4259-a163-f0684692eb60,Maharashtra,iOS,Profile,3,Slow Loading,408,0
541f0a3c-d075-453c-ab5c-9e0c4d2ce298,Tamil Nadu,Android,Home,1,Slow Loading,288,0
21439135-0901-4de0-9326-802e593f012f,Tamil Nadu,iOS,Home,2,Slow Loading,507,0
3cb20680-c725-45d8-b5a2-cd14938c8734,Maharashtra,iOS,Home,5,Feature-Rich,162,0
285075e3-ed21-4b48-b3db-a941b8ce6886,Karnataka,Android,Settings,2,Confusing,68,0
59c65b9b-cd89-44a9-b916-c72a45ad102b,Delhi,iOS,Profile,5,Helpful,384,0
a611d631-2c4a-4590-9c4c-5523951d547e,Delhi,iOS,Settings,1,Feature-Rich,336,0
c3107715-fc6f-4465-b832-a6edaf5b3407,Karnataka,Android,Home,3,Crash,448,1
cf8e77d8-3148-49b5-8dab-42f9cbf7ba17,Delhi,Android,Home,5,Feature-Rich,347,0
01444de1-4cf7-4775-a6af-030532990f1c,Karnataka,Android,Notifications,4,Easy to Use,338,0
c8b822f1-421c-400f-9580-2f9e19ded6af,Tamil Nadu,iOS,Profile,1,Helpful,10,0
5759b287-2d43-422b-911d-bf2fd4a997fd,Karnataka,iOS,Profile,4,Great UI,25,0
8311e8ac-faee-43b2-8772-1c2b8ed33ea4,Tamil Nadu,Android,Profile,1,Great UI,324,0
3b5cfb0d-6329-4421-8545-d42cd3839e02,Maharashtra,Android,Settings,5,Confusing,483,0
2a3e4b59-fcc7-410a-8f06-c30020ea69dc,Tamil Nadu,iOS,Home,5,Helpful,230,0
4be20f00-2cda-43c3-8f02-b4e45288552e,Tamil Nadu,iOS,Settings,2,Crash,199,0
a9b18388-b90f-46cd-94d9-b2fb7086c082,Tamil Nadu,Android,Settings,3,Helpful,567,0
eaa9916a-e5fa-4d32-9090-22c60e21a14f,Maharashtra,Android,Notifications,3,Easy to Use,128,0
3466cd00-c241-4b21-9f64-ecf9e419abec,Tamil Nadu,iOS,Search,2,Slow Loading,534,0
02fc26c6-c053-4b55-90ad-c469c04d289e,Uttar Pradesh,iOS,Profile,2,Crash,158,0
e30661d4-88b6-4bf5-82f4-ccec05ec0114,Karnataka,Android,Search,1,Feature-Rich,507,0
863f3b30-041b-4071-af4f-41a953d3d114,Delhi,iOS,Notifications,4,Buggy,501,0
7bca667e-70cc-4e3c-bf35-8c4f287582a4,Karnataka,Android,Profile,4,Helpful,415,0
2035f9c2-8269-4a28-afc9-5a08a7b5be3c,Uttar Pradesh,iOS,Settings,4,Buggy,596,0
dfdb0267-a965-48c0-a95b-4d1d8067db91,Tamil Nadu,iOS,Home,4,Easy to Use,404,0
9013ba03-29ee-4c29-a0ce-3a2109894bc2,Tamil Nadu,Android,Search,3,Slow Loading,33,0
7ee90f9f-823d-4ddb-adca-a45f73efcba8,Delhi,iOS,Profile,4,Easy to Use,48,0
f584a224-4283-4c70-98d7-f3cfce4e1405,Tamil Nadu,iOS,Notifications,4,Great UI,485,0
a12d7511-9e73-4a4e-a1db-9374d8a833cd,Karnataka,iOS,Profile,5,Confusing,238,0
579a12df-7f2c-4b0a-a5ec-de59dc3f9eb5,Karnataka,iOS,Notifications,4,Slow Loading,193,0
bd28dcc4-fcab-4831-b659-7976de2ad8c0,Karnataka,Android,Notifications,2,Helpful,433,0
8003e636-7b80-4b8d-8587-b7b7199274c1,Tamil Nadu,iOS,Profile,1,Feature-Rich,306,1
42384599-87cd-477a-884c-961e4bada53c,Uttar Pradesh,iOS,Notifications,4,Feature-Rich,298,0
cd69144f-0afd-462b-9e4c-b25f41e2b5f4,Tamil Nadu,Android,Search,3,Buggy,309,0
176c62b6-29cb-4ebe-a241-a2a6759a6a85,Delhi,iOS,Home,3,Crash,415,0
d0e9fa57-ec33-4de2-864d-24b18b89022c,Uttar Pradesh,Android,Notifications,2,Buggy,292,0
8031569f-8937-41e1-95c6-4fa6c15d6982,Delhi,Android,Notifications,3,Confusing,280,0
b46a3635-555e-4edf-950b-898e2ac85252,Uttar Pradesh,Android,Profile,2,Slow Loading,346,0
7459e694-65ef-4a4b-b687-dfe2c78b5bf5,Maharashtra,iOS,Profile,5,Buggy,112,0
e7e9441e-ab21-4042-8a60-8bc000e03051,Karnataka,Android,Notifications,4,Great UI,72,0
dde4f9b9-c5b8-49a9-9db5-4899d5878c89,Karnataka,iOS,Home,4,Feature-Rich,318,0
55ac22e9-7aff-482d-9525-a44077bbf9d5,Uttar Pradesh,iOS,Profile,3,Confusing,389,0
856aadb7-4707-42f7-ae51-cc2c82e85c2c,Uttar Pradesh,Android,Profile,1,Easy to Use,20,0
5ad4ce55-7286-4e2a-9583-d9e05da2e799,Delhi,iOS,Search,4,Crash,161,0
0d35ad08-393a-46bd-ab4a-c30f0c3e2c22,Maharashtra,Android,Home,2,Feature-Rich,119,0
a1c8ff52-9a23-4452-b0ab-c0c0c0cfe7ea,Karnataka,Android,Settings,3,Confusing,374,0
062a2ce6-57b6-449e-900a-bd6138a4764e,Uttar Pradesh,iOS,Profile,3,Feature-Rich,492,1
c855888e-c9ee-4519-89cc-3d196f32c1b8,Uttar Pradesh,iOS,Home,5,Easy to Use,80,0
82046f9e-98a4-4aac-858f-7d68bbee16df,Delhi,iOS,Profile,3,Feature-Rich,416,0
eec29f8c-31e1-4902-9eb3-73992c7e2346,Karnataka,Android,Profile,5,Feature-Rich,59,0
614e39dc-3050-4935-8005-b4eec41cff5c,Delhi,Android,Profile,4,Great UI,148,0
1ef05d0e-949a-4dac-8687-9070a0ebd1ea,Maharashtra,Android,Search,4,Buggy,197,0
44889939-a494-4a78-b184-ea9ceaba3f6e,Maharashtra,Android,Home,3,Easy to Use,471,0
e581db26-85ae-4706-8bd3-881c1dc907ed,Tamil Nadu,iOS,Notifications,1,Slow Loading,575,0
5dc95c61-467b-4501-8127-a6685150c658,Delhi,Android,Notifications,3,Confusing,61,0
cc1b65b5-2a11-4a6e-be00-74215bea09f2,Karnataka,iOS,Settings,3,Crash,486,0
d5411af4-794a-4008-954e-1df1c05fe061,Karnataka,iOS,Profile,3,Slow Loading,168,0
b48a0c09-fb0b-44a6-9fa6-8c6403c038ac,Delhi,Android,Profile,2,Buggy,442,0
3df79c01-2608-4b26-9262-e546ae31be87,Maharashtra,iOS,Search,2,Easy to Use,215,0
0be1ea17-4459-40ff-b96d-d4008f65d7ee,Maharashtra,Android,Home,2,Slow Loading,147,0
28bdea13-593b-49db-b887-3055d7c8e170,Uttar Pradesh,Android,Profile,2,Slow Loading,245,0
e4b1f7c1-b0f6-4147-8877-531023cbc194,Maharashtra,iOS,Settings,4,Helpful,79,0
60fe7bfa-475a-483e-8cef-d43b1cee79fa,Karnataka,iOS,Settings,3,Slow Loading,458,0
c2f6985f-5720-48cf-880f-0094cbdbaefa,Maharashtra,iOS,Notifications,5,Feature-Rich,332,0
51f89d9b-64c3-4d01-b3d1-4044e743efd5,Karnataka,Android,Search,3,Easy to Use,67,0
0360e5d6-93dd-4450-adaa-b681ec29c329,Maharashtra,Android,Notifications,5,Buggy,509,0
b32bedbf-867c-42bf-957f-f11f90fa6cb2,Karnataka,Android,Search,2,Slow Loading,140,0
74d80fac-6e20-4da3-b527-b28f4c1e9bc3,Tamil Nadu,Android,Notifications,1,Crash,475,0
7bc9ba73-56cc-4d78-8f60-ac3ca9dbc56b,Maharashtra,Android,Search,1,Feature-Rich,69,0
cef9c7a0-6c3f-47b4-9d17-e28da8589fc0,Tamil Nadu,iOS,Notifications,4,Crash,497,0
e6dd3e95-e3f2-48c5-bf9d-6defc0293536,Tamil Nadu,iOS,Search,4,Crash,197,1
fa0668fe-a43e-4a27-999d-df651a89b44f,Karnataka,iOS,Search,5,Easy to Use,559,0
c7f21c5b-1a04-407c-a3e9-e08306f08fd6,Tamil Nadu,Android,Settings,2,Feature-Rich,527,0
b9c779ba-f63f-4436-9aa3-3067919a6244,Karnataka,Android,Profile,3,Slow Loading,361,0
2564cb19-a6f5-477c-b142-a769408ecfe4,Uttar Pradesh,iOS,Search,5,Great UI,263,0
a0b94ca1-b957-426f-bfb7-fda58fe8c293,Maharashtra,iOS,Notifications,1,Great UI,112,0
acee42b2-9956-4aa8-8398-75c43a265839,Karnataka,Android,Home,5,Helpful,535,0
b243f7c0-c921-4e75-b669-f1a08d41ef77,Delhi,iOS,Notifications,1,Crash,475,0
de90d328-3909-49a8-94e0-2f3dd31965b2,Tamil Nadu,iOS,Home,2,Great UI,370,0
cdc26af5-ae20-48f2-96db-e762a69272b6,Uttar Pradesh,iOS,Search,2,Feature-Rich,122,0
bb54cbcf-75a9-4cce-86a0-c7db31f808f3,Maharashtra,Android,Profile,4,Confusing,270,0
36dc9869-41ab-4f68-92e5-669f3bddf953,Uttar Pradesh,iOS,Profile,2,Slow Loading,379,0
449c6807-3f8c-4e0e-8dd5-749aa76bef5e,Maharashtra,Android,Home,4,Great UI,395,0
a1d73395-842a-4f54-af7c-95a7a6cf7a1a,Delhi,iOS,Profile,2,Slow Loading,562,0
4e9a9752-df6f-4ec8-9a2b-6d7eb8127926,Maharashtra,iOS,Search,3,Helpful,28,0
05b19320-cb17-4440-b27e-c7b239abeda2,Uttar Pradesh,iOS,Notifications,5,Feature-Rich,22,0
64b0dd71-5ae4-4206-bf94-61d520f724f0,Karnataka,Android,Home,3,Confusing,529,0
69e39328-61ae-46e4-9c4c-97006d5af9cd,Karnataka,iOS,Profile,4,Helpful,273,0
d9653545-9ff1-47c3-8efc-a86a44f02bce,Maharashtra,iOS,Settings,2,Great UI,334,0
94eb1ad2-7a0b-4dad-a864-7996212eb252,Delhi,Android,Settings,4,Helpful,336,0
613161d0-0c84-44d7-93cc-baa6aaae0765,Maharashtra,iOS,Notifications,2,Slow Loading,438,0
8a9e06c1-2ce1-4c4c-9886-7d8c9fa635ed,Tamil Nadu,iOS,Notifications,1,Great UI,147,0
2759c98b-c44f-4184-a819-4d015d90544c,Delhi,Android,Profile,5,Buggy,129,0
e99e7fd7-81b1-4589-aed7-efb1ea2f2fe1,Tamil Nadu,Android,Home,2,Feature-Rich,333,0
decf59ce-d047-4938-b4f4-ba50287cd534,Uttar Pradesh,iOS,Profile,4,Easy to Use,484,0
3458e404-c732-4117-8a2a-ba8bcc0ef401,Maharashtra,iOS,Profile,5,Buggy,194,0
d084a014-304e-4c4b-9f5c-9c0c053c475c,Tamil Nadu,Android,Search,3,Slow Loading,574,0
f361b8cd-978b-4c03-af9a-de810fa32562,Maharashtra,Android,Home,2,Slow Loading,54,0
018b627b-abcb-439c-b632-404a6c002f44,Uttar Pradesh,Android,Profile,1,Crash,191,0
349f02ec-8df6-4971-ac76-b94d913a616d,Karnataka,Android,Home,3,Buggy,533,0
f70a4b0e-9ab9-487b-8a03-75966cfb0ca7,Karnataka,iOS,Notifications,2,Confusing,566,0
bba3493d-582d-4e5b-996d-789348fd7786,Tamil Nadu,iOS,Search,1,Crash,122,0
be442de3-e79a-40fb-ac3f-2749487fc987,Delhi,Android,Settings,3,Buggy,146,0
fb765ccf-6295-40a7-a519-559bd62eda7a,Karnataka,Android,Settings,2,Helpful,462,0
8892f78c-aa7c-40b9-ada5-1d3a183b6f6b,Tamil Nadu,Android,Search,5,Feature-Rich,407,0
d478a412-6c88-490f-8e3e-6796c3591fbe,Delhi,iOS,Search,1,Confusing,142,0
c03e1312-abe6-4929-87df-552341fdb09f,Maharashtra,Android,Notifications,2,Confusing,158,0
4bf450c3-707d-4ac6-a557-c1a2614c0b38,Maharashtra,Android,Home,3,Crash,56,0
2041f2b1-dece-4a55-8b88-35d425bb3422,Uttar Pradesh,iOS,Notifications,2,Crash,298,0
48597dda-b937-4b85-a2b7-c668cb9f3a4e,Uttar Pradesh,Android,Home,4,Helpful,167,0
7c0236ec-95d0-45a5-bc5a-504549e74bab,Tamil Nadu,iOS,Notifications,5,Crash,174,0
fb4767ea-1ffd-4b7f-ad4b-afd4b4f3437d,Maharashtra,Android,Notifications,1,Slow Loading,234,0
2e3ecf7c-db07-42e7-878d-b3ae981b94bb,Tamil Nadu,iOS,Home,2,Slow Loading,73,0
ba502748-b404-48b1-a056-6e418719e0e9,Maharashtra,Android,Notifications,3,Easy to Use,567,0
712513e1-e976-455f-8940-39388e56919b,Karnataka,Android,Search,1,Feature-Rich,193,0
cafd4854-1a2f-41ba-8ba2-3a8b51629e75,Uttar Pradesh,Android,Notifications,1,Feature-Rich,576,0
8a16a9b9-5f2c-4f91-8a74-738a3333a781,Tamil Nadu,Android,Notifications,5,Slow Loading,71,0
18bd56be-8943-4ef4-bb8e-d0c6cf0b2822,Uttar Pradesh,iOS,Profile,4,Confusing,259,0
999a8cd6-fb64-4a21-ba1e-d880167ebb39,Maharashtra,Android,Notifications,5,Confusing,218,0
c554730e-6e5b-4703-acf4-d551897d9d1c,Tamil Nadu,iOS,Home,5,Feature-Rich,126,0
012f83a0-01d1-4e99-a000-2d9d64fbc91c,Uttar Pradesh,iOS,Profile,4,Helpful,117,0
c1e646a8-8a02-42d1-a4fa-c44c21154321,Uttar Pradesh,iOS,Home,1,Crash,204,0
44c5f5a7-f9e1-40fc-b3e2-6430ab913949,Uttar Pradesh,Android,Profile,2,Great UI,111,0
2e567f8d-044f-4673-9b08-e48fe820cf41,Uttar Pradesh,Android,Search,2,Helpful,74,0
85f81493-e91d-43bb-8205-ebe43a69df62,Delhi,Android,Settings,4,Helpful,404,0
163d9357-6e3e-48ea-970f-9185921e3ced,Karnataka,iOS,Search,5,Great UI,16,0
8be3a65d-5438-4575-a460-7e3777b7a403,Uttar Pradesh,Android,Search,2,Crash,140,0
194d1d32-6262-4b7a-b4bb-3b3f87ea8096,Tamil Nadu,iOS,Home,4,Crash,370,1
0c256047-b081-423d-8b2b-03a08e620dbc,Tamil Nadu,Android,Notifications,3,Feature-Rich,519,0
eed302cf-b3fb-46e8-967d-4b7dd8305290,Karnataka,Android,Settings,4,Feature-Rich,418,0
66501a7c-a33d-4bfb-8ff7-6229616dab15,Maharashtra,iOS,Notifications,1,Great UI,341,0
dcdf7004-36f9-4496-9328-dcabc277bb90,Delhi,Android,Search,3,Easy to Use,289,0
9320727c-6f97-492b-aa88-2e174aaba671,Karnataka,iOS,Search,2,Slow Loading,465,0
e29b65c6-656f-4f8f-8121-9430cf9ed579,Tamil Nadu,Android,Notifications,4,Confusing,321,0
21424f2b-84de-4af0-997a-b5c51050c74a,Tamil Nadu,iOS,Settings,1,Slow Loading,576,0
fe39455c-640c-46ee-982f-3638d780f6f5,Tamil Nadu,iOS,Settings,3,Feature-Rich,594,0
2db51803-2a2c-4c8a-8257-4390dbc90608,Delhi,Android,Notifications,2,Buggy,125,0
3cf3da26-c27e-4c95-8cbc-3df18c7e9cd5,Maharashtra,iOS,Settings,5,Feature-Rich,221,0
0a03e5d7-ca47-4540-b15f-70217b183382,Uttar Pradesh,Android,Settings,3,Slow Loading,281,0
32efa1ed-8d46-480b-88c3-19c188d2c565,Karnataka,Android,Notifications,4,Slow Loading,344,1
ee26b786-d8cd-4531-a6a0-536afc870df6,Karnataka,Android,Profile,4,Great UI,479,0
716e4e66-7e46-404f-a57e-0c1f0a804909,Tamil Nadu,iOS,Notifications,5,Slow Loading,28,0
ce1c4bb0-d1a1-45b7-a138-025e89cb4ec8,Maharashtra,iOS,Notifications,3,Feature-Rich,542,0
1d2133c5-42cf-4696-bd85-7a47778bbd91,Maharashtra,Android,Notifications,5,Easy to Use,52,0
b69770df-3882-422a-9f3e-a6e3ba90126c,Delhi,Android,Notifications,5,Helpful,278,0
4d2d4f5b-aab5-4564-a4c1-bafefe37a078,Karnataka,iOS,Settings,2,Slow Loading,162,1
7d687109-6bcf-4a96-bf55-0e647bb39ca8,Tamil Nadu,iOS,Home,1,Slow Loading,227,0
648f59f6-662f-45ab-847a-ef196f86df19,Delhi,iOS,Settings,1,Feature-Rich,218,0
97080e25-aa0b-429b-a91d-a922fa24175d,Delhi,iOS,Search,1,Buggy,588,0
a270f272-1c64-4e1b-a133-4bb321466c07,Tamil Nadu,iOS,Settings,4,Slow Loading,524,0
d9ca204b-f77d-46c9-8510-1e2765a9ce4a,Karnataka,Android,Notifications,4,Great UI,434,0
44de7273-5810-4a50-a3b7-eaba18d4d304,Karnataka,Android,Home,2,Confusing,391,0
703b7e8f-27ba-4897-8f7f-d8a0a03fbce9,Karnataka,Android,Profile,3,Buggy,320,1
965e479a-212b-4931-bef5-561d732f84cf,Delhi,Android,Notifications,5,Slow Loading,412,0
81eb6e75-d6ae-4c58-a2a7-71effecaba19,Delhi,iOS,Notifications,4,Feature-Rich,178,0
71f8153f-342a-4ada-92d9-78d809c3e779,Karnataka,iOS,Profile,2,Crash,341,1
293131fc-a158-4db7-966e-76b073796e96,Uttar Pradesh,iOS,Settings,2,Feature-Rich,445,0
4feaa5f3-bcdb-4aa7-9f8b-29e7e77ec52d,Maharashtra,Android,Home,5,Slow Loading,349,0
70f4c38e-6c2e-4c65-b7af-9a6be5373436,Delhi,iOS,Home,3,Helpful,324,0
a36b3c78-d2a6-4b0d-a3b3-1af04d535a2c,Tamil Nadu,iOS,Notifications,3,Feature-Rich,391,0
51edadbe-9c29-4723-8635-218fe0ae2ea4,Uttar Pradesh,iOS,Search,2,Crash,247,0
4f443d2c-6504-47d5-bdf0-2e7f64c51a15,Delhi,Android,Settings,1,Great UI,304,0
b9fe5537-d6f8-4361-8fc0-2355f79ba9ae,Delhi,Android,Home,2,Slow Loading,13,0
b1fa16a9-8b82-4655-a416-faeabedbd21b,Tamil Nadu,Android,Profile,1,Crash,493,0
711c191f-0068-49b0-ac17-3ba6c77e1d21,Maharashtra,iOS,Settings,2,Confusing,287,0
19fc52ba-6e5a-4ea6-86ba-eb25cd2ca8aa,Uttar Pradesh,Android,Notifications,3,Feature-Rich,338,0
b3feb186-f760-4fbb-beb6-a7681600dbba,Maharashtra,Android,Notifications,3,Great UI,364,0
021ca44e-6792-47e0-8938-9fab0b612576,Delhi,Android,Settings,1,Feature-Rich,510,0
a60076cc-de62-47de-b1bf-4b62e315e778,Karnataka,iOS,Home,1,Feature-Rich,63,0
e78db1bf-05d4-4beb-927e-5345a70a3c71,Karnataka,iOS,Search,5,Crash,274,0
7eac392a-f83d-47f1-bd16-d46122450ee5,Delhi,iOS,Settings,2,Feature-Rich,229,0
976c1c2e-04f5-4920-acac-9d13886023e2,Maharashtra,iOS,Settings,5,Buggy,124,0
606273f6-6d36-4c54-9f73-fd2a9e505018,Tamil Nadu,Android,Search,5,Buggy,594,0
1cc0386c-4850-4cc8-9cff-990a88d3859b,Delhi,iOS,Notifications,2,Slow Loading,351,0
b77b1e7e-c02a-44d7-977d-18e3520ec736,Uttar Pradesh,Android,Profile,2,Crash,552,0
53d29240-8af0-4770-9e68-ebcbc7383f68,Karnataka,Android,Profile,2,Great UI,447,1
b79a6734-4450-4a85-97be-1196153f7c02,Uttar Pradesh,iOS,Notifications,5,Great UI,580,0
30298f72-6940-4c6d-9bb6-8032d27980be,Maharashtra,iOS,Notifications,4,Easy to Use,19,0
8547ad54-9e37-4953-ac15-cb93f4a7a453,Uttar Pradesh,iOS,Profile,3,Crash,330,0
ed0e8687-f28e-4112-990c-7457156299ed,Tamil Nadu,iOS,Settings,3,Easy to Use,345,0
5b8f0bcb-1580-4ab9-a466-de3cc66528b1,Tamil Nadu,Android,Home,5,Crash,374,0
04058602-0e02-48ae-9499-163a55393eeb,Tamil Nadu,Android,Search,3,Confusing,518,0
796dd1fe-3b50-495e-a388-45646dc67ca8,Tamil Nadu,iOS,Settings,2,Confusing,76,1
97dfdfa8-9b12-4c83-a4e7-032a5ec7e6e3,Maharashtra,Android,Settings,2,Buggy,395,0
1fa39191-4c1a-4703-aa0a-e6403bb49dfd,Tamil Nadu,iOS,Search,1,Slow Loading,47,0
fb48a822-3eeb-4661-9c3f-4b320832e53e,Uttar Pradesh,iOS,Settings,2,Slow Loading,554,1
611d9b1b-a799-4d93-90ed-4429d779d94c,Delhi,Android,Home,1,Confusing,544,0
50e4111f-b6ac-40d8-817b-a5d5a67653eb,Delhi,Android,Search,4,Buggy,536,0
83c3a7ed-b519-4077-9f90-40818337b3ea,Delhi,iOS,Notifications,3,Helpful,184,0
93aba145-c981-421e-b9cc-13f7ebb72dbe,Delhi,iOS,Search,5,Feature-Rich,542,0
fc7288ec-492c-45dd-b013-71b6a36e5c38,Uttar Pradesh,Android,Notifications,1,Great UI,156,0
0d1939f9-ff8a-43a6-8191-fc1d1d8b9ba1,Uttar Pradesh,iOS,Notifications,5,Crash,150,0
eb10cb07-3255-49ce-acb9-195c043b1196,Uttar Pradesh,Android,Notifications,4,Crash,483,0
7674329c-bbcc-4c83-8db6-c5e13c419373,Delhi,iOS,Search,3,Crash,282,0
6e7016ac-8102-4d52-b1b2-58b798800c56,Maharashtra,iOS,Settings,2,Confusing,545,0
578b5647-304b-49fe-9395-76f160495cc8,Maharashtra,Android,Home,2,Feature-Rich,454,0
a62110cb-3a88-41dd-9a7e-fd2f443ec804,Karnataka,Android,Notifications,2,Helpful,561,0
6e0c9ea8-c717-43c2-a06e-ccd0fe9500ea,Delhi,Android,Home,5,Great UI,117,0
218600e3-bb50-43df-ac38-18cba5529bc8,Uttar Pradesh,Android,Search,3,Great UI,583,0
d807e8a4-81e3-4976-b402-ed5aac73df4c,Tamil Nadu,Android,Profile,3,Crash,330,0
1ef45190-5b80-440f-bd23-ec9d7eb76325,Uttar Pradesh,Android,Settings,1,Feature-Rich,209,0
362e978d-fadc-4514-90f0-b8928ba96d33,Tamil Nadu,Android,Home,1,Easy to Use,91,0
2d0a2c75-9424-43e6-9c0d-a9faa93ea5f0,Uttar Pradesh,Android,Notifications,4,Buggy,147,0
a8f2fbd6-1404-42df-8c6f-ad062ef9653a,Delhi,iOS,Home,2,Confusing,53,0
c312ec35-d2c2-462a-86e9-37d1577f751d,Uttar Pradesh,iOS,Notifications,1,Crash,53,0
de260032-475b-4066-a118-2b2bca5ec3e1,Karnataka,Android,Search,2,Helpful,221,0
38c584b0-42a1-4e08-aa44-a94335789d16,Delhi,iOS,Profile,4,Confusing,153,1
2da679f1-bb4b-4c7b-b9fa-49add5df9ebc,Karnataka,Android,Search,5,Confusing,591,0
9521e168-22e4-4b30-9ef8-aa4dfb6082b1,Delhi,Android,Notifications,1,Slow Loading,351,0
66213cc3-d282-4682-8153-a6129c9bcc64,Tamil Nadu,Android,Search,3,Helpful,262,0
23bdc2c0-676b-4fd7-bf64-246407415669,Delhi,iOS,Settings,2,Helpful,591,0
9a8ee358-a71a-4050-a449-b55de20ac11d,Delhi,Android,Home,4,Buggy,262,0
269e72c1-8af4-4067-9e69-ebe7e01b95f0,Uttar Pradesh,Android,Profile,5,Easy to Use,492,0
6d81989e-603b-4ea2-afe9-176056a9b74e,Tamil Nadu,Android,Profile,5,Confusing,397,0
69e0c0d8-d52b-42b4-9d41-0fda65770237,Delhi,Android,Search,2,Crash,396,0
32ff0f06-635f-4ad3-85ad-1bf81ae0bd9c,Delhi,Android,Settings,1,Slow Loading,117,0
1cb8ac92-2d00-42fc-bd0b-572525e84415,Tamil Nadu,iOS,Profile,3,Buggy,429,0
7a083286-d331-4676-a5a4-137d0687f065,Karnataka,iOS,Home,1,Easy to Use,583,0
c2d56bfb-b61d-4691-8094-e70cc2a87760,Maharashtra,iOS,Profile,1,Buggy,156,0
cfdb0419-60c8-4ac2-9833-9790b02ab024,Maharashtra,iOS,Profile,5,Crash,279,0
ae00d3af-3405-4a64-ab5f-983a784f9aed,Delhi,iOS,Home,5,Easy to Use,334,0
2d6d40b5-2742-4ac6-b478-f06e1c9fccf8,Karnataka,iOS,Notifications,1,Confusing,517,0
6e94b0fd-0453-4d62-b8c3-9fd9b32ae928,Uttar Pradesh,Android,Notifications,2,Great UI,527,0
4dbc7346-cae6-420d-bdbf-83903cf6219b,Delhi,iOS,Search,3,Feature-Rich,124,0
d564c58f-8b67-4159-97a6-cf48bd0c611d,Maharashtra,iOS,Notifications,4,Great UI,512,0
a01bf22b-b09e-49ad-9514-0ad787233968,Delhi,Android,Home,4,Crash,118,0
3808c840-1f34-41c9-bf89-9120dba8d034,Delhi,Android,Profile,3,Easy to Use,525,0
91727a13-e7f5-4cca-84aa-d94095358f21,Karnataka,iOS,Profile,5,Helpful,463,0
824d7c8e-9b7e-4039-97f2-dbdfc1e99b77,Delhi,Android,Profile,2,Confusing,300,0
bed06371-b8e6-4bbb-8f28-89066fcb73a3,Tamil Nadu,Android,Search,1,Easy to Use,18,0
f0d2e775-bddd-4442-9d28-e6b64a77603d,Uttar Pradesh,Android,Search,2,Confusing,33,0
e710e573-e856-4a32-9b57-90955a1ee29f,Maharashtra,iOS,Profile,3,Buggy,180,1
aa6b494d-fe1f-4db7-85dc-d785c7f497bd,Delhi,Android,Profile,2,Crash,45,0
87e06062-c70d-42b9-b2cf-947ce6fcf75b,Delhi,iOS,Settings,2,Slow Loading,284,0
2ca72e13-2cf7-4e4a-bc2b-ef0bba4a6946,Karnataka,Android,Home,4,Buggy,112,0
f02876f0-9015-4582-a04b-bbf1fffd3b03,Maharashtra,iOS,Search,2,Crash,70,0
248282da-6047-4691-92ec-75915ea7c70d,Uttar Pradesh,iOS,Home,2,Great UI,293,0
5005fde6-eebc-49e8-b810-639514d28fcb,Tamil Nadu,Android,Notifications,5,Helpful,164,0
f6866ea5-e6c6-4f6b-a5cd-dbeb989d0245,Delhi,iOS,Profile,2,Great UI,392,0
361e9fc4-7fab-40f6-9b0d-d6af251007fe,Tamil Nadu,iOS,Profile,2,Buggy,24,0
3a7ec922-5090-4448-b4e4-8a7e0655f37c,Maharashtra,Android,Settings,1,Crash,556,0
ddea576e-d65a-4bc9-aa00-d48742093ddf,Karnataka,Android,Profile,3,Confusing,548,0
c69f7df1-6ca2-4fff-a54b-4a5f47748bb1,Tamil Nadu,Android,Home,4,Slow Loading,162,0
3de781bf-aa42-4964-ac02-64bb45b72db6,Tamil Nadu,Android,Home,2,Slow Loading,42,0
581efc6c-74cc-49d2-be11-5728e202bda1,Maharashtra,iOS,Settings,2,Crash,594,0
c9134270-119b-41c6-9f7a-87f1e544fb7a,Tamil Nadu,Android,Home,3,Helpful,497,0
6f3c672e-4f14-4fa4-8201-43cc9c82a587,Karnataka,Android,Home,4,Easy to Use,149,0
405be541-bcf4-437e-91ee-781e237ce4b2,Uttar Pradesh,Android,Home,4,Easy to Use,482,0
9fece556-5398-4b37-a4f7-5dbb7f43cca3,Karnataka,iOS,Profile,2,Crash,121,0
318a421d-02e4-4aeb-80ac-0ec24cfc0706,Tamil Nadu,Android,Notifications,4,Crash,409,0
cd773a2a-a00b-4834-8cd2-f2d967fdfd85,Maharashtra,Android,Home,3,Feature-Rich,296,0
0d04951b-192a-4b73-b377-ad62bd1d37dc,Karnataka,iOS,Home,5,Great UI,570,0
6480a6a7-c263-412e-9467-0990fb7d55e6,Karnataka,iOS,Home,4,Buggy,323,0
ce9407c8-4da4-4d60-a860-349e67cd1c79,Karnataka,Android,Profile,3,Buggy,144,0
63903560-0dda-4658-bc21-c838789c958f,Maharashtra,Android,Settings,1,Great UI,360,0
473dff5a-febc-4541-b410-4409bf309c68,Uttar Pradesh,iOS,Home,2,Slow Loading,288,0
1a6251c5-18b4-47a7-bb3f-f0a2afd61da4,Tamil Nadu,iOS,Profile,4,Slow Loading,223,0
a68f3aff-2590-49e3-8d07-b4cf7028bdf2,Tamil Nadu,iOS,Search,1,Easy to Use,143,0
de2846c4-4adf-4041-af8e-c98ed8b3f068,Karnataka,iOS,Notifications,3,Slow Loading,147,0
5367b7af-a1f2-4f8b-898b-cd45d821fe96,Delhi,iOS,Notifications,5,Feature-Rich,124,0
02d9afc0-33a4-4a9e-9f51-f499cf7edf62,Maharashtra,Android,Home,5,Crash,337,1
afb832e8-a698-4998-8330-bf49c1e5ed17,Uttar Pradesh,Android,Profile,4,Confusing,302,0
3b8eefde-2833-4c30-bd14-db1df552b153,Uttar Pradesh,iOS,Search,4,Confusing,536,0
9d169661-e3f5-4baa-9414-79c0e4384367,Maharashtra,Android,Settings,4,Slow Loading,19,0
759af852-2494-4ead-8668-2909947b34d6,Delhi,iOS,Settings,3,Slow Loading,533,0
fe19d9e4-39b9-49e1-b658-01b2f5a7b3f1,Tamil Nadu,Android,Notifications,1,Slow Loading,512,0
a2252d19-6e9b-431b-aaf1-11ffc22718ef,Uttar Pradesh,Android,Home,4,Buggy,54,0
b7820061-874f-4ee8-9018-61022f18f3b8,Uttar Pradesh,Android,Settings,5,Great UI,212,0
2c69faf2-4245-4bd3-8750-5bd11129a52a,Maharashtra,iOS,Notifications,3,Confusing,286,0
35fc2255-ab1e-4506-8b65-db92774002ce,Karnataka,Android,Home,2,Confusing,336,0
e1ea9a0f-a629-45a0-a26a-9137b1434d7e,Maharashtra,Android,Home,2,Crash,180,0
a3c23732-dbe4-49ec-8537-fc227f4a2ba9,Tamil Nadu,Android,Home,3,Feature-Rich,11,0
79d7a6ea-28cc-445d-b718-ea26e5da4eae,Maharashtra,Android,Home,1,Slow Loading,571,0
bdf47d23-13d2-4340-98ad-d58cbe6711ac,Maharashtra,iOS,Settings,4,Easy to Use,123,0
c8fb0fdc-e95b-4f0a-a89f-cee179ddb3e9,Karnataka,Android,Home,3,Crash,425,0
fe389678-aa3b-442d-9087-1c3df5dd8468,Karnataka,Android,Settings,5,Great UI,250,0
6841b715-338c-4239-be33-334a1916d857,Tamil Nadu,Android,Settings,5,Helpful,55,0
787e1556-61d8-4a38-8d2f-a50f9edcbf63,Uttar Pradesh,iOS,Search,5,Crash,570,0
ce8d29ec-104a-4837-b606-859c69bc1e32,Delhi,iOS,Profile,1,Slow Loading,33,1
9cc69d6b-4fb4-43f0-9b53-4c5bd4f931f8,Uttar Pradesh,iOS,Profile,2,Confusing,131,0
015e8ff5-92f6-426b-8577-18170a9602a8,Maharashtra,iOS,Home,1,Crash,335,0
4923af9f-3ef1-454f-a17e-2e6495c00472,Uttar Pradesh,iOS,Search,3,Great UI,597,1
d76b0ffb-19f4-420b-bb71-e2e22a6d575e,Delhi,Android,Home,2,Buggy,22,0
c987861f-b023-4af3-88dd-bd42bbd7c236,Maharashtra,iOS,Profile,3,Confusing,430,0
5c437e1a-6331-46a4-a3b2-479568f71a62,Delhi,iOS,Notifications,5,Buggy,300,0
158b305d-3965-4770-8d54-dd381039a895,Delhi,iOS,Settings,4,Great UI,64,0
24680a35-62c8-4d83-8475-b005777e62f9,Uttar Pradesh,Android,Search,1,Great UI,562,1
ac871194-fd71-4b44-86bb-660fc79e946b,Uttar Pradesh,Android,Profile,2,Helpful,305,1
1269215c-d23a-4b2a-b3d3-917d1436ac57,Maharashtra,iOS,Profile,1,Feature-Rich,522,0
ff3e104d-da23-46a6-8f35-0f97c2603056,Tamil Nadu,iOS,Search,2,Helpful,242,0
1930901b-be8d-4144-bfb1-f8b523215843,Delhi,Android,Settings,3,Great UI,237,0
5765b5d8-d4dd-49e4-9d45-b9d90377814c,Tamil Nadu,Android,Home,3,Crash,173,0
83dd0a7f-4ebb-4963-aa94-352beae9419b,Uttar Pradesh,Android,Notifications,3,Crash,572,0
74c20524-a598-49d8-9ab2-7ea9c3c54b34,Tamil Nadu,Android,Profile,3,Feature-Rich,588,0
ba500d1e-d97e-4c9a-908c-5c854a60e4b2,Tamil Nadu,Android,Home,1,Helpful,187,0
0abe80be-9b16-46ea-95a3-6a9f8e0a20a2,Delhi,iOS,Settings,1,Slow Loading,97,0
1bb04cd8-40fe-45bb-9612-ced0c33ffd42,Maharashtra,Android,Settings,1,Slow Loading,101,0
e6955b6c-4244-4372-b8f3-8176c9443aff,Maharashtra,Android,Profile,5,Confusing,80,0
c0d293e8-e6ab-4865-93d7-e785eb0d2885,Maharashtra,Android,Search,5,Feature-Rich,21,0
0ac5100e-972e-429b-905c-aa924ad0a2aa,Tamil Nadu,iOS,Search,2,Buggy,329,0
1d09c590-67ed-4049-9666-ada161345660,Karnataka,iOS,Profile,2,Helpful,439,1
14341704-1601-40aa-b433-13006d28d381,Delhi,iOS,Home,1,Crash,350,0
d9523fc6-887e-448b-bde5-23ab936b9d24,Delhi,iOS,Profile,3,Helpful,162,0
68599791-10c6-4dfa-823e-47b73148dc94,Delhi,iOS,Home,4,Confusing,557,0
16a22439-c42b-4d27-b577-1152dece066d,Delhi,Android,Profile,4,Great UI,413,0
c81885af-6808-4911-bbd0-cd243b9bae5f,Karnataka,iOS,Settings,4,Feature-Rich,419,1
ccb3d18e-4cf3-4a1f-891d-a81ec57e50c7,Maharashtra,iOS,Home,5,Helpful,428,0
c84c0c32-7216-4019-af8b-85b71a7bfed1,Tamil Nadu,iOS,Notifications,3,Helpful,488,0
b8d65d47-fba9-49b0-95f4-a9f1c1b0ece5,Maharashtra,Android,Profile,3,Slow Loading,47,0
03ffda29-a12e-478a-97ad-cd692ba00ff8,Karnataka,iOS,Notifications,5,Helpful,318,1
11dd1d1b-f235-4b6e-beba-0cd79f771931,Maharashtra,Android,Search,3,Easy to Use,324,0
f903f189-9ae1-4a95-9dcc-10fcfb1e5e40,Tamil Nadu,iOS,Notifications,2,Crash,164,0
b6308c6d-2893-4569-b6af-b0bc95e70d21,Tamil Nadu,iOS,Notifications,3,Great UI,375,0
6b6d415e-e42f-4512-9ec2-7dfb91615477,Maharashtra,Android,Settings,3,Buggy,100,0
528c2a5b-68a3-4a6d-bf46-d561d5d7dc72,Karnataka,iOS,Profile,5,Crash,553,0
7897dc3c-096d-41c4-892f-0e6fbfd26197,Maharashtra,Android,Settings,2,Buggy,240,0
b48adc44-9f92-4930-9069-aef025d16ed2,Uttar Pradesh,iOS,Notifications,5,Great UI,76,0
77801aaa-e054-4d5d-8101-1c7d1bf19df0,Delhi,iOS,Notifications,1,Confusing,424,0
94a41eb8-56d5-4117-a02e-93d3386e5dc5,Karnataka,iOS,Home,1,Slow Loading,196,0
7ae79a66-2494-40b3-ab47-bbf721cee41c,Delhi,iOS,Profile,3,Crash,200,0
3278ddaf-0994-45ed-bf0c-9d88b1f7c829,Karnataka,Android,Settings,1,Buggy,550,0
124e3cdf-daca-4ded-87ba-3db79770a583,Maharashtra,iOS,Profile,1,Confusing,64,1
6ce6c908-e4c7-48e6-8641-e7eeed178f0a,Maharashtra,Android,Home,2,Crash,467,0
031a8f6f-b123-4bfc-a66e-e26d81f9f1c6,Uttar Pradesh,Android,Home,1,Buggy,43,1
f648daeb-a006-4e6f-9430-06ddc4d163bf,Maharashtra,iOS,Settings,1,Easy to Use,119,0
41f84413-ec17-4e8a-a977-2499528339c8,Tamil Nadu,Android,Notifications,4,Confusing,56,0
d8072b52-5182-484a-ac5f-7da939c20ee0,Karnataka,iOS,Profile,3,Slow Loading,529,0
8b4b4c6f-ca7b-4151-81fb-6853fc18f1b7,Uttar Pradesh,iOS,Settings,5,Feature-Rich,383,1
b0ed14bd-1b8f-401f-a34c-bd43a3d6f028,Karnataka,Android,Profile,4,Feature-Rich,238,0
36fd1710-47b8-43df-b04c-155a754fc5a0,Maharashtra,Android,Home,4,Great UI,581,0
8b3aa183-88f1-41b2-a862-2282e61439bc,Tamil Nadu,Android,Settings,2,Helpful,67,0
8ec9574b-e587-4ad9-813a-66f436127663,Tamil Nadu,Android,Settings,1,Confusing,38,0
9095fd6e-a81b-4219-ab35-35e6e55bf27f,Uttar Pradesh,Android,Notifications,4,Great UI,142,0
b1f6f1dd-5b79-4667-8009-f886072d73a2,Uttar Pradesh,iOS,Search,4,Helpful,133,0
a48a6e65-14f9-4c7c-bb14-e66480ffaef9,Tamil Nadu,iOS,Profile,1,Helpful,439,0
02c9c0e0-4891-4789-b12c-3fbf2d9d9f70,Karnataka,Android,Profile,3,Slow Loading,572,0
67be1039-ac1c-4280-9bdd-f80f24c9716f,Delhi,iOS,Notifications,1,Slow Loading,183,0
6b008927-58b3-4f86-9f93-206ca836efc9,Delhi,Android,Profile,2,Confusing,200,0
9a65023c-0186-4324-8821-a3be17d1548c,Karnataka,iOS,Notifications,1,Confusing,401,0
0729e081-a5f4-4efa-938e-8c764d4b8bec,Tamil Nadu,iOS,Settings,4,Slow Loading,408,0
50122b42-f775-4b96-a428-21fa9a1adf12,Delhi,Android,Settings,5,Crash,261,0
dc5c9c0c-69fb-440c-8692-07e11022e82f,Delhi,Android,Home,3,Slow Loading,128,0
e29a673b-cd20-42d9-841b-6a1cfae19115,Delhi,Android,Settings,1,Slow Loading,501,1
996bf6cc-85cc-4c06-8bf8-2db6199fc033,Maharashtra,Android,Search,1,Buggy,170,0
32a68fd3-9adb-4acd-96d3-937423ede8e1,Maharashtra,Android,Notifications,5,Easy to Use,150,0
fab8c998-6a75-444c-b79f-dffc39991964,Delhi,Android,Profile,1,Slow Loading,318,1
cab169cf-a79b-419c-b357-e7f970dac235,Tamil Nadu,Android,Home,3,Easy to Use,57,0
2c49f386-3d44-4cd0-a044-f49d435f0df2,Delhi,Android,Settings,4,Feature-Rich,573,1
d3246c50-84bd-490f-a793-035a8b5d29e6,Delhi,iOS,Profile,2,Feature-Rich,248,0
f45d9b20-3e6a-479b-beee-0d071651ad15,Karnataka,Android,Home,3,Slow Loading,131,0
a728490d-32f4-4e31-ba68-2164a19746cd,Delhi,iOS,Settings,3,Great UI,512,0
5df71818-3524-4651-b2da-3585a653e538,Uttar Pradesh,iOS,Home,3,Helpful,262,0
1f2e2421-faf4-40cd-a405-a351928d9fc5,Delhi,Android,Profile,5,Crash,469,1
d678417e-f651-48bc-9033-9402666a5522,Delhi,Android,Profile,2,Feature-Rich,586,0
471738e2-66a4-4fa1-9521-45a71ec6f059,Karnataka,iOS,Search,3,Great UI,395,0
fa2910d0-96d5-4532-88a9-eee2962aa257,Karnataka,iOS,Profile,2,Confusing,29,0
f2415458-c5b6-4184-b7bf-9a0868581039,Delhi,iOS,Search,3,Confusing,483,0
70e70ba4-7c62-4400-b6c9-8911a4da2390,Karnataka,iOS,Home,4,Crash,37,0
a5a3d39d-16f3-4ca7-964a-ea0fd7a41590,Karnataka,iOS,Home,3,Confusing,279,0
4d174362-70eb-45dd-88be-5f9dd4f20ee9,Tamil Nadu,Android,Settings,1,Easy to Use,110,0
e08bf98e-78d1-44c2-ba53-f2921e1af34b,Delhi,Android,Notifications,1,Great UI,462,0
86900c70-c75d-475b-8d12-f3b1f275bd2d,Karnataka,iOS,Notifications,3,Helpful,195,0
0853e6a9-9478-47b7-8c7a-c75dc1aec6d2,Maharashtra,Android,Search,3,Confusing,550,0
896e6929-ec5b-41b1-ba51-7bea93832cd9,Maharashtra,iOS,Profile,5,Buggy,56,0
86988d47-54ec-410a-b9db-262765b98502,Tamil Nadu,iOS,Profile,1,Helpful,396,0
e1a30fad-5409-415c-9408-4bc99d2bb42c,Maharashtra,iOS,Home,2,Feature-Rich,223,0
fe32ed26-034a-46d3-9f1a-02418b309ad0,Tamil Nadu,iOS,Settings,2,Feature-Rich,138,0
3cccc4cf-b24e-4bc2-8c7f-75b7687a1bc9,Uttar Pradesh,iOS,Notifications,4,Slow Loading,426,0
543d006c-a608-4731-9de7-aeb9aa400328,Karnataka,iOS,Notifications,5,Confusing,249,0
5e18b29c-8332-481b-b580-353255b2e7ff,Delhi,iOS,Profile,3,Slow Loading,365,0
e58cc4f6-b408-469e-95e0-4a570c8720e6,Uttar Pradesh,Android,Settings,2,Confusing,95,1
3bfacaa3-93c0-42dd-ba1a-63885969b02a,Delhi,iOS,Settings,3,Slow Loading,331,0
3f8434ec-c8d4-48f2-b7ea-f7bb6669984d,Delhi,iOS,Settings,1,Helpful,522,0
ab5a37f6-f81a-4d2b-9fc9-39b2522b6b23,Tamil Nadu,iOS,Search,3,Buggy,172,0
5c07d601-3db9-4403-a7aa-e1e02bfcd05f,Karnataka,Android,Profile,5,Buggy,160,0
d734265d-6e3f-4760-b8b5-27f76335db92,Tamil Nadu,Android,Settings,2,Helpful,221,0
28f88b0c-3584-4c69-a310-fee942feb4e6,Maharashtra,Android,Profile,4,Crash,118,0
d8ba7949-273a-41c1-8a57-045fee0e8370,Tamil Nadu,iOS,Settings,4,Crash,513,0
c3006f15-38bd-4286-832c-982f2ec46a15,Maharashtra,Android,Search,2,Feature-Rich,126,0
3cb73973-e8a7-4505-8a21-6605bdc6f7f9,Uttar Pradesh,iOS,Notifications,5,Easy to Use,43,0
d6fac365-f8e5-4c7b-9900-c0343fb07443,Karnataka,iOS,Notifications,1,Easy to Use,193,0
4485afef-b4ee-4e14-ae36-12ef2ccc4bab,Maharashtra,iOS,Notifications,5,Slow Loading,107,1
4ae40b56-878c-462f-a0ac-b7a66be9cbdf,Delhi,Android,Settings,3,Helpful,89,0
9840892e-a0e2-4ec5-8b1d-91b64e6fd4d9,Uttar Pradesh,Android,Home,4,Helpful,29,1
6b2a9736-f7fd-4d45-9625-dcb5bd77e5e8,Karnataka,iOS,Profile,4,Slow Loading,360,0
09d44bd6-36b6-4209-b61c-c93a32cbcd44,Karnataka,iOS,Notifications,2,Easy to Use,199,0
11a77a5c-1ba1-44ee-97fe-925de34ac92c,Tamil Nadu,Android,Search,3,Confusing,239,0
ba57c31b-8172-45c3-ab2b-f09788f624ce,Tamil Nadu,Android,Notifications,3,Helpful,453,1
f4b17d3e-919e-41fc-8734-876df8980765,Uttar Pradesh,Android,Notifications,2,Slow Loading,417,0
22ad2c28-2001-4506-bbe9-13d85991cce8,Delhi,iOS,Home,2,Feature-Rich,573,0
71342df5-8f61-4065-b4df-e2f57a23f305,Uttar Pradesh,Android,Notifications,2,Great UI,483,0
3dd08f78-d6f0-4b06-b5aa-a52b1566b180,Tamil Nadu,Android,Notifications,1,Great UI,596,0
266f2979-e856-433a-9487-4a85609d8e8f,Tamil Nadu,Android,Search,1,Buggy,586,0
61305739-1378-4572-a68c-558e1a744fa4,Karnataka,Android,Settings,4,Helpful,414,0
912f5eee-a7da-4293-a92c-f40cdb79fc1a,Maharashtra,iOS,Profile,5,Buggy,374,1
64eeb5f8-3205-448c-b87b-4a9c5f9e4767,Uttar Pradesh,iOS,Search,5,Feature-Rich,33,0
1f091db8-9214-4e19-94a5-1398928db655,Karnataka,iOS,Search,1,Confusing,517,1
2ab3b2bd-88ed-4d3e-aa08-5b6f224b4ea1,Tamil Nadu,Android,Profile,1,Slow Loading,115,0
734bec9b-5953-4bad-8347-210815b6cbee,Maharashtra,Android,Profile,2,Crash,390,0
34b134e1-ce25-4fbe-b2bc-d9c4c87bf750,Delhi,Android,Notifications,1,Buggy,275,0
1327ad06-208e-4540-8a15-78893ed3adaa,Karnataka,Android,Profile,2,Feature-Rich,207,0
651146d5-08b2-444c-9611-fe66e29fdfb0,Maharashtra,Android,Profile,2,Feature-Rich,78,0
5ed05388-758b-492d-91fd-bcde298630dc,Delhi,iOS,Search,1,Crash,241,1
56129dd8-4871-4614-9104-879329b43b7a,Delhi,iOS,Home,2,Confusing,526,0
39372320-c939-4785-8f09-06a2e5d64e3a,Uttar Pradesh,iOS,Profile,5,Easy to Use,261,0
9d44b424-112e-462d-8791-b86d8078d0dd,Maharashtra,iOS,Profile,4,Great UI,446,0
52e827d6-54ae-4f2e-b2b2-2136f389caa1,Uttar Pradesh,Android,Search,5,Easy to Use,135,0
8a74e2a4-29ce-4519-96f7-35ed5b816948,Delhi,iOS,Home,2,Slow Loading,464,0
c31b69e5-aa6b-4eb5-aad8-64f5794ba165,Uttar Pradesh,iOS,Search,5,Great UI,67,0
6b3e7ba3-42ea-456f-8b0c-23f789d963ac,Maharashtra,iOS,Settings,2,Crash,502,0
c3d02287-1a83-4582-afd2-60829c1f1091,Uttar Pradesh,iOS,Search,2,Crash,25,0
105daca2-1609-4be6-8081-6adf55223861,Uttar Pradesh,iOS,Home,5,Easy to Use,468,0
ddcfc4e9-da95-4611-9468-3091ca95281b,Karnataka,Android,Profile,4,Helpful,87,0
1032fc88-0f8b-4784-8d37-5a27df7ae737,Karnataka,iOS,Search,2,Confusing,141,1
3dfbeec8-6eaa-4510-84e8-eed9c7300850,Delhi,iOS,Search,2,Confusing,267,0
a8da6afd-c76a-425d-8040-4279896c5b95,Maharashtra,Android,Notifications,4,Crash,469,0
1793461e-fb14-44d9-9ef3-f5e9463fccdb,Maharashtra,Android,Home,5,Great UI,555,1
e3b00bd6-2c8b-42c4-acd8-3c5f145f3ada,Delhi,Android,Search,1,Easy to Use,180,0
a1b0dba1-df65-429a-90e9-a4a80fa4ad30,Karnataka,iOS,Profile,3,Feature-Rich,20,0
7406eddc-6f79-4ef1-84cf-9ff1dcd4011d,Delhi,Android,Profile,1,Crash,316,0
4cfc6c1f-4d1e-47af-b49e-f10d740358f7,Karnataka,iOS,Settings,5,Helpful,153,0
c06cfb87-e9e4-4d29-a961-746ed9f4093e,Uttar Pradesh,Android,Search,3,Great UI,167,1
7654117f-391a-4a02-9f6c-2fd2a6b5674e,Uttar Pradesh,Android,Search,3,Crash,194,0
40ce9954-e2ce-49d0-9f94-47f0e5076f44,Karnataka,iOS,Notifications,4,Helpful,52,0
61a77bde-59f8-4d76-a106-b231fa4b8131,Tamil Nadu,Android,Profile,2,Great UI,581,0
d855e8d8-f389-4694-a18a-bc3845a8e186,Karnataka,iOS,Notifications,1,Great UI,358,0
e2f63d87-7c58-4676-b2eb-afb1863e0c4b,Uttar Pradesh,iOS,Settings,3,Slow Loading,542,0
5828ff96-a108-4fff-8b6a-66c50c90e37c,Uttar Pradesh,iOS,Notifications,5,Easy to Use,564,0
dd5ad192-4ede-4e65-88d5-72afbb098d75,Delhi,iOS,Settings,2,Confusing,186,0
fd0526ee-57bc-4704-a180-bc7d7eed7de9,Uttar Pradesh,iOS,Settings,4,Great UI,182,0
50f2a29a-564a-4b8a-9dbd-2ea5d0d034de,Maharashtra,iOS,Search,1,Confusing,182,0
85d75cea-5444-4d6a-93c1-8545d8f18271,Maharashtra,Android,Search,1,Crash,556,0
b910263e-64b8-4835-a2af-47a934578b2c,Tamil Nadu,Android,Search,4,Great UI,575,0
2c5251c0-15ca-44ed-a4b6-0dcb4c261f06,Uttar Pradesh,iOS,Profile,1,Crash,183,0
4ac1c0f7-b6af-4e2b-8233-6a98bce350bc,Maharashtra,iOS,Home,3,Great UI,21,0
82830c27-5885-4059-b3f5-0053927608fe,Uttar Pradesh,iOS,Settings,2,Helpful,50,0
b787d306-e255-44d3-b419-7cc1955085fc,Tamil Nadu,Android,Search,3,Slow Loading,379,0
c1c98f48-fd33-47f5-b8cb-3dc9fd6beef3,Maharashtra,Android,Settings,3,Slow Loading,29,0
e2d00f30-ca35-4c5a-8ffe-8a2299f9dc83,Uttar Pradesh,Android,Home,1,Easy to Use,261,0
60c16a9d-acc2-4560-9e49-efe3aa62e2a6,Maharashtra,Android,Profile,2,Buggy,484,0
97bae89f-1ab3-4d97-afcf-cf730842e29d,Uttar Pradesh,Android,Settings,1,Slow Loading,439,1
27afbe0e-72a5-4343-beda-3691633b72cd,Uttar Pradesh,Android,Settings,4,Slow Loading,338,0
048b1653-aeb1-4a58-bbce-778fba95b3dd,Tamil Nadu,Android,Settings,1,Helpful,456,0
9f94f472-e7dc-4291-8a8a-9be19e1353b6,Tamil Nadu,iOS,Profile,5,Feature-Rich,20,0
d0d93c92-511a-4aab-9ddc-7c3a5c4043c9,Delhi,Android,Settings,2,Easy to Use,287,0
8b7150d5-71d4-4b26-ab5e-f6db177fec9b,Tamil Nadu,iOS,Profile,2,Crash,220,1
a68b95ee-dcdf-4816-9fb3-d91081827fe7,Maharashtra,iOS,Home,1,Buggy,299,0
3587b921-83be-4117-a541-d844e1f0c5b3,Tamil Nadu,iOS,Profile,2,Crash,408,0
374c77d9-0993-4265-97b9-623b5f93e1e2,Delhi,Android,Profile,4,Great UI,485,0
c8a3ddcd-4981-4b88-8940-4be9685d70f1,Tamil Nadu,iOS,Settings,4,Slow Loading,442,0
fcf4bc69-9168-4a6a-bb44-335fe4a970d4,Maharashtra,iOS,Notifications,3,Great UI,56,0
e70d1b8c-6b53-4070-842f-4ef0f895df10,Tamil Nadu,Android,Settings,3,Feature-Rich,112,0
8fcb499a-86be-403f-abf3-b933fa52bff5,Tamil Nadu,Android,Home,4,Easy to Use,186,0
1e8cd933-ac7b-4040-b6f9-cb5a1e3e9e1b,Maharashtra,Android,Profile,3,Easy to Use,465,0
d32c728e-2947-46ae-9a41-20b2dec016ac,Delhi,Android,Settings,2,Easy to Use,285,0
afe2e0e0-cad3-432b-a970-c80dc56a6681,Delhi,Android,Notifications,4,Buggy,469,0
bc822cd2-88ee-4b56-a912-3b63462194ff,Karnataka,Android,Search,3,Feature-Rich,240,0
b162bf79-a5ba-4cac-8eee-1ccde4102847,Maharashtra,iOS,Notifications,5,Slow Loading,297,0
ed6b5804-10d1-4ea5-8118-706c7c028342,Maharashtra,Android,Notifications,4,Buggy,74,0
a0267471-4db7-4052-8032-0066a676fea0,Karnataka,iOS,Profile,5,Feature-Rich,330,0
e79792b6-63e7-442d-b2e7-77e78cf3f260,Delhi,Android,Home,4,Buggy,250,0
1e63a397-e63b-4777-b7e6-d8326ced2bb3,Uttar Pradesh,Android,Home,5,Easy to Use,498,0
c4c0dfdd-8b42-4d3d-a202-53fe4221586d,Delhi,iOS,Home,3,Helpful,430,0
07dcc512-1643-44e5-b032-fd474ec0d440,Delhi,Android,Settings,5,Buggy,292,0
0e9ffa18-cb5c-429e-b15e-f410a781bbbf,Karnataka,iOS,Settings,1,Helpful,369,0
79462cb4-e2bc-4c2e-b2e9-1a7c494490d3,Delhi,iOS,Settings,2,Confusing,249,0
6e611d8d-dcd3-43ee-9c88-29c6c952abd5,Karnataka,iOS,Search,1,Feature-Rich,539,0
c8579f10-2954-4acb-bb5f-37ea77cad9ca,Uttar Pradesh,Android,Home,2,Helpful,496,1
4b6499b0-b945-4e54-a8d3-cab63921dffc,Maharashtra,Android,Home,5,Buggy,352,0
67e5891a-dc42-4808-a11c-fabfab54c7f2,Tamil Nadu,iOS,Home,3,Easy to Use,382,0
ed84c845-6c4a-40ea-83dc-e8bad485f05a,Tamil Nadu,Android,Search,1,Easy to Use,263,0
a1e58be4-298b-4bd1-a6de-1e4bba6bbb22,Tamil Nadu,Android,Profile,1,Confusing,504,0
7dec4ea9-c466-40e1-9f14-b628d0b956fb,Maharashtra,Android,Settings,4,Crash,571,1
36856e03-411b-4099-8581-3c917e6c4690,Maharashtra,Android,Settings,4,Helpful,598,0
60372c6a-6b53-452f-9a89-cd958f512d51,Karnataka,Android,Notifications,4,Confusing,346,0
b9052a0a-6891-4b0f-a368-ecd2023cf447,Delhi,Android,Settings,4,Easy to Use,596,0
60c62829-c91e-4642-bd2c-3ce98ba63887,Delhi,Android,Notifications,5,Helpful,419,0
d719342b-d450-4712-a63b-d84053d5eab3,Delhi,iOS,Home,3,Great UI,152,0
d745ffee-71bb-42aa-8ef5-548f7fab422a,Tamil Nadu,Android,Search,5,Confusing,89,0
2a88206b-39c4-4846-bbb9-11396a03e7bb,Tamil Nadu,iOS,Home,4,Confusing,220,0
cb17969b-5cc6-41aa-bc2c-14df63a81d57,Karnataka,Android,Settings,2,Slow Loading,495,0
dbfde25b-4e5a-4357-8122-c0474f99cabd,Uttar Pradesh,Android,Notifications,5,Crash,590,0
85bbb2fb-9888-4286-a915-83ef494818d7,Maharashtra,iOS,Home,5,Great UI,438,0
84ecb84d-fde4-405d-942b-b9048c0ad816,Maharashtra,Android,Settings,1,Helpful,16,0
1d785450-36b2-4cba-8ccd-6fb997d85721,Delhi,iOS,Profile,4,Buggy,171,0
7764869e-854f-4300-8bb1-8f2f3d7eee68,Uttar Pradesh,Android,Home,2,Feature-Rich,319,0
d0b585bd-a9b6-466d-ba9d-4c0bafd8426f,Uttar Pradesh,Android,Home,3,Feature-Rich,589,0
f461d1c8-b835-4bde-bcba-31a36c5bc848,Tamil Nadu,iOS,Home,4,Great UI,75,0
1b56d4d1-f6ff-4c45-8ab6-131905016fa0,Uttar Pradesh,iOS,Profile,1,Feature-Rich,274,1
381d21a2-6ff6-401e-babf-2ee18da8b92a,Uttar Pradesh,Android,Search,2,Buggy,261,0
13c741f7-3e49-426c-aefc-e60149b1afd3,Maharashtra,Android,Settings,5,Crash,434,0
f8824e64-794e-4df4-abc6-0ae7330fdf64,Karnataka,iOS,Settings,3,Easy to Use,126,0
965d4394-0da3-4e84-8e5f-c5a5518a3ef9,Uttar Pradesh,Android,Home,4,Buggy,155,1
a308d89e-ba4e-4047-a6ce-41a0f4f75a77,Uttar Pradesh,Android,Search,1,Easy to Use,469,0
4114de2e-f94d-4f32-a8f6-0f2f3e11546d,Karnataka,iOS,Home,5,Great UI,432,0
08e8d3ce-ecbb-4986-8f31-5a5160211596,Karnataka,iOS,Home,2,Slow Loading,535,0
dbb089b2-119c-4da0-8900-07f5d36bc4d3,Karnataka,Android,Settings,2,Confusing,163,0
b040d885-7e7d-46ea-b780-c562de881409,Uttar Pradesh,iOS,Notifications,2,Buggy,316,0
6be771ab-cac2-4a92-aa31-b1ee1c961246,Delhi,Android,Home,4,Great UI,538,0
fd066ab7-1afb-4c04-aaff-ddf86a302c54,Uttar Pradesh,iOS,Notifications,2,Helpful,292,0
a4c4b6e9-ee2b-4520-88d0-3ee68f7b51fd,Tamil Nadu,Android,Settings,5,Crash,404,0
946f56d7-55f0-4bc3-a62e-c44e4c6858d3,Maharashtra,iOS,Settings,4,Great UI,25,0
6c217614-5763-42a0-9640-5f37bb46764b,Uttar Pradesh,Android,Home,2,Crash,477,0
ecdffa69-9537-4502-8bf2-6114ee056f72,Maharashtra,iOS,Profile,3,Buggy,285,0
99b90468-63b4-41e8-bb55-d674887753d6,Uttar Pradesh,iOS,Profile,3,Feature-Rich,544,0
3334f97f-1617-4154-bb83-7fe80e7b7815,Tamil Nadu,Android,Home,2,Slow Loading,312,0
1b9c5506-dd46-4917-82da-3118c894f4aa,Maharashtra,iOS,Profile,3,Easy to Use,427,0
2d27bb06-d603-4d6f-8253-ca61e568a1c4,Uttar Pradesh,Android,Profile,2,Helpful,382,0
e1566621-26fd-47cc-9237-f511089471bf,Maharashtra,iOS,Notifications,4,Confusing,70,0
e1dda217-b6d7-45ad-ba21-08c5a00b724a,Tamil Nadu,iOS,Home,2,Buggy,258,0
ec500ca6-97d4-4636-8b31-ba9619105117,Maharashtra,iOS,Home,3,Feature-Rich,237,0
df8a99a7-10e1-4499-9bf3-a6c99417c543,Tamil Nadu,iOS,Notifications,1,Helpful,386,0
af285727-fc77-4528-b0a0-ad83a76651bb,Delhi,Android,Profile,4,Buggy,532,0
b549c524-9ac3-4e85-9649-557322a91e55,Karnataka,iOS,Notifications,4,Helpful,264,0
77d4c91d-1abb-40fc-aca2-23ee395c23af,Delhi,iOS,Settings,2,Easy to Use,140,0
a8e29623-24be-4eeb-8747-3e73e5a93b19,Karnataka,iOS,Settings,4,Confusing,300,0
50dd69b3-4f7d-4338-8a37-bc00b0e8ebd3,Maharashtra,iOS,Notifications,3,Helpful,188,0
40a657bd-13e8-4c43-9c68-6188fafb00da,Karnataka,iOS,Profile,5,Confusing,198,0
4b7ef266-3d48-410a-89a0-c8cc3f3388e6,Tamil Nadu,Android,Home,4,Confusing,417,0
c8a0f7a7-2aa9-4d7e-b084-2f5f6ae073b0,Tamil Nadu,iOS,Profile,2,Feature-Rich,396,0
83fd2293-eb05-455d-bd19-a86b43d6949f,Uttar Pradesh,Android,Notifications,5,Easy to Use,230,0
be6c215e-cce7-4024-b80d-e9e547b71b46,Uttar Pradesh,iOS,Settings,5,Helpful,517,0
6f150226-fd08-493b-b781-6221618555a4,Maharashtra,iOS,Settings,1,Buggy,134,0
344b64bf-759f-46c5-b468-de280017adb5,Uttar Pradesh,Android,Home,5,Buggy,262,0
db249af4-f786-47dc-8db1-b5226ba1527c,Maharashtra,Android,Notifications,1,Great UI,139,0
dcfe1a3b-4d04-4e25-8994-26826fca3e90,Karnataka,Android,Home,3,Buggy,60,0
908afb28-c1ab-4e4a-a249-0744193047aa,Tamil Nadu,iOS,Profile,5,Crash,322,0
5b85c33b-fdd4-4b3f-bab3-df023c956d26,Maharashtra,Android,Search,5,Crash,232,0
a9816a68-d53c-4a14-9bb2-bbfca81eadd2,Karnataka,Android,Notifications,5,Helpful,339,0
470fd8d1-dbcb-41b0-a965-ce3ecdfa2db3,Uttar Pradesh,iOS,Profile,1,Confusing,345,0
3a39412d-e936-496f-a9ec-be521039a033,Tamil Nadu,iOS,Profile,2,Buggy,21,0
f3ffae5b-440e-4de5-b730-c8c971a53733,Maharashtra,Android,Notifications,2,Easy to Use,354,0
56f89a20-2182-457b-846b-c8b55d5e7440,Karnataka,iOS,Settings,4,Crash,277,0
7f96b871-b550-433f-8a60-bb5af4ffbd78,Uttar Pradesh,iOS,Profile,5,Slow Loading,388,0
0855c6d8-e531-4742-bf8b-66b97db6bbd1,Maharashtra,Android,Home,4,Feature-Rich,261,0
a33f74aa-4ddb-47e6-9af4-8ba6e4d4c501,Karnataka,iOS,Notifications,4,Confusing,112,1
21e20989-2cbe-4b02-b659-df49450c68ae,Tamil Nadu,iOS,Settings,2,Buggy,16,0
5c4c4f9a-be06-4538-be60-f1549f6aa576,Delhi,iOS,Search,1,Great UI,335,0
3b18622b-d7e4-446a-8132-c72252e02f78,Karnataka,Android,Settings,5,Feature-Rich,424,0
822e3385-b1fc-45f5-a9fb-bdad5138e555,Karnataka,iOS,Settings,4,Easy to Use,183,0
3078e3b2-cfee-4173-8a66-1960b899feff,Delhi,Android,Profile,4,Crash,599,0
fd1edb0f-6fe0-44e7-9b5a-f91291d637e1,Maharashtra,Android,Profile,3,Crash,213,0
18d0a55d-a530-4051-9ee6-ad69c19686f7,Maharashtra,Android,Settings,1,Easy to Use,315,0
7545a26e-4ac2-412e-be75-49db13a7b62b,Delhi,iOS,Search,4,Buggy,573,0
ebca9854-d865-4e40-900e-97dd9eafb73f,Delhi,iOS,Settings,1,Helpful,557,0
66b5e122-5560-45dd-bb0b-a5726000cfa5,Maharashtra,Android,Search,1,Slow Loading,491,0
f911189e-802c-4e3b-b7fc-ffcba08d5a45,Karnataka,Android,Settings,1,Feature-Rich,101,0
2bc6ef4b-6299-49ef-b9c8-2518bb93b73a,Maharashtra,Android,Notifications,5,Feature-Rich,90,0
0721b6c6-ea45-4224-9e19-043f4b26ec0d,Tamil Nadu,Android,Search,1,Crash,581,0
3cdf6956-9fca-4b0b-bf3e-13f5ce12e2e0,Uttar Pradesh,Android,Search,3,Crash,107,0
eee9bd5a-5fbb-46e9-b497-024a2e330d7c,Tamil Nadu,iOS,Search,5,Confusing,384,0
8ead0f87-75a1-45a2-a574-2d7a482b8dd9,Karnataka,iOS,Home,4,Helpful,12,0
448a6ef2-75bd-486f-b08e-76c5d247ea14,Karnataka,Android,Home,3,Feature-Rich,329,0
2e1e9ae4-8757-46c3-8f56-8199f33568ce,Delhi,Android,Profile,5,Great UI,192,0
69c5697c-884d-4ee2-aa4a-995be618f0e1,Uttar Pradesh,Android,Profile,5,Confusing,413,0
50232316-390b-4dff-b797-961cf39840b8,Karnataka,Android,Notifications,3,Confusing,295,0
3d463e70-bfc1-4a68-a046-e4dac2718e94,Karnataka,iOS,Notifications,5,Slow Loading,165,0
fd9bb1f8-8de5-4260-aefa-f624229a9105,Maharashtra,iOS,Home,4,Buggy,457,0
bc5edf8f-c48d-48b8-9a73-4e8d60da01e3,Maharashtra,Android,Profile,3,Confusing,145,0
7a2f001f-7710-44bf-8efc-9b8a75019fc7,Maharashtra,iOS,Search,3,Slow Loading,525,1
628cd480-53d7-4a5d-9adb-44dc687ea347,Karnataka,iOS,Settings,1,Helpful,53,0
99404373-282e-4cf7-b6f2-6c0a5a088fee,Karnataka,Android,Notifications,5,Crash,563,0
8d763206-97d6-45b8-bef3-ff2f3e2c24ce,Delhi,Android,Home,1,Easy to Use,158,0
9aa5d925-da82-491d-ba63-b7eb80b250e3,Tamil Nadu,Android,Home,3,Buggy,576,0
7114bbb2-7b68-4ac4-86d7-428d84e22165,Karnataka,iOS,Profile,4,Easy to Use,200,0
eb6e4b91-6458-4ed4-838a-44723cb4b32b,Karnataka,iOS,Home,3,Helpful,172,0
59133fc3-1e61-4801-9d56-865c801f4e71,Delhi,Android,Notifications,4,Slow Loading,497,0
e62a7913-6e79-4536-af44-53699791c848,Delhi,iOS,Search,3,Helpful,68,0
29dcd768-4ba1-41e0-8819-72b4e4383e77,Maharashtra,Android,Home,4,Crash,306,0
3d066070-acba-4a81-b953-67d2177e9d08,Karnataka,iOS,Profile,5,Buggy,441,0
761ea851-d579-4073-a178-03b6ed675489,Tamil Nadu,iOS,Settings,2,Confusing,194,0
469e7d37-42d6-41b1-ad50-684c018229d2,Uttar Pradesh,iOS,Home,3,Easy to Use,23,0
5b6c1f94-3058-4839-b694-b7268c9bd0ee,Tamil Nadu,Android,Notifications,3,Slow Loading,142,0
54b8bd2f-8e49-4b0b-b6db-c8228d4bf62b,Uttar Pradesh,iOS,Home,2,Confusing,539,0
73c65d86-b76f-42e9-9d32-4d94fa4884c9,Delhi,Android,Settings,2,Slow Loading,415,0
b81cb834-35e8-40ed-a195-256af58add6e,Tamil Nadu,Android,Search,1,Great UI,553,0
63e126ba-44cc-432c-b419-7def07a6b14b,Karnataka,iOS,Search,1,Crash,21,0
a4084951-ac5b-4cfd-8e7c-dee2e2fe1d09,Uttar Pradesh,Android,Notifications,1,Great UI,70,0
7e100d4a-30ab-4953-9aeb-2685b03602e6,Maharashtra,Android,Profile,3,Great UI,33,0
d2f80e1f-8d16-429c-a3af-cee395d98ab4,Delhi,Android,Profile,4,Feature-Rich,592,0
74e3c193-6d6d-4eed-bf79-a1f87ada51f5,Uttar Pradesh,iOS,Profile,1,Great UI,411,0
5a665419-e815-481e-af82-ec2f9298ec45,Uttar Pradesh,iOS,Home,2,Helpful,367,1
0c4426db-a7d6-4fa5-9a12-a750ab199f64,Tamil Nadu,iOS,Search,3,Buggy,150,0
1f5cf9cf-1099-4ae2-b41a-25b866390197,Delhi,iOS,Search,3,Easy to Use,536,0
ecabcc1f-a7a1-4e50-8ad2-29deeab557ce,Uttar Pradesh,Android,Notifications,1,Confusing,366,0
eeea1d82-9cf7-476b-b4ba-a3c070d83b21,Uttar Pradesh,Android,Search,3,Feature-Rich,417,1
2f784485-e7a7-4228-ac68-0f543ec937b0,Maharashtra,Android,Notifications,3,Great UI,136,0
7f3adbc8-c525-45e5-bce5-41af7a9ed25d,Tamil Nadu,Android,Search,4,Confusing,22,0
fa9e7a77-1da6-4839-b781-3802ea22edc5,Tamil Nadu,Android,Settings,2,Buggy,564,0
afb2a020-e7e1-4b45-b815-635815563a40,Tamil Nadu,Android,Search,4,Great UI,441,1
58c84936-149f-4a50-b918-2ca46a79c61f,Tamil Nadu,Android,Profile,2,Feature-Rich,74,0
e164bc39-ae68-4d9d-8777-38eff59d06a2,Delhi,Android,Home,3,Easy to Use,14,0
72be109f-46b8-4e31-b482-8e13ac814f18,Maharashtra,Android,Settings,4,Crash,333,0
43817272-fd68-4db6-b436-8075b54fcff8,Delhi,iOS,Notifications,1,Feature-Rich,142,0
83267296-c315-428e-a9d4-5f2ed018db64,Delhi,Android,Profile,2,Feature-Rich,324,0
f61f68d3-68d6-4387-8c3b-c9b57bafd4b4,Delhi,Android,Settings,3,Feature-Rich,228,0
96c660a9-7655-4463-8a63-6a4f29944ff6,Delhi,iOS,Notifications,1,Feature-Rich,481,0
59254228-502e-4915-81e6-2d841447aef2,Karnataka,iOS,Settings,3,Confusing,229,0
5043141b-2d58-4daf-b212-2b28e72ab7b0,Tamil Nadu,Android,Notifications,2,Easy to Use,340,0
5a244f2e-364f-42f1-a49d-7409d0518aa5,Tamil Nadu,iOS,Notifications,4,Confusing,570,1
33a339de-6285-4f85-807b-38ffa70fd62a,Delhi,iOS,Home,2,Easy to Use,499,0
39ad6284-257a-42bc-95db-2246ea12ee5c,Karnataka,iOS,Profile,1,Crash,587,0
a62674c8-cbcc-4013-b522-17547a55775b,Karnataka,iOS,Settings,4,Easy to Use,232,0
8ea340f5-e07a-44e4-91e0-43fd99fe9488,Maharashtra,iOS,Profile,2,Easy to Use,589,1
51fcb301-fd32-4773-806f-d45b3821fbc8,Tamil Nadu,iOS,Search,1,Great UI,584,1
52211c93-3e74-4368-b8bf-1a6e808f6306,Delhi,Android,Profile,4,Helpful,395,0
51c35a13-0717-4647-8e78-2c7f7378baea,Uttar Pradesh,Android,Search,2,Helpful,494,1
0fbaa4cd-21a1-4b26-870e-99df2be10be3,Uttar Pradesh,Android,Profile,5,Feature-Rich,154,0
2bc7fdbe-c9da-436e-abcd-3bb8e5db603f,Maharashtra,Android,Home,5,Crash,267,0
5dc7c3b5-09ca-46ea-9567-18761dfb8fea,Karnataka,Android,Settings,5,Easy to Use,243,0
01ce6370-621e-4ecf-9c33-83a540a9e4be,Maharashtra,iOS,Search,2,Easy to Use,314,0
c26a26f6-5c82-45a1-bc76-43aa1ad6d814,Karnataka,Android,Notifications,1,Helpful,349,0
64be0a0f-4c01-4c2e-b078-ff1cf95811b5,Karnataka,iOS,Search,3,Great UI,408,0
ede62932-d54f-45a2-bb6b-846a5bf6a80d,Tamil Nadu,iOS,Settings,5,Crash,216,0
55440a5a-5464-4ae1-9e93-67b59f2ec2c4,Maharashtra,Android,Home,1,Confusing,301,1
e45ad376-0944-45bc-ac2c-cb86ffa2674c,Maharashtra,Android,Profile,4,Great UI,141,0
56301490-2f12-4439-a4fb-ce66d8505e0e,Tamil Nadu,iOS,Profile,2,Crash,434,0
8eb4d2ba-304c-43f7-8af3-6a610167ad5f,Uttar Pradesh,Android,Settings,4,Buggy,499,0
65482def-ed3b-405b-810c-100901bbdcae,Tamil Nadu,Android,Profile,5,Feature-Rich,63,0
2098514f-a916-4565-b252-f9236b95275a,Karnataka,iOS,Notifications,3,Great UI,525,0
e51858da-8aaa-4970-bb2c-19125cb006f5,Maharashtra,iOS,Home,1,Helpful,314,0
bf979f63-f281-4e2c-8b06-5cdf53dacd2d,Maharashtra,iOS,Search,1,Confusing,494,0
86d1f497-4e4b-4492-8fe5-dad6befd7d5d,Delhi,Android,Settings,4,Confusing,151,0
979b98d9-7b14-45c9-92a6-96ff83f1a562,Karnataka,iOS,Profile,1,Slow Loading,260,0
a566e43a-823d-48ab-afea-241041e5a000,Maharashtra,iOS,Settings,3,Confusing,82,0
3fcfdc10-6df1-439b-9506-7dc50804da86,Tamil Nadu,iOS,Search,5,Helpful,223,0
11cecd7f-b6fd-421c-9c86-c23b0901dbe9,Maharashtra,iOS,Notifications,5,Buggy,89,0
adeba6e2-3276-488c-ad60-da6c7ca26a3e,Uttar Pradesh,iOS,Home,5,Feature-Rich,331,0
a87040d8-4704-4138-9041-59e838d3749a,Delhi,Android,Profile,4,Confusing,313,0
4fc84089-51d1-4123-8f38-2a4ed3edb189,Maharashtra,Android,Notifications,3,Confusing,113,0
41c13506-5be5-4842-9926-aded4cf84ef1,Maharashtra,Android,Home,3,Buggy,585,1
c30d1131-1983-40bb-80d8-3a18df21d25d,Maharashtra,iOS,Home,1,Crash,196,0
a83f740e-ea6c-45ed-b659-1e0a7ae4a7ae,Tamil Nadu,Android,Profile,2,Buggy,519,0
3081f776-7144-4ba5-9a2a-495ff45a31d1,Maharashtra,iOS,Settings,4,Helpful,75,0
3fd1b342-745a-40d3-8b1d-334e76cdda9e,Uttar Pradesh,Android,Profile,2,Helpful,548,0
5720f594-47e9-4359-af24-a86b02c72fec,Tamil Nadu,Android,Search,5,Buggy,79,0
e378eff0-b196-416b-9f26-74d4658e9f81,Karnataka,iOS,Home,2,Buggy,599,0
3117c0a4-ca14-4d7c-a067-40c6fa961c0d,Tamil Nadu,iOS,Settings,5,Buggy,410,0
6834426c-2a3e-4485-86ff-bdbf0852498e,Delhi,iOS,Settings,5,Buggy,590,0
813fc1b4-b255-4864-a107-98832273a386,Tamil Nadu,Android,Notifications,2,Slow Loading,465,0
9be756c1-4a2e-41dd-ad2d-f084f1896f50,Tamil Nadu,Android,Home,5,Slow Loading,597,0
9b02715b-53fd-4ae0-a0c2-0a616ed75bb7,Tamil Nadu,Android,Settings,4,Great UI,17,0
9d867605-0533-4ef5-a809-e11d9b4ac523,Delhi,iOS,Search,4,Confusing,294,0
bb3c6d45-38d1-464e-94e1-18d05001db01,Uttar Pradesh,iOS,Search,3,Feature-Rich,515,0
1f4b58f6-4bbf-4ba2-8c9e-1bf67494f320,Maharashtra,iOS,Settings,4,Buggy,15,0
f1564516-242c-4600-968f-7fc24a179ec0,Tamil Nadu,iOS,Search,5,Confusing,553,0
9027589b-3917-43c3-be1d-2b0ceeb3a8e7,Delhi,Android,Search,1,Confusing,401,0
fb21c1c9-7218-4aa0-a976-a0700da9e14a,Delhi,Android,Profile,2,Buggy,319,0
4cbd417b-a50a-4ee3-8012-51f55b3b1d2c,Uttar Pradesh,iOS,Search,1,Great UI,216,0
fceafd6c-740f-4c1d-b18f-c4df3fbc615c,Tamil Nadu,iOS,Home,5,Easy to Use,335,0
927f28b2-b861-437f-a6e6-2ba5a916247d,Karnataka,Android,Settings,1,Easy to Use,428,0
5fba05f5-3f5f-4872-827f-4ec974e444a5,Uttar Pradesh,iOS,Search,2,Easy to Use,534,0
bbb83268-853f-4b7d-b8dc-e7eff09e9906,Karnataka,Android,Home,3,Slow Loading,563,0
cd433f8b-686c-4540-85eb-143f14e9092c,Uttar Pradesh,Android,Home,5,Buggy,80,0
39917a3b-0e08-46ca-a28d-792ccb0b6f47,Uttar Pradesh,Android,Notifications,4,Crash,497,0
9d2c082b-7bba-4cd7-8e7c-f1f2a884bfee,Uttar Pradesh,iOS,Profile,3,Feature-Rich,166,0
bf01a58d-1fc7-40f3-8190-60d3d714974b,Karnataka,Android,Search,4,Buggy,549,0
58c01f6c-093d-4f9f-821a-c53d8360fad2,Delhi,Android,Settings,2,Feature-Rich,396,0
0223dfff-8b35-48e5-81f8-716943800343,Tamil Nadu,iOS,Notifications,1,Feature-Rich,520,0
95a2aaf3-4223-4daf-bd39-d100a17b53b6,Maharashtra,iOS,Home,3,Slow Loading,153,0
07e6093c-4c3e-40d1-a1a3-91509c508481,Tamil Nadu,Android,Profile,5,Buggy,286,0
e4941887-9db5-4303-adbd-05782a363649,Karnataka,Android,Home,3,Great UI,350,0
390414f3-b4d7-449e-9c2c-9d5d7023511e,Uttar Pradesh,Android,Settings,2,Buggy,167,0
fd58b649-fb3e-4c02-844a-be6e96cef268,Karnataka,iOS,Settings,4,Buggy,555,0
97d314d0-b58e-487a-9436-e0f33a0fc618,Delhi,iOS,Home,3,Crash,535,0
57a0175c-0103-423f-992f-075fa75357b0,Delhi,Android,Profile,1,Great UI,337,0
1b5b13e1-819b-43fb-9ddf-a7872206184a,Uttar Pradesh,iOS,Notifications,3,Crash,594,0
4dbfe97f-6db0-4e0d-90d9-2727817759ae,Maharashtra,Android,Profile,4,Slow Loading,379,0
7569a406-ed52-4f47-8e91-5436bd6643fb,Tamil Nadu,iOS,Profile,4,Confusing,502,0
1af907fb-b965-44c2-ac68-e0279bfb8085,Uttar Pradesh,Android,Home,4,Easy to Use,12,0
59319bf3-8a0c-42bc-9cf6-d0655ac9b1e1,Maharashtra,Android,Home,3,Crash,552,1
a4519f4d-e354-485a-8d1d-0314cf5d41de,Karnataka,iOS,Notifications,5,Great UI,311,0
b6aec383-0e80-434b-9904-7d56cc2be8c8,Tamil Nadu,iOS,Search,5,Buggy,434,0
bd160956-6b51-484b-b4f8-fadf7ea3ff39,Uttar Pradesh,Android,Settings,2,Easy to Use,146,0
9cd18f70-4b00-4a82-b2c6-5079ef280745,Maharashtra,Android,Settings,1,Helpful,524,1
2a09b8c1-2441-4eaa-bced-4f8df1036035,Karnataka,Android,Profile,2,Helpful,596,0
92166d80-c3f0-44ea-bdb3-7a829170a674,Tamil Nadu,iOS,Search,5,Helpful,66,0
b5bcd65f-300d-4bbd-904c-5307b4fc75dc,Uttar Pradesh,iOS,Settings,4,Feature-Rich,275,0
c268d8a0-cee0-4246-b5ae-f5d2ed6b5fad,Tamil Nadu,iOS,Settings,3,Feature-Rich,217,0
b5062995-e447-41a4-944e-6f42cb3a1bb1,Karnataka,Android,Settings,2,Helpful,536,0
78573114-7736-4bac-8560-020a9f1f4f36,Uttar Pradesh,Android,Search,4,Slow Loading,581,0
106250a5-359a-4787-b203-665ff049384b,Delhi,iOS,Profile,4,Easy to Use,527,0
f49ca006-b9ef-47d4-ac29-91b435ca5ad4,Uttar Pradesh,iOS,Settings,2,Slow Loading,169,1
d12857f6-aadf-489f-a6e8-f1f5b0818524,Tamil Nadu,iOS,Home,2,Easy to Use,418,0
d68d512b-a83b-4792-a38e-d79f3b801015,Maharashtra,Android,Notifications,1,Feature-Rich,100,0
2e53a4f1-4596-4ee1-acb6-35bc8b9284ef,Uttar Pradesh,Android,Profile,5,Confusing,110,0
edfb72d5-c931-4b6f-92ba-18e88dfe68ab,Maharashtra,Android,Settings,1,Confusing,407,0
d84387ce-bfaf-4acf-a139-890604006c2f,Uttar Pradesh,Android,Home,1,Helpful,145,0
1b6a4e2e-b6b1-4b58-bdac-33fd10368b34,Maharashtra,Android,Settings,5,Easy to Use,239,0
ac838df0-16f6-483f-8c11-a6ce2ea4f11d,Uttar Pradesh,iOS,Search,5,Helpful,57,0
4a98a691-d625-48b0-b128-d8705b219170,Delhi,Android,Settings,4,Feature-Rich,481,0
3de590db-30cd-47f7-861b-fa0ba986f4ec,Tamil Nadu,Android,Profile,3,Feature-Rich,466,0
eba2d45c-15e2-4cd5-a990-5cd899c2bc34,Tamil Nadu,iOS,Profile,1,Great UI,233,0
8a43b891-9864-4d33-91bc-15346882e212,Delhi,iOS,Home,3,Helpful,43,0
e13dbad1-5637-4313-bc35-e1b45b074429,Karnataka,iOS,Notifications,5,Easy to Use,538,0
752b4a7c-c9e2-421e-ab0d-15c5e451c774,Delhi,iOS,Home,3,Feature-Rich,531,0
dcdf08cf-5b9f-4c83-9f3a-627be992c31a,Karnataka,Android,Search,1,Buggy,504,1
ed5fd1d5-f7d0-4fe8-bf1e-e39749940a01,Karnataka,Android,Profile,3,Slow Loading,213,0
7bdec1ae-e052-467b-a372-570d9fb8919e,Tamil Nadu,Android,Search,4,Crash,48,0
7254eb97-62c4-4ec3-9d97-74936afd9e4a,Tamil Nadu,iOS,Notifications,4,Slow Loading,155,0
248dc5b4-0608-4adb-a172-3503b2acd065,Delhi,iOS,Search,4,Buggy,279,0
8d080fb4-99dd-419d-8fa9-8eeccc85ba28,Tamil Nadu,iOS,Home,2,Confusing,447,1
0fa529cd-e035-43ea-9c8b-c67894d3f606,Karnataka,Android,Settings,2,Great UI,336,0
2ab1a6ee-7d00-4d8f-8fec-e3d0debb6e10,Tamil Nadu,Android,Home,3,Helpful,384,0
c48b0b72-57d0-40f2-912d-83773f5e4066,Maharashtra,Android,Settings,2,Crash,531,0
4a861623-575a-4cf2-aa49-1f0f02d48e90,Uttar Pradesh,Android,Home,2,Crash,349,0
4852524c-8386-49c7-81bc-1d7b6e1f054c,Delhi,Android,Profile,2,Great UI,317,0
4f54a44b-a2bd-4edd-9eeb-ee38810d118c,Delhi,Android,Notifications,3,Buggy,560,0
60dbe29f-5e51-4e67-a4a1-f40df2d34e11,Tamil Nadu,iOS,Home,4,Easy to Use,317,0
5e8e06c6-79d8-47c8-9fde-ae8773497865,Tamil Nadu,iOS,Search,4,Great UI,135,0
9a0785e2-13a8-40f7-a864-477a47d9e85e,Uttar Pradesh,iOS,Notifications,3,Crash,508,0
d79e7f2c-bc45-4541-bb38-5f18bc5f0a6d,Uttar Pradesh,Android,Settings,1,Helpful,13,0
0b047117-7a1f-4137-876e-752ecf858729,Maharashtra,Android,Home,5,Crash,424,0
98aaa58a-1513-4dc6-a701-1a0ebcb4b89e,Karnataka,iOS,Home,2,Buggy,290,0
a941f970-dc63-4208-a4aa-81bed032bcb6,Tamil Nadu,Android,Notifications,3,Easy to Use,508,0
22e27bfc-298b-4f5f-84d3-5361a82eff0f,Delhi,Android,Profile,5,Great UI,558,0
65e87a10-b086-4d6b-9eed-5081c3138276,Maharashtra,Android,Home,2,Confusing,366,1
173b5de8-e106-4ad5-be03-1f69203ff46c,Karnataka,iOS,Profile,1,Easy to Use,435,0
33836851-5ef3-4a73-96d7-60bdb68f0274,Tamil Nadu,Android,Notifications,4,Confusing,433,0
8b22c07d-df5d-43a3-95ae-eb17627ccff9,Karnataka,Android,Profile,3,Confusing,256,0
90a9667b-f497-4a01-b340-b4dbd122a3e1,Karnataka,Android,Profile,2,Easy to Use,285,0
cf143253-3c2b-4342-a7da-e78ec1c82e8d,Uttar Pradesh,Android,Home,2,Helpful,443,0
c7c5beec-fc55-4deb-a035-b9fe2f3c0a1f,Tamil Nadu,iOS,Search,5,Slow Loading,106,0
e2e8ebfc-29fa-4b45-943a-ac8e49c47f94,Tamil Nadu,Android,Search,2,Buggy,292,0
38163b0c-c0a9-443c-a760-f53d2e265908,Karnataka,iOS,Search,1,Great UI,226,0
6171a886-1764-475d-86e6-9cbd3f4c704b,Delhi,Android,Settings,3,Confusing,379,0
e7f6e6f7-ecbc-4048-bcd0-1679aa79691e,Delhi,Android,Settings,1,Crash,572,0
92070a25-f6d8-4241-ae79-f76adfd54068,Tamil Nadu,Android,Settings,2,Crash,591,0
a72a64f4-082b-447d-a009-fb5a588286bb,Delhi,iOS,Notifications,3,Feature-Rich,171,0
2f6e57ee-97c8-4f9a-8582-5187d4e4e1e4,Tamil Nadu,iOS,Settings,3,Crash,315,0
8a5c6f1e-6930-4124-9e38-5e0834cfcbbe,Karnataka,Android,Notifications,3,Slow Loading,193,0
119ffd8a-fb3c-441b-b0b3-4765a15fabd8,Delhi,iOS,Home,2,Buggy,305,1
cff2ce8f-4cbb-4ecc-9c5a-4c63cbd1ea76,Delhi,iOS,Settings,2,Great UI,556,1
059a8379-6ac1-4215-949a-674c253daa16,Maharashtra,Android,Search,4,Easy to Use,249,0
fa4a284d-6f52-4d4a-a56b-155142e4ca72,Delhi,iOS,Settings,1,Feature-Rich,503,0
a3028397-2036-4527-a8f7-976f18c9358f,Maharashtra,Android,Search,1,Crash,276,0
e19ef96e-9fad-45aa-b3ac-a30516998164,Uttar Pradesh,iOS,Notifications,5,Helpful,334,0
61027b01-00cc-4e72-a9e7-a49cf7703ca9,Maharashtra,Android,Search,1,Feature-Rich,302,0
c0c8cfd8-b638-4b56-894a-12d2370897be,Tamil Nadu,iOS,Settings,1,Easy to Use,63,0
f3915b91-b404-4b2c-baa0-d165c2d3abd5,Delhi,Android,Home,1,Helpful,259,0
7fb97750-e14f-487c-b484-ed9cd94ba328,Maharashtra,Android,Search,1,Crash,266,0
0dbc39e5-84eb-4fe7-950a-503c69009bcb,Tamil Nadu,iOS,Profile,1,Slow Loading,507,0
3b7f1ff6-ab36-438c-ba58-69fb9f54dfaa,Karnataka,iOS,Home,1,Confusing,547,0
b02f8e8b-c49f-4b0f-8d25-4c750238734a,Delhi,Android,Search,4,Slow Loading,426,0
5c95379f-d637-4772-b77d-661a1e1689f5,Karnataka,Android,Settings,5,Easy to Use,260,1
0a8a1616-f420-411a-aee3-b41b3ca9f852,Karnataka,iOS,Search,2,Easy to Use,22,0
6b5b8485-a1f4-402f-a876-45e43e7a76ec,Karnataka,Android,Profile,1,Great UI,524,0
62da7827-5f95-4cab-9360-bb22cc5d0734,Delhi,iOS,Home,3,Great UI,182,0
e12a8ed2-78a3-4edb-8171-8cde68390193,Karnataka,Android,Search,2,Slow Loading,423,0
4f6b1190-fa91-4090-a04f-21c802bab1e7,Karnataka,Android,Search,1,Buggy,337,0
ff37bdca-e98a-49c5-8721-ae4ec71a76f0,Uttar Pradesh,Android,Home,1,Confusing,444,0
57e78d90-e5af-445f-bc35-8483ec69d177,Maharashtra,Android,Profile,2,Great UI,294,0
01737413-224b-4c61-a028-245e31c382dd,Delhi,Android,Notifications,2,Great UI,190,0
0a70940c-d3da-4c37-b4c0-811276660392,Tamil Nadu,Android,Home,1,Slow Loading,87,0
7c967a4d-14ae-4f6c-80ff-9856ef316803,Maharashtra,iOS,Notifications,3,Easy to Use,238,0
2077fe15-cc28-4c09-8797-f0bb5af85331,Maharashtra,Android,Profile,3,Great UI,539,0
f0b64bc6-4140-4049-a0bf-b4cf1e08d044,Karnataka,Android,Profile,2,Buggy,353,0
3a5b97b1-c3b7-4684-89d0-99152b841d6f,Tamil Nadu,iOS,Search,2,Easy to Use,321,0
677e5b1f-6091-4a32-a933-24d6e728798b,Tamil Nadu,iOS,Search,5,Helpful,448,0
9e34219a-01e6-4bfa-bc59-8b45dadd5026,Maharashtra,iOS,Notifications,5,Confusing,449,0
f40f6f29-cebd-449b-957e-364fbcf4f07f,Maharashtra,Android,Notifications,3,Easy to Use,457,0
1bd20382-6fcd-416e-94fd-3b03b27dc48a,Tamil Nadu,Android,Search,5,Feature-Rich,191,0
88bbd8a8-d332-4af6-9796-bac9485f483a,Maharashtra,iOS,Settings,1,Feature-Rich,191,1
e1fd001d-19e8-483a-a427-980859039f13,Tamil Nadu,iOS,Search,5,Crash,283,0
0726476f-785e-43ee-8963-b5ef77552c32,Tamil Nadu,Android,Search,2,Slow Loading,436,0
e7875755-95b9-44a5-9108-73fde556c66e,Karnataka,iOS,Settings,3,Easy to Use,265,0
9a28b832-f1a9-4c4e-9047-f68b24477275,Uttar Pradesh,iOS,Profile,3,Helpful,287,1
2191622f-5a24-4295-bb51-c3c90ca85dd2,Tamil Nadu,iOS,Search,2,Feature-Rich,223,0
9e7f2566-0649-4ac9-84b9-f820dbeb8364,Tamil Nadu,Android,Notifications,5,Feature-Rich,265,0
775d4c6a-a727-43fa-a38b-0623a7d27110,Maharashtra,iOS,Settings,5,Great UI,314,0
6a409778-bbc5-475d-a6a8-979de253625b,Tamil Nadu,Android,Profile,4,Confusing,211,0
ce58d61f-5ed6-49a5-8a77-c07216a5c43b,Uttar Pradesh,Android,Search,3,Easy to Use,303,0
7f433a61-2ef7-4d77-b61a-9f4c8d8d13d3,Delhi,iOS,Profile,5,Slow Loading,432,0
6d683959-a548-423a-b404-7ff0ef23c5dc,Tamil Nadu,Android,Search,5,Helpful,252,0
86b5082c-d625-4ff8-b204-8edf54c5157d,Uttar Pradesh,Android,Settings,1,Feature-Rich,239,0
7500968a-1dcd-4736-9845-b9078bbca5b5,Uttar Pradesh,Android,Home,4,Easy to Use,482,0
86118e00-ae14-49b7-a4d6-842c321cbd57,Maharashtra,Android,Settings,2,Helpful,143,0
41d69f7b-ae24-4552-b869-d431598371ad,Tamil Nadu,Android,Home,1,Buggy,559,0
cd9195fb-ec14-48c2-8529-e3cbbbdc8091,Tamil Nadu,Android,Notifications,2,Confusing,291,0
7b029759-e0f7-447f-8a53-b1a5a88bd77a,Karnataka,Android,Home,3,Confusing,211,0
16e0eff3-602e-4075-9e50-1ef473aa1756,Delhi,iOS,Settings,2,Feature-Rich,294,0
a1492617-e2be-49de-ab02-cb65e748f875,Uttar Pradesh,Android,Settings,3,Feature-Rich,425,0
68fd26b4-0a25-47d5-be60-1a0db259a79f,Maharashtra,Android,Settings,2,Buggy,21,0
61c02e73-2b0a-424d-b823-bb2790c2f5ae,Uttar Pradesh,iOS,Notifications,1,Crash,195,0
b087f7ca-a983-45ef-877e-8a14eee0e0f9,Tamil Nadu,iOS,Notifications,4,Crash,429,0
cee39842-6982-4223-9a96-e7b91cafb0b3,Karnataka,iOS,Notifications,2,Easy to Use,346,0
b54a5c55-c554-4712-a964-43acf38270d5,Karnataka,Android,Home,4,Crash,183,0
1ac5693c-a639-4d37-b61d-f142621f6d96,Uttar Pradesh,Android,Home,4,Easy to Use,591,0
7e17d0a4-110a-42ef-a25d-60786aaaa52d,Uttar Pradesh,Android,Home,2,Easy to Use,247,0
ba7a0711-985a-4607-8114-335d246fcd8d,Delhi,Android,Settings,4,Helpful,220,1
8a87cfcd-2fb2-4f61-a157-cf52cf349123,Delhi,Android,Search,1,Buggy,100,0
cd41ae55-86ef-424a-a269-32dcb336ecde,Karnataka,iOS,Settings,5,Easy to Use,48,0
cff55b22-cb58-4edf-bd91-080007761d08,Delhi,Android,Home,4,Slow Loading,299,0
fb20abb9-4d18-4936-bb16-7a71b468035b,Uttar Pradesh,Android,Home,1,Buggy,175,0
58d71d44-491a-4577-b8b6-82a032324c69,Karnataka,Android,Notifications,5,Confusing,437,1
8e435de8-268b-4a75-96a9-6003128e318b,Tamil Nadu,Android,Home,5,Slow Loading,262,0
5167f4eb-0a61-44b8-a8c6-88379dfab9dd,Karnataka,Android,Search,5,Feature-Rich,319,0
acae5251-d3cc-4340-a571-66f5dc71fac9,Maharashtra,Android,Profile,3,Easy to Use,86,0
46766e22-3eee-4483-985b-861e9f69faeb,Tamil Nadu,Android,Settings,5,Crash,220,1
64513c92-3a16-4ba0-b908-b7be84854df1,Tamil Nadu,Android,Home,3,Helpful,111,0
33ae75f9-dc11-4316-90cb-e3fc67538b89,Karnataka,iOS,Home,2,Great UI,110,0
da9fadf3-7863-478a-b763-386208b0e499,Delhi,Android,Profile,3,Helpful,14,0
24968947-4e7f-4de2-9270-c7cd238d25c5,Uttar Pradesh,Android,Search,1,Crash,145,0
9c32ee5e-2de1-4aeb-82a9-ea6b77e9d31c,Tamil Nadu,iOS,Search,2,Helpful,86,0
c306c58c-9b99-4a5d-bfb8-7730b9d5e537,Uttar Pradesh,Android,Settings,4,Feature-Rich,512,0
ed205454-6d35-4c37-ba79-ab62703141d0,Tamil Nadu,Android,Notifications,1,Easy to Use,577,0
b6d0f605-a958-4203-a965-8657bd2eefd7,Karnataka,Android,Settings,3,Crash,398,0
43011534-6da9-41e9-bd03-633c86c10c9d,Uttar Pradesh,iOS,Profile,2,Great UI,131,0
2ef80698-9b48-4178-9b49-5736cdc2655b,Karnataka,Android,Profile,1,Feature-Rich,233,0
c8cf16f3-293c-4cad-8984-30b6964cf225,Tamil Nadu,iOS,Profile,4,Crash,426,0
853a69a6-bd6a-436c-b5f6-4f182bf777d8,Delhi,iOS,Profile,3,Great UI,518,0
d3b4d4ec-689d-45b6-9050-d6468de8cb65,Karnataka,Android,Profile,3,Buggy,508,0
ddca8d31-73cc-4e9d-82bc-01e4c722fd0d,Karnataka,iOS,Notifications,5,Buggy,543,0
fa2c6814-62d9-4ef3-a3d8-92076466a3e4,Delhi,iOS,Settings,5,Buggy,528,0
fba06e14-44ad-4a77-afa8-f5dec161ee72,Uttar Pradesh,Android,Home,1,Feature-Rich,118,0
8467864b-e5f6-4df9-a853-8f5195433024,Delhi,iOS,Settings,3,Confusing,223,0
ff5ccff7-5564-466c-bfab-dd4f1ab9df28,Uttar Pradesh,iOS,Profile,2,Helpful,98,0
c72cef9c-03a2-4fda-963e-f90c03f78126,Tamil Nadu,iOS,Profile,3,Confusing,385,0
0373b095-552e-41e4-885c-5c9fa613aa5a,Tamil Nadu,Android,Settings,1,Slow Loading,94,0
bf4d9344-b8f7-40bd-ae14-6d99e11c85d5,Delhi,Android,Profile,1,Confusing,531,0
656f8e8e-a80a-46bb-9f0c-72065a6645ae,Tamil Nadu,Android,Search,1,Helpful,115,0
aeb5cc33-8654-4e20-8395-64aaca7178a1,Karnataka,iOS,Settings,5,Slow Loading,288,1
d202afdd-9eff-4e50-a8f1-9f79d87bbdd9,Karnataka,iOS,Profile,5,Great UI,17,0
f66ea8fb-dcd6-45cc-97f6-da60ac370c5f,Maharashtra,Android,Notifications,1,Crash,369,0
41ea4a19-a90a-49a7-a661-3b4d08e2fd25,Maharashtra,Android,Profile,2,Great UI,195,0
facac13f-e912-495f-83a5-e23f063d3516,Maharashtra,iOS,Home,5,Buggy,492,0
49fdd1f4-d51d-4aac-8af3-8019bbd3dad0,Maharashtra,Android,Search,5,Buggy,42,0
9d7a7bad-e954-48d1-bab9-abcc97e5da6e,Karnataka,Android,Notifications,3,Helpful,128,0
bc48ebaa-b22a-435e-9ece-e116f6b2a708,Karnataka,Android,Profile,3,Slow Loading,331,0
ba431a4a-9483-4211-a48d-062face16f0b,Tamil Nadu,Android,Profile,5,Great UI,17,0
f3c3afc6-f22b-4bab-a105-7ac12652a848,Tamil Nadu,iOS,Home,3,Helpful,579,1
6ebb00a9-ad5e-4e7e-a779-64f2731f3342,Uttar Pradesh,iOS,Notifications,2,Slow Loading,140,1
761098e5-8c88-4d2a-96ef-ff3cd9eabf52,Karnataka,Android,Home,3,Crash,304,1
075c1ce8-1e66-4ccc-a4e8-781e5b7a0804,Delhi,Android,Search,1,Feature-Rich,139,0
7c96d83c-ea94-4d36-aa01-71247bbf6991,Uttar Pradesh,Android,Search,3,Helpful,579,0
1f2d87e2-b230-4830-9690-2f791f173965,Tamil Nadu,iOS,Profile,5,Slow Loading,189,0
d6928874-8124-4b59-ba5b-8cedc030135d,Uttar Pradesh,Android,Home,4,Easy to Use,362,0
4b4c9127-33fb-44e2-9ffe-9ff8bb396248,Uttar Pradesh,Android,Profile,4,Crash,159,0
fda5f4ab-7d35-47d8-97aa-a98ca1490928,Uttar Pradesh,iOS,Search,2,Confusing,599,0
e8ba2cc3-11d3-4168-b57d-a45efde8ba41,Delhi,iOS,Search,4,Feature-Rich,595,0
9c465adc-fe39-4e80-83a0-7ba9c0cc6aeb,Karnataka,iOS,Profile,5,Slow Loading,439,0
d8680421-2e82-4bf0-b9fb-9f33b71c784d,Tamil Nadu,Android,Search,3,Great UI,542,0
cbc12192-48e4-45d6-b250-d8868e971053,Uttar Pradesh,iOS,Home,4,Crash,59,0
4fb24d21-bcbe-4347-af32-d619dad0cfe5,Tamil Nadu,iOS,Profile,2,Helpful,289,0
37ffe222-7248-4f2c-8df3-54f610b4cb23,Karnataka,Android,Settings,3,Great UI,464,0
86749f9e-8055-4d15-8a34-8f2823920727,Maharashtra,iOS,Notifications,1,Buggy,575,0
e6f3201d-e9d4-4168-846e-33d6e2f47538,Delhi,Android,Home,5,Buggy,209,0
e474a52c-ceb0-4cd8-af70-9efab05eb2df,Tamil Nadu,Android,Notifications,4,Buggy,285,0
125ebd92-b51f-4a18-b6ad-23ccc313d995,Tamil Nadu,Android,Search,1,Buggy,198,0
2bdc608b-67f1-492a-ae18-429ac38c86a3,Maharashtra,iOS,Profile,2,Buggy,534,0
8520869d-e174-4caa-8461-a0ee5a854c40,Karnataka,iOS,Home,4,Great UI,325,0
aa27ebd7-929f-49cd-8bb5-81263bec993c,Delhi,iOS,Profile,4,Crash,345,0
cba46c31-7f0d-470e-b550-07f83f8105d3,Delhi,iOS,Search,5,Slow Loading,403,0
9781af0d-479d-41dd-9e1b-e8e11960233f,Tamil Nadu,iOS,Home,2,Buggy,178,0
df8de0a1-c078-47c1-99b9-f263017e345e,Karnataka,Android,Profile,2,Great UI,356,0
58903513-eab3-4b5b-a25f-a15fc7e2a0c2,Delhi,iOS,Profile,2,Crash,339,0
20233e91-8cdf-4073-9f04-cb08eff10c26,Maharashtra,iOS,Profile,1,Buggy,30,1
5eb28149-265d-4b7e-a29f-9fc00ee3b63c,Maharashtra,iOS,Settings,2,Crash,463,0
e837d674-6dd1-497b-888d-a2cbe2d2b123,Tamil Nadu,iOS,Profile,5,Great UI,144,0
9ef082c2-ce33-4006-b186-82bbbfe6bc7d,Karnataka,iOS,Settings,5,Great UI,132,0
d01b445f-836e-45e8-90c7-b3e84a126edb,Maharashtra,Android,Settings,4,Easy to Use,496,0
204b1f22-c922-408d-938f-fdca372e6fd2,Karnataka,iOS,Profile,2,Feature-Rich,43,1
09c90bc9-b802-4079-beaa-988ae23f13b0,Karnataka,Android,Notifications,2,Slow Loading,319,0
dd867f17-7927-4bb7-a752-ee38ef4df6d5,Delhi,Android,Profile,2,Slow Loading,438,0
948c19da-edf6-4b9d-bdf7-b5c73870edb2,Uttar Pradesh,Android,Home,5,Easy to Use,259,0
b53dbb64-50b9-4db3-a57c-4ae38400405c,Uttar Pradesh,Android,Settings,5,Helpful,96,0
b98b4833-5ca3-4fd0-8952-7eb14163b9b7,Karnataka,Android,Home,2,Feature-Rich,450,0
02add799-1f98-4fe2-b56e-30455a90e4e3,Maharashtra,Android,Search,4,Buggy,514,0
2a34c151-49cc-4b50-b134-00041acd0e92,Delhi,iOS,Notifications,3,Slow Loading,470,0
9ca1f508-db98-403c-b4a7-bb8636da09d3,Uttar Pradesh,Android,Profile,1,Buggy,362,0
60cfed9b-3023-4e4e-92eb-393eec1ae0bd,Maharashtra,Android,Profile,1,Confusing,489,0
548120c4-b2d7-41a2-9372-1d17c34c6a8d,Uttar Pradesh,Android,Search,3,Confusing,306,0
5c4c0864-6d5c-4079-8545-b5f0f9ee896a,Delhi,Android,Settings,1,Crash,312,1
92c0b209-998d-4699-9edd-ed81bd0a5dd3,Delhi,Android,Notifications,1,Crash,472,1
82c34414-5251-44db-9220-149dcf52c89a,Tamil Nadu,iOS,Settings,3,Slow Loading,362,0
b8059007-8e77-4fce-9b32-3810aba3fb17,Tamil Nadu,iOS,Home,2,Slow Loading,599,0
32ed4d33-518a-48d4-a115-9c575b51c944,Karnataka,iOS,Settings,5,Slow Loading,426,0
da4cdd0f-8b0f-4514-8622-2e5c2c573dec,Uttar Pradesh,Android,Profile,2,Easy to Use,80,0
8eaac7df-84ff-4126-b003-0f4aa4c3e946,Tamil Nadu,iOS,Notifications,4,Slow Loading,405,0
fc9c3175-3198-4a51-b3d6-e1471d7e86da,Tamil Nadu,iOS,Profile,3,Easy to Use,148,0
96f55425-7e6a-4577-b4cf-18415d5d8ff8,Tamil Nadu,Android,Notifications,3,Great UI,83,0
e529cc13-7406-4b8f-bbb1-8d4b1bb12bbb,Tamil Nadu,iOS,Notifications,3,Confusing,235,1
969bfa45-2ecb-4b3a-ad2f-ec2377495fab,Karnataka,Android,Search,2,Buggy,207,0
6a60a982-5e45-4a48-8336-1d1d1c5f9b81,Karnataka,Android,Settings,3,Easy to Use,593,0
3a423e53-46af-430e-9b0b-27f473891c2c,Uttar Pradesh,Android,Profile,1,Easy to Use,156,0
de8844de-11ef-46d0-a3e4-1219d8f6c12b,Delhi,iOS,Settings,5,Easy to Use,139,1
eea3cf3a-8857-404b-aa96-6d69a0fa5271,Uttar Pradesh,iOS,Home,4,Easy to Use,518,0
7f2a29c7-6200-4b49-918a-fb2927d69691,Uttar Pradesh,Android,Search,2,Great UI,52,0
15dffcfa-1433-493b-bcf9-cc66f444dd8e,Delhi,Android,Settings,3,Great UI,448,0
e5525a2b-8bbf-4608-bceb-3420af72e0ee,Maharashtra,iOS,Settings,2,Feature-Rich,75,0
60696eb3-cf0b-451b-a83a-6f94b6182f2e,Tamil Nadu,Android,Search,3,Feature-Rich,235,1
f09c252f-8ee8-44c8-bdea-1bb5c294e128,Maharashtra,iOS,Search,4,Feature-Rich,405,0
879d7f4c-67dd-4c53-9059-7483361d292d,Tamil Nadu,iOS,Notifications,4,Buggy,446,0
120dcd72-e80c-437a-a9c7-6348462375c1,Delhi,iOS,Search,1,Slow Loading,324,0
03054102-23f5-4935-854c-d36afde3873f,Maharashtra,iOS,Home,4,Great UI,591,0
1636c3c2-8ef7-43cc-8789-9668d27e4316,Tamil Nadu,iOS,Home,2,Slow Loading,441,0
850c7b9e-d909-4970-bdad-03a0052afd55,Tamil Nadu,iOS,Settings,2,Easy to Use,337,0
4546d06d-c7ea-41f2-bcc3-ac1056f031c2,Uttar Pradesh,iOS,Notifications,2,Buggy,285,0
153dab12-f347-4e3e-9b83-d250c9d6f9ce,Karnataka,Android,Notifications,1,Buggy,457,0
a7ea5eda-f6d9-4add-99b6-19dfff42c415,Delhi,Android,Profile,2,Easy to Use,309,0
bfd44747-8313-479d-9550-6d8386b728da,Tamil Nadu,Android,Search,3,Helpful,590,0
1d7968a4-9c90-4aea-af91-579a5140fccb,Maharashtra,iOS,Home,5,Buggy,63,0
1b82f9b4-96b8-450d-9ed1-ba1d09b1fc75,Maharashtra,Android,Notifications,5,Great UI,105,0
c8f2b133-35bd-458f-9bc2-84831517f1bc,Uttar Pradesh,Android,Profile,2,Helpful,169,0
196912a6-31ea-4a4e-be15-2c485405b3af,Uttar Pradesh,iOS,Search,1,Confusing,509,0
d2dcecec-90bc-49c6-bfe7-f7f52d6cdd11,Tamil Nadu,Android,Settings,2,Confusing,234,0
560d565d-6f29-443c-b5c5-3db41cdbc869,Uttar Pradesh,iOS,Profile,1,Crash,78,1
a58e70b2-4df6-4595-91ab-a64e6f203e79,Maharashtra,Android,Home,5,Buggy,525,1
69f7eac2-6957-40ec-aff9-ed6446397c26,Maharashtra,iOS,Search,5,Easy to Use,219,1
0589dc22-8e88-4232-8352-7439b8526a29,Maharashtra,iOS,Settings,5,Confusing,33,1
21e48a36-df52-478d-9709-f11bb749c388,Uttar Pradesh,Android,Notifications,5,Confusing,520,0
da38689e-7f91-46eb-9d26-f7d70c877203,Karnataka,Android,Settings,1,Feature-Rich,269,0
f6d5b561-0433-410e-910f-81f8a89a459e,Delhi,iOS,Notifications,2,Slow Loading,585,1
1de877d7-746a-4b99-9323-01b13e410be0,Tamil Nadu,iOS,Notifications,1,Crash,202,0
2817e1d3-36ad-4a2e-8a40-dcf20ef83f14,Uttar Pradesh,iOS,Home,5,Easy to Use,393,0
4fe6bf5c-daef-4940-87c8-aefcecd57534,Karnataka,Android,Home,3,Buggy,410,0
e19c403b-7227-4862-9078-710ed82a1811,Delhi,Android,Notifications,1,Easy to Use,546,0
ee1d0881-1ba8-4cc1-b78f-60de4bb6372a,Uttar Pradesh,Android,Search,3,Crash,72,0
65488204-69d5-4186-8afa-deafcb780828,Delhi,Android,Home,3,Confusing,404,0
0f19daba-6b75-47d7-a7dc-c0ae7596f7cc,Delhi,Android,Profile,3,Easy to Use,544,0
dba21352-636b-4f36-a4ae-be69ffb9ab50,Karnataka,iOS,Notifications,2,Helpful,327,0
f2b8b940-afe8-4d59-9442-05d5fe06cb24,Delhi,Android,Profile,1,Slow Loading,115,1
cf198955-ac3f-4e78-bc7c-2f901f9bb197,Uttar Pradesh,iOS,Settings,3,Helpful,122,0
5cb85a26-b909-4df6-afa4-541f664a2bf0,Tamil Nadu,iOS,Home,1,Slow Loading,168,0
6a10d29e-bda1-402f-9a7d-8abfb5d64825,Karnataka,iOS,Notifications,5,Easy to Use,505,0
9d009f82-db38-4dc5-8a91-f25ee7c44fd1,Tamil Nadu,Android,Home,3,Confusing,444,1
fe93b51f-7904-47dc-95d6-7330668cedd7,Uttar Pradesh,iOS,Home,1,Helpful,404,0
262132c7-8664-43fc-87e6-58b7d19e0c1d,Uttar Pradesh,Android,Profile,2,Confusing,77,0
2d5f9305-391b-4073-a754-4f27c5308c2b,Karnataka,iOS,Home,3,Easy to Use,393,0
b1fe1a81-34a8-439c-8bd2-146e5c739685,Delhi,Android,Notifications,3,Confusing,345,0
e6e0d5db-d32f-43bb-bca9-7ea8a3baae77,Maharashtra,iOS,Profile,3,Easy to Use,263,0
ff261797-c419-40c7-89a6-eb446a6d9085,Uttar Pradesh,Android,Search,2,Confusing,419,0
922119be-4216-4841-8421-f0c2ae70eac5,Karnataka,iOS,Settings,3,Slow Loading,78,0
a5d2513e-a3e5-4f76-bb71-248ea3dcb479,Uttar Pradesh,iOS,Settings,4,Helpful,223,0
7cafa0b8-e7c9-44e1-8444-26e528a6ccfd,Maharashtra,Android,Profile,5,Feature-Rich,219,0
921ccddc-3b32-4f7c-a64e-372b0b96b477,Tamil Nadu,Android,Settings,4,Confusing,583,0
e43f5dfa-8d19-4db8-b6d7-9f74cdfc8a7d,Maharashtra,iOS,Search,1,Feature-Rich,72,0
4e384e54-27dd-4b44-882e-895725df0d97,Maharashtra,iOS,Search,4,Crash,254,0
0eed4c8d-1c35-4cd1-9d39-1e6ed8331768,Uttar Pradesh,iOS,Profile,1,Helpful,138,0
7e9a4b99-782b-4a28-9f12-578200509962,Karnataka,iOS,Profile,5,Great UI,505,0
fddd553c-6166-4b3f-9ac0-10270d4303a5,Tamil Nadu,iOS,Home,1,Buggy,153,0
f4b0c160-877a-4d29-b9bc-e02b68f52e85,Tamil Nadu,iOS,Profile,1,Slow Loading,18,0
94ee54f5-ece4-4106-be0c-1fcba5615202,Karnataka,Android,Home,1,Great UI,295,0
95df7159-1ef2-45a8-9677-d1df4f145e62,Delhi,iOS,Settings,2,Slow Loading,367,0
77b63ab9-b28b-457f-a53c-e89091d75689,Tamil Nadu,iOS,Settings,1,Confusing,133,0
242e7f87-a601-450a-88aa-8a5590778ac9,Uttar Pradesh,iOS,Home,4,Feature-Rich,454,0
46f88296-2d35-42cd-81e7-479827a998b3,Tamil Nadu,iOS,Settings,4,Buggy,51,0
cd80f9c7-cb6d-4ef9-835f-e6ff0a45e3a8,Tamil Nadu,Android,Profile,3,Buggy,26,0
41a4c6ea-8419-49a1-95d1-290b2b2bccb7,Delhi,Android,Profile,3,Great UI,398,0
d18b6919-6aae-47b1-acf0-d2e95ae08c3e,Delhi,Android,Settings,5,Easy to Use,196,0
1a2cec58-7c67-4a59-8a92-a94cb888ed54,Karnataka,Android,Search,2,Slow Loading,479,0
db4106c8-c2ba-4251-9e4d-8a70e3202065,Delhi,iOS,Profile,4,Slow Loading,126,0
10054bb4-e741-4346-a758-97fe1a943ce5,Uttar Pradesh,Android,Home,3,Slow Loading,108,0
c6fd4250-9c1a-48af-ad14-1e27bf2fc494,Tamil Nadu,Android,Settings,1,Slow Loading,526,0
4db25abf-5d8a-4441-bf0b-16563bd1a099,Tamil Nadu,iOS,Notifications,5,Easy to Use,277,0
115603fe-4f6c-4ec5-b362-30acff18ca88,Delhi,iOS,Notifications,2,Easy to Use,336,0
8ef254d1-7a74-44fd-8a85-9343e612b451,Uttar Pradesh,Android,Search,4,Crash,201,0
125ae657-82a3-45f9-ac63-6141a515a7cf,Uttar Pradesh,iOS,Settings,5,Crash,268,0
5599e0c5-84da-467d-9e87-25588c8d7ab5,Uttar Pradesh,iOS,Settings,3,Easy to Use,169,0
618f59bb-50fa-4e0a-9cbb-86cdc00885c2,Maharashtra,Android,Settings,2,Confusing,443,0
043a7c4e-6147-45f1-86b8-ee9a46718a00,Uttar Pradesh,Android,Search,4,Feature-Rich,280,0
cde97537-af79-48e5-ad3c-da46e634bdbe,Uttar Pradesh,Android,Settings,2,Buggy,12,0
1b3fe30f-3aaa-4769-b988-0fa89c3e2084,Karnataka,Android,Home,5,Confusing,60,0
08092466-352f-4426-aa18-0db845445fe3,Tamil Nadu,Android,Search,1,Slow Loading,582,0
b85a45e5-47b1-472e-ab02-af7dc82679df,Delhi,Android,Profile,4,Crash,420,1
7bbd5849-0a20-4057-821e-c4863a56d4a4,Maharashtra,Android,Profile,2,Feature-Rich,440,0
87454b0d-8fbe-42db-93c2-4efb78287a95,Maharashtra,iOS,Notifications,2,Slow Loading,101,1
d812e54d-6f81-4ca6-bf95-b17da5c26549,Karnataka,Android,Notifications,1,Easy to Use,77,0
992e09cd-dfb8-4156-a4a1-0dd904bf549d,Uttar Pradesh,Android,Home,3,Slow Loading,187,0
9e8bc447-09b6-4436-a746-cbb167edf578,Maharashtra,iOS,Search,1,Feature-Rich,566,0
444b2f4b-918a-44f8-85a4-520dcd57a97f,Uttar Pradesh,Android,Notifications,1,Easy to Use,60,1
80cae370-a75f-4061-83cf-dc3466d84436,Maharashtra,iOS,Settings,4,Crash,258,0
498a7d1d-45ef-4887-8340-6bf174846a3d,Tamil Nadu,Android,Notifications,1,Crash,153,1
59f5529c-1c65-45ae-b697-ef1e612ac692,Tamil Nadu,Android,Search,5,Buggy,479,0
05a001d7-fc1c-4465-a9de-cbcbf214a3b5,Delhi,iOS,Home,3,Easy to Use,85,1
fb689028-b0a1-4cf5-8b8b-8b1807edcbe4,Karnataka,Android,Search,5,Easy to Use,260,0
2419c0af-2cb4-49b2-9941-7c0fc16b82a1,Uttar Pradesh,iOS,Settings,2,Helpful,525,0
bdf04ffa-9c2a-41b6-8a46-b7e743b2f100,Maharashtra,Android,Notifications,5,Crash,325,0
6a4c6bcb-730e-41c3-895c-39c3f203a7a7,Tamil Nadu,Android,Settings,4,Feature-Rich,39,0
300bf1e7-f111-412e-ba4f-4b91a8101805,Karnataka,iOS,Settings,4,Helpful,110,0
ace4d065-4d18-4ef6-8915-f943022e361e,Tamil Nadu,iOS,Profile,5,Easy to Use,428,1
4c0b4379-6fee-4d67-8e53-64d7c07da59d,Tamil Nadu,iOS,Home,1,Confusing,175,0
d5217b37-3131-40c2-b243-cde751f6f1dc,Tamil Nadu,Android,Notifications,2,Great UI,445,0
3b5c52ff-e9d0-4276-908f-0dfc4ee2f7cc,Tamil Nadu,Android,Notifications,2,Helpful,416,0
530c277d-ab09-4fd1-b6d6-6d3a4187de74,Tamil Nadu,iOS,Profile,2,Slow Loading,484,0
a8cf8e44-f58a-4bdd-b969-4afea08e6d1e,Uttar Pradesh,Android,Search,5,Crash,148,0
1a0183d2-806d-47b7-8f82-63cf84e763aa,Uttar Pradesh,iOS,Settings,4,Great UI,454,0
f632bb06-7466-4d39-b310-d960a10eae57,Uttar Pradesh,iOS,Settings,3,Slow Loading,572,0
f3a41314-1489-42c5-aef8-c8323c0232ae,Uttar Pradesh,iOS,Notifications,1,Feature-Rich,40,1
eed64104-9e47-4cb1-9935-9b2a24db5427,Delhi,Android,Settings,1,Confusing,347,0
fb974f61-57aa-4f25-bff3-577aad5aedd6,Uttar Pradesh,Android,Notifications,1,Great UI,370,0
f7053bf2-499e-40e9-816b-d75e8db4d9fe,Delhi,Android,Notifications,5,Helpful,92,0
13033a01-4cc3-4083-ab11-cfb5ce9fc8e2,Delhi,iOS,Home,1,Feature-Rich,54,0
fca022bc-ea84-42ae-826b-176ad3443e9a,Uttar Pradesh,Android,Search,3,Great UI,545,1
51b31b55-5ca0-4f93-b9f7-588d74872c87,Uttar Pradesh,iOS,Search,4,Slow Loading,248,0
c5876432-a511-4444-97ee-34e04f2a4b63,Maharashtra,Android,Home,1,Crash,163,0
8c32bcf5-8302-4b59-be6e-02bea1c825d4,Karnataka,Android,Notifications,4,Slow Loading,515,0
62dc1d3d-88bd-4db9-b083-8b6e7f8cb092,Uttar Pradesh,Android,Settings,5,Feature-Rich,162,1
d3b89215-d387-4cd5-a3ee-fb72787f739b,Maharashtra,Android,Profile,4,Easy to Use,131,0
88aa9cc3-4713-4b65-939e-8da5d095c28e,Karnataka,iOS,Profile,1,Slow Loading,520,0
876bd14e-fbb7-486d-8c83-2d6baf6e14dc,Karnataka,Android,Search,2,Confusing,443,0
113ecd19-9061-49c4-9c93-0079cab231a8,Uttar Pradesh,iOS,Search,2,Helpful,305,1
88831954-76fd-4fa3-9f4b-6edf5eab7aba,Delhi,iOS,Home,3,Buggy,410,1
1c6a66cb-5c63-4321-9fd5-c98698a19793,Uttar Pradesh,iOS,Settings,4,Buggy,60,0
0fcd8eae-8283-428c-9790-7ae0d45a6dcd,Uttar Pradesh,iOS,Profile,3,Buggy,269,1
010ffabc-1355-4a68-ab8c-1fafc05da8af,Maharashtra,iOS,Search,1,Buggy,399,0
f6a031b4-a51e-4296-a1ce-1f9b069d5509,Uttar Pradesh,iOS,Search,5,Easy to Use,284,0
3dbebe1b-b1c2-438c-ba4d-80af9908048f,Delhi,Android,Search,5,Confusing,173,0
6475482e-b7b5-4699-8898-80b6bc417bec,Tamil Nadu,Android,Settings,4,Buggy,540,0
e200e99f-bf59-491c-9efb-f1b533be14b4,Maharashtra,Android,Settings,4,Feature-Rich,547,0
d55b4a6f-d443-4dde-a5f4-2db28e7e28f2,Uttar Pradesh,iOS,Profile,2,Confusing,584,0
a99c3044-3330-4c0d-921e-129f19214671,Delhi,iOS,Profile,4,Feature-Rich,558,0
cbfa04e9-18eb-4e9d-8a1d-6272836dbfc2,Karnataka,iOS,Search,1,Feature-Rich,42,0
77bb926f-b922-4b17-89fd-ac62eca4c5f1,Uttar Pradesh,iOS,Settings,4,Great UI,18,0
70ef6d6f-77e7-4544-b322-e15e20aa674e,Maharashtra,iOS,Profile,5,Easy to Use,590,0
f5ce835c-111b-4b93-ae84-40e611925570,Tamil Nadu,iOS,Profile,4,Great UI,332,0
fbfd6566-2499-41db-a4b9-1543accbf834,Delhi,Android,Profile,5,Slow Loading,74,0
78f46251-de0c-4812-9d77-4adfb0d577d5,Delhi,iOS,Home,3,Slow Loading,145,0
49ebb2f2-eb63-4488-bbc6-e6b610c1e6a9,Karnataka,iOS,Search,1,Great UI,585,0
e6356f68-d7bc-4cdd-986b-b5ef91a81f56,Maharashtra,iOS,Profile,1,Great UI,485,0
3d332134-29f6-4b6c-965c-1c8aebaa3140,Maharashtra,Android,Settings,5,Feature-Rich,202,0
7c2c480d-9a23-4be7-a975-4858e591d807,Karnataka,Android,Profile,2,Feature-Rich,599,0
fd96c650-cd6b-47dd-aedf-e914d704c6f2,Maharashtra,iOS,Search,2,Helpful,280,0
862914aa-f367-411c-b5ce-5c0cd8b22f28,Tamil Nadu,iOS,Profile,3,Crash,62,0
03436e10-a207-4b26-9fb2-a1b2001da0fb,Tamil Nadu,Android,Notifications,2,Feature-Rich,366,0
4ba10a3f-834e-4e45-8587-357d2e3bfde8,Karnataka,iOS,Settings,1,Crash,247,0
e7a69b6c-d064-4528-916e-32a3751fc5ac,Karnataka,iOS,Search,3,Feature-Rich,330,0
61937a2c-e4a5-41cb-9c99-f1be44ff067e,Maharashtra,iOS,Home,4,Great UI,495,0
e0bd723b-2824-4e79-a2ba-f50fd0f2d7a2,Karnataka,iOS,Settings,2,Easy to Use,462,0
e070cae3-fd71-4276-ade2-1b300a59912c,Karnataka,Android,Home,3,Helpful,393,1
0c182909-063d-4e3c-b00c-af53a3053a79,Maharashtra,iOS,Search,1,Great UI,444,0
a1dcbce9-e956-4120-8b5e-ee15d2f0f76e,Delhi,Android,Notifications,4,Confusing,173,0
2f7beb50-503e-4a39-91a3-176e7c6d6068,Uttar Pradesh,Android,Settings,5,Easy to Use,95,0
a7b9e0f0-caaf-4e85-9cd6-53818bef024e,Tamil Nadu,Android,Home,2,Feature-Rich,85,0
61aa5786-129f-4e12-8ce1-89c83f8f5bb0,Tamil Nadu,Android,Search,3,Slow Loading,347,0
45f5e6eb-66db-4e0e-8d10-5dd634e6f1bd,Uttar Pradesh,Android,Profile,4,Helpful,243,0
e8a1efd6-8755-40fc-888f-7b7f49736c2e,Karnataka,Android,Profile,3,Easy to Use,553,1
74dd15c9-d3cb-440b-9355-36ebc8846934,Uttar Pradesh,Android,Search,5,Feature-Rich,102,0
6791c2c7-5603-4783-a90b-349aca74c66a,Maharashtra,Android,Profile,3,Easy to Use,420,0
92c0a46a-e7ea-4fc1-ab25-3ceb0f668846,Karnataka,Android,Notifications,2,Easy to Use,119,0
7e9e3af0-de0a-4642-8316-50d53bcfea37,Maharashtra,iOS,Search,3,Helpful,397,0
0aa79e3a-4d5d-4457-9b89-072dd58195d6,Uttar Pradesh,Android,Home,3,Buggy,34,0
efa76fc8-e9c5-4586-87e3-5ea15414ee0e,Delhi,Android,Home,5,Easy to Use,316,0
ffe6192b-9692-4ff9-947d-43173fa570a3,Uttar Pradesh,iOS,Profile,1,Slow Loading,170,0
0e4d1724-c14e-4b5f-ab98-f11d14cf8872,Uttar Pradesh,iOS,Settings,1,Crash,338,0
1078a512-a4c0-4ab2-82b7-54f9604b3a93,Maharashtra,Android,Settings,5,Great UI,409,1
ae01c486-bb45-423d-b256-78999e5b29f5,Delhi,Android,Settings,2,Great UI,531,0
7455881a-1844-4e58-8c3d-63b0d27882f6,Tamil Nadu,Android,Notifications,1,Slow Loading,525,0
c2919ccc-0926-46a6-8d51-7208a5e5b63e,Uttar Pradesh,Android,Profile,1,Easy to Use,416,0
00d932d7-4a84-4191-9bd3-bdbbc6e3d15c,Karnataka,iOS,Settings,2,Helpful,455,0
1f9f988c-1452-48a1-8556-91be6ee15114,Karnataka,Android,Search,2,Helpful,509,0
975026b2-fcde-47a0-9077-18dedbf40601,Delhi,iOS,Notifications,5,Crash,392,0
e562ee08-b2a1-449c-9064-274928c568c6,Karnataka,iOS,Search,3,Slow Loading,20,0
aab9acc2-34b3-4a02-9df0-c9a802305970,Maharashtra,Android,Profile,4,Easy to Use,583,0
f04d7d35-297d-4dbb-9750-4fbc63599489,Uttar Pradesh,Android,Profile,3,Feature-Rich,66,0
3f190016-d44a-4530-9fb3-2cad3bc38620,Delhi,iOS,Settings,4,Slow Loading,253,0
999869ec-b1b1-4f15-9d99-b762a8498afb,Karnataka,iOS,Home,5,Easy to Use,289,0
5644cdd9-8526-4fe9-8b84-ab06198b56df,Tamil Nadu,iOS,Search,1,Great UI,255,0
16b48e81-97df-4342-8975-cf1011f18db5,Uttar Pradesh,Android,Home,1,Easy to Use,572,0
16659bbc-9d0b-4c71-ae21-6de4ac5e07e3,Tamil Nadu,Android,Home,1,Feature-Rich,112,0
f003ca37-59e3-40d7-a284-ffcb70f602e8,Delhi,iOS,Home,1,Buggy,173,0
9c48f88c-1352-442d-9350-f5052dd8a174,Karnataka,Android,Notifications,5,Great UI,380,0
4d21197e-b8f3-45e5-8dae-0fadc8d84b11,Maharashtra,Android,Notifications,2,Crash,406,0
963ed996-f046-4dec-897d-02fae9b2d596,Tamil Nadu,Android,Settings,1,Easy to Use,560,0
21e553db-a90f-4be1-90df-e2d75afd474e,Karnataka,iOS,Profile,4,Slow Loading,487,0
6864e1ef-251c-439d-b45a-afe3801f5ce8,Uttar Pradesh,iOS,Settings,4,Helpful,198,0
31edf707-2a83-4b58-9754-277316630dbf,Karnataka,iOS,Profile,1,Buggy,112,0
27ca1217-51ce-450b-91e0-61f1bb359a84,Tamil Nadu,Android,Settings,1,Confusing,257,0
7edecbdf-227e-469f-a1f9-783ee05d8012,Delhi,Android,Notifications,5,Feature-Rich,116,0
1b351b89-a4a0-4b60-8eb9-5dc19c8f4c63,Tamil Nadu,Android,Notifications,3,Crash,122,0
2c5d367a-4577-4eb7-957d-b2826ba7cb45,Uttar Pradesh,Android,Notifications,3,Buggy,380,0
75597f8f-5d9f-4921-b776-d65dc6adda3a,Delhi,iOS,Notifications,4,Great UI,414,0
f8f9ae1b-ac80-4968-b6e8-88da143bed88,Tamil Nadu,Android,Notifications,2,Helpful,448,0
6e81b5f2-a5ba-4af4-b32f-71e3aaf9d50d,Maharashtra,iOS,Settings,1,Confusing,154,0
1b074c05-b137-480a-92b8-f2066d33d9cf,Maharashtra,iOS,Settings,1,Great UI,421,0
c1be39c5-c8cf-464c-abb3-32b9bf992204,Tamil Nadu,iOS,Notifications,2,Slow Loading,391,0
99305ef4-c88f-4fd2-8d90-98a049d4b2a1,Maharashtra,iOS,Home,2,Helpful,303,0
d077e74f-03a1-40ae-8cdd-5cfe4043e566,Karnataka,Android,Profile,2,Buggy,399,1
0c7e24d4-7e79-4458-8746-2e8c0bbd8424,Delhi,iOS,Settings,4,Great UI,516,0
1b5aac33-db47-4c29-857d-6c4b3d628780,Maharashtra,Android,Search,1,Crash,478,0
c47877bb-9bc8-4616-86c4-42176cd2945b,Karnataka,iOS,Profile,1,Feature-Rich,200,0
8c48b24e-5a91-4485-b7f1-c31ee321af22,Maharashtra,Android,Notifications,4,Confusing,222,0
228105bf-deb9-43ad-b874-7c4caaed0cc5,Tamil Nadu,iOS,Settings,1,Buggy,407,0
031c30f5-d6ed-4b59-8a4f-73d0b54e668c,Uttar Pradesh,iOS,Notifications,5,Helpful,32,0
a7d09baf-edda-4197-b1bf-b6d7565ffcf6,Uttar Pradesh,Android,Home,1,Buggy,564,0
ce08e734-78b7-42c6-a907-44eaa2affac7,Uttar Pradesh,Android,Settings,2,Crash,362,0
8754f3e2-6afd-43f8-b942-74c261413510,Maharashtra,Android,Notifications,1,Great UI,504,1
6ae4cd87-4ed3-4d5d-8c01-34134774bf5b,Tamil Nadu,iOS,Notifications,2,Buggy,75,0
5247d16c-bd1c-4d8b-94e6-3b2e149184ca,Delhi,Android,Settings,2,Crash,93,0
aaae893d-ff48-43f9-8b22-4bb09355a67a,Maharashtra,Android,Notifications,2,Buggy,501,0
1d0ff990-5db7-4033-b88a-3d0c5dc1253e,Maharashtra,Android,Home,5,Crash,467,0
6e7afb1b-ddc2-48f1-8b25-79ed24e775dc,Tamil Nadu,Android,Settings,3,Helpful,548,0
1224c08b-f45f-45bb-b808-4b452b646822,Uttar Pradesh,iOS,Notifications,4,Buggy,469,0
8214b222-a1d3-47e7-ab40-5b29b5a889d1,Karnataka,iOS,Profile,2,Crash,512,0
353be882-d5fc-479a-befe-7fa8ea5c1170,Delhi,iOS,Search,4,Feature-Rich,539,0
bbf5ed11-b38e-4556-b2e6-d42bfc53386f,Uttar Pradesh,Android,Home,4,Crash,514,0
c58163f8-11f3-440a-843f-624e18b7fbcd,Delhi,iOS,Profile,1,Confusing,214,0
a76f6040-a86a-4522-8240-8aebdd64dc22,Maharashtra,iOS,Search,3,Helpful,192,0
6f725a8d-7039-49fa-9cef-bdad2e8f3a48,Tamil Nadu,Android,Settings,5,Buggy,430,0
25ebf24e-9d0e-45bc-8aae-4c1f17bf6d5e,Uttar Pradesh,Android,Home,5,Easy to Use,548,0
24f4b35f-e7b0-4994-87c7-074b88be5908,Uttar Pradesh,Android,Settings,5,Great UI,58,0
223443a9-6e6c-4023-8e1c-fe4ea9328848,Maharashtra,Android,Settings,1,Confusing,515,0
37559f6a-7ebb-4a7f-8460-ae5acf634975,Maharashtra,Android,Settings,2,Easy to Use,441,1
62d7a5ea-b50d-4b9f-8eb9-a1d345de4b26,Maharashtra,Android,Settings,5,Feature-Rich,284,0
75513b99-93df-4a79-bb94-f6760e1d258e,Karnataka,iOS,Notifications,1,Easy to Use,497,0
60dac4e9-d29a-4ab3-ad00-a0eb483672fb,Uttar Pradesh,iOS,Search,3,Feature-Rich,525,0
f5c5a782-770e-4bc2-ab98-1e3f2c088db9,Tamil Nadu,Android,Notifications,5,Crash,166,0
ea23d21d-11ac-4245-b2d2-adbe6a321456,Delhi,Android,Notifications,2,Great UI,339,0
82b5c235-45f2-4dc9-b496-e83073f14f2b,Delhi,Android,Settings,3,Crash,198,0
37746f1e-0afa-4090-aea1-59412fa65a88,Karnataka,iOS,Settings,4,Great UI,118,0
e9a49d11-9d09-444e-8a19-81b0dfc208ee,Maharashtra,Android,Settings,1,Crash,565,0
8dda6d45-2499-465c-a994-b68ebb6e5f89,Uttar Pradesh,iOS,Search,3,Crash,222,0
6b915dc8-59e1-4b5e-a542-7c4299365834,Uttar Pradesh,iOS,Search,2,Crash,331,0
f9a2a79e-38b2-45cf-a8e3-6ae05db9fb4f,Karnataka,Android,Home,4,Confusing,543,0
7b7268bc-d6d8-4fef-b693-b861b26b2041,Delhi,Android,Notifications,4,Buggy,381,0
51e6450a-7040-4699-ae2d-1d24bfe07a84,Uttar Pradesh,iOS,Profile,3,Slow Loading,585,1
f80f9b46-9b75-4311-a79d-114d64dd9088,Uttar Pradesh,Android,Home,4,Helpful,202,0
5127fd4e-99fe-422e-b323-4f3ad4ad17cc,Karnataka,iOS,Settings,5,Crash,78,0
c4839697-ccc8-4b05-9542-ccc106736561,Maharashtra,iOS,Profile,4,Helpful,39,0
a34e9742-0924-424d-93e7-12d611e77ea0,Maharashtra,Android,Settings,2,Buggy,21,0
fbeffb1b-7ded-4a5b-b779-c28b877916e5,Maharashtra,iOS,Profile,2,Great UI,286,0
b17e673f-27cd-4dcb-a162-95551aef6f52,Uttar Pradesh,Android,Home,4,Easy to Use,199,0
be93f896-c276-4e4c-917e-231f21ee5202,Tamil Nadu,iOS,Search,1,Crash,567,0
6611bedd-5cdb-40e7-b502-4e9bbf80ce0a,Delhi,iOS,Search,2,Buggy,576,0
cdf97dfa-d1a6-49cf-8b81-298d359cded6,Delhi,Android,Home,2,Buggy,260,0
2fc6a524-d502-499a-9ec6-bb150b75fee4,Delhi,Android,Notifications,3,Helpful,431,0
d3767ef8-d519-4627-892e-5987137a1203,Karnataka,Android,Notifications,4,Crash,354,0
80fab521-385f-4712-8490-6adc224948ec,Delhi,Android,Notifications,5,Buggy,115,0
2a20b962-e753-4172-ae48-3963c54b4a4b,Delhi,Android,Notifications,5,Crash,207,0
4b423bb2-b1ac-4337-9148-3fc8e17f70a2,Delhi,iOS,Profile,3,Feature-Rich,105,0
d135e348-f934-4d80-9b51-7536d94d66a5,Uttar Pradesh,Android,Notifications,2,Confusing,87,0
e477240b-9f7a-43aa-a65a-c8ffc3a3463d,Karnataka,Android,Profile,3,Confusing,337,0
7113602f-4d3f-4338-8ad8-8a46b3c36103,Maharashtra,Android,Home,2,Easy to Use,501,0
dcb16609-1ba9-4f91-b3a8-0a0c2bc17b46,Tamil Nadu,iOS,Notifications,4,Great UI,181,0
eb3a500c-b9da-44c1-a813-018b9cdbf57c,Maharashtra,Android,Notifications,4,Crash,592,0
67d88f24-4d77-466d-8c3c-6bb58b260adc,Karnataka,Android,Notifications,1,Easy to Use,322,0
e9b41f43-ec17-494e-8add-6297af13079a,Maharashtra,iOS,Home,4,Confusing,191,0
0ad57a86-c12e-475a-b6b2-f3060b2daa0c,Maharashtra,iOS,Settings,2,Easy to Use,317,0
33be90e2-ba9f-4504-8642-c476a83d7196,Uttar Pradesh,Android,Profile,3,Easy to Use,493,0
072a885f-3c35-4406-b13b-64cc7f4b49e5,Uttar Pradesh,iOS,Settings,5,Buggy,48,0
4e0a6074-a870-4b38-87b2-440eff428a5d,Delhi,iOS,Profile,3,Easy to Use,585,0
8dbf81c3-2042-45b0-8efa-bfc0352a2ca0,Uttar Pradesh,Android,Notifications,3,Feature-Rich,31,0
b0634752-ad64-49c6-80a0-a6150b9090d1,Maharashtra,iOS,Home,5,Feature-Rich,177,1
a186f1b0-930a-4079-b9d9-aa687254b09c,Uttar Pradesh,iOS,Notifications,3,Helpful,18,0
9bedb894-5c86-4fe8-a8c6-5eeb647c2eca,Tamil Nadu,iOS,Search,3,Easy to Use,340,0
d370f533-7f9a-4b03-8095-3f79520795e5,Tamil Nadu,iOS,Search,1,Buggy,478,0
edd2a5fa-8653-4e89-bcc9-62f775af0c99,Uttar Pradesh,Android,Home,1,Feature-Rich,290,0
f70bcdc5-9d4e-4310-953e-179f081946e3,Uttar Pradesh,iOS,Profile,3,Buggy,421,0
610b9a15-0ece-495f-b1e0-1ba976161510,Uttar Pradesh,iOS,Settings,4,Buggy,477,0
088d8282-1d43-4898-9656-70fe958997dd,Karnataka,iOS,Home,4,Slow Loading,97,0
35ecd7c1-ce5b-4aed-b542-2f17ac17cd84,Uttar Pradesh,iOS,Home,1,Slow Loading,230,0
335bb1b7-d4a3-4bc4-8ef9-ea926dd50f2f,Delhi,iOS,Home,3,Confusing,501,0
4547c749-79f5-4b64-b436-987dc1dd4a7e,Tamil Nadu,iOS,Search,1,Feature-Rich,88,0
e16fd1ab-d69f-457a-b7ca-07cfd79fcc81,Uttar Pradesh,iOS,Home,1,Confusing,513,0
8a9de0d9-d9ff-4059-a181-830b77b84358,Delhi,Android,Profile,3,Easy to Use,386,0
8644e22a-8732-42e0-b8a5-fb84855d5aa9,Tamil Nadu,iOS,Home,3,Feature-Rich,27,0
496e29fe-bcd3-494a-95ca-1984ee35eadc,Tamil Nadu,iOS,Notifications,2,Helpful,361,0
c566b49c-aa0b-4482-bf08-191ddc8c223e,Maharashtra,iOS,Profile,5,Confusing,83,0
f877d0ad-ff6d-410c-b1a8-fe95fba5ebaf,Uttar Pradesh,Android,Search,4,Crash,317,1
b10d4ebf-7343-4f8e-891e-d9ca1f738e2e,Maharashtra,iOS,Home,2,Feature-Rich,512,0
d1ba2772-2291-435c-bfcd-d139aaf50b0b,Maharashtra,iOS,Search,5,Crash,431,0
37863b89-ca96-419e-8162-0cc8e8539121,Maharashtra,iOS,Notifications,2,Confusing,582,0
b3a5aa74-271a-435e-9434-f7f9795fce08,Tamil Nadu,Android,Search,5,Feature-Rich,236,0
6b378369-8eb7-4ce4-afdf-1a410791e723,Karnataka,Android,Home,2,Helpful,572,0
25f06246-ff5d-431b-90ee-ffe6181d370c,Uttar Pradesh,iOS,Home,5,Easy to Use,11,0
6b9de239-7c47-458f-8536-be1d940b03d2,Uttar Pradesh,iOS,Profile,4,Helpful,368,0
3cc96939-8bc8-46a4-868f-c323e0a5b42e,Tamil Nadu,Android,Profile,4,Feature-Rich,434,0
7371130b-bb38-4c67-8489-520eaf92bfde,Maharashtra,iOS,Profile,3,Buggy,298,0
6a622f8d-f2fa-4c46-af2f-112285a718b8,Uttar Pradesh,iOS,Settings,5,Confusing,260,0
02e85760-5d59-42b3-983a-f90ea4147310,Uttar Pradesh,Android,Profile,2,Easy to Use,389,0
ca3753dc-58d7-4720-8ae6-4044dabd653c,Tamil Nadu,Android,Settings,1,Helpful,235,0
77e335ce-60f9-4dc0-9565-48e39d9af6c0,Tamil Nadu,iOS,Search,3,Helpful,482,0
fa0ab784-9f2e-4f34-84b4-cfd3ba6abf43,Maharashtra,iOS,Profile,4,Easy to Use,411,0
3d4e0df1-c566-432a-a6d2-8ab9a7533276,Delhi,Android,Notifications,5,Helpful,517,0
1837e727-fe4a-46d1-b3e1-ab81d8b4d575,Tamil Nadu,iOS,Notifications,3,Buggy,255,1
10c013bc-3aa8-4b2f-bfc7-3a96616db839,Uttar Pradesh,iOS,Profile,5,Feature-Rich,204,0
39466452-07ce-4017-b473-b1d07f418d78,Tamil Nadu,iOS,Home,2,Helpful,408,0
749eb4de-f4a8-42c9-8c3f-415884ca6625,Uttar Pradesh,iOS,Search,1,Buggy,163,0
d4abf798-f512-47fe-bb06-543319429785,Tamil Nadu,iOS,Settings,3,Crash,325,0
9704fc1c-9787-4043-8356-29a6855c6b68,Delhi,Android,Search,1,Crash,334,0
74782c1c-0c85-4651-aa09-a540f5361839,Maharashtra,Android,Home,5,Slow Loading,43,0
40bfcdea-0fd9-4190-ba59-f4b263cf8490,Karnataka,iOS,Home,4,Feature-Rich,417,0
0895ef18-c59c-4fb0-923c-0c8db0cd8feb,Uttar Pradesh,Android,Profile,3,Buggy,361,0
31fd584e-3227-4788-b939-f1def6f14c75,Delhi,iOS,Search,2,Feature-Rich,194,1
2533d708-9e24-47d5-bd59-c86b40c89813,Maharashtra,iOS,Settings,1,Slow Loading,47,0
9c561ffd-33d2-4ee8-b591-83d7b3aefb77,Karnataka,Android,Home,1,Easy to Use,325,0
4a715703-c715-4c60-ac7b-9212ec6a3528,Delhi,iOS,Home,1,Confusing,331,1
a3444834-838e-4829-8f9f-1d991ca3ef62,Karnataka,Android,Search,5,Easy to Use,468,0
83062561-6c0b-47d3-972d-3e6d08421b7a,Delhi,iOS,Settings,1,Buggy,323,0
155d3f41-ec2f-4326-933c-1e66d71eba6d,Tamil Nadu,Android,Notifications,4,Helpful,10,0
e2b460ec-40c7-4fe2-a0ee-441302511a43,Tamil Nadu,iOS,Settings,4,Great UI,26,0
e841b1bc-f485-49a8-a72b-d4a1a3fd38b9,Maharashtra,iOS,Settings,3,Feature-Rich,27,0
7b567a41-825a-4472-b0c5-91d5817b7403,Uttar Pradesh,Android,Search,2,Easy to Use,247,0
47dd0bc2-e23a-4116-bce9-8404c5a5189f,Maharashtra,Android,Settings,4,Buggy,27,0
48414986-8c7f-4e7d-9a68-7d03f08949e4,Tamil Nadu,Android,Notifications,5,Confusing,188,1
752d881e-b582-4580-9a96-72db78904053,Karnataka,iOS,Home,3,Crash,231,0
f748a0cd-e72f-427c-9737-fb6fc3244c43,Uttar Pradesh,iOS,Settings,1,Buggy,506,0
204234bf-2100-4476-9551-8ab9791f9a82,Maharashtra,Android,Notifications,5,Crash,269,0
9d878f38-d573-40e9-b4e7-caa21f12a51f,Uttar Pradesh,iOS,Profile,3,Helpful,316,0
fc16f0a5-0c6c-4fb8-b4a2-4fd93211ccf4,Maharashtra,Android,Profile,3,Buggy,298,0
646e6a87-d95a-4d55-8a26-0ab418dc5e5d,Maharashtra,Android,Notifications,4,Easy to Use,375,1
3a67e545-d267-4e39-b286-15295208e772,Uttar Pradesh,iOS,Settings,3,Helpful,500,0
b52caac4-c39c-4242-919c-82bd6db0ea7f,Maharashtra,Android,Profile,3,Crash,527,0
9a07094e-a589-4cab-b1c4-32411aaafef0,Karnataka,Android,Search,5,Feature-Rich,210,0
83eee11c-2af6-41c7-992c-a1bfe21c2ab0,Tamil Nadu,iOS,Notifications,1,Feature-Rich,225,1
0e45e831-9dd0-415a-9c98-e852966d6364,Uttar Pradesh,iOS,Profile,1,Helpful,573,0
83d8e309-e8b0-4df8-aaf5-beef80a2f8bf,Delhi,Android,Notifications,5,Buggy,87,1
5655783d-ba9a-4966-b4fb-05ce7393b002,Uttar Pradesh,iOS,Search,3,Crash,395,0
eaea114d-93c1-4370-b843-f4af47504819,Uttar Pradesh,Android,Profile,5,Easy to Use,109,0
c4dbeef6-9d3a-4b60-987d-c911df5e3584,Delhi,Android,Notifications,1,Slow Loading,210,1
9f585c41-c687-440b-b320-86e798781917,Karnataka,iOS,Settings,2,Buggy,140,0
6eee7d38-e82f-4b9d-9d85-ec9fe5ca7ff9,Maharashtra,iOS,Profile,1,Feature-Rich,598,0
e34d4c9c-2ce2-4fc6-9279-d707184812bd,Maharashtra,Android,Notifications,1,Great UI,74,0
bc76aea4-e97e-4dde-b4c2-441e14d4e1b9,Maharashtra,iOS,Profile,3,Crash,99,0
91aa0f1f-1788-49f8-96d6-08e6e80e7e73,Tamil Nadu,Android,Profile,2,Crash,350,0
efafa833-99e1-4bd3-943e-aa8113a17421,Delhi,iOS,Profile,1,Crash,338,0
e37b4ce9-e976-4b33-b4f4-19bd0e24e331,Maharashtra,Android,Search,3,Slow Loading,470,0
d9eb1d55-1746-49cb-980b-248f30e62b12,Karnataka,Android,Home,5,Confusing,379,0
6948c170-2ac6-410b-a671-b30b954e0e20,Delhi,iOS,Search,4,Confusing,452,0
2d44cc67-671c-4516-812b-e225a334b662,Delhi,iOS,Search,1,Great UI,110,0
65765aa8-f538-44f2-977f-df8e5038d6c8,Uttar Pradesh,iOS,Search,2,Slow Loading,436,0
b27672d7-591a-484e-bead-3a8a3ad14c1a,Karnataka,Android,Home,4,Crash,401,1
4598a24c-9654-4df5-a20d-7ba80de584fa,Tamil Nadu,Android,Home,1,Great UI,173,0
bd189377-808f-429a-a31c-9564a7d074b9,Maharashtra,Android,Settings,5,Great UI,437,0
c3e539c1-3831-46a6-b685-800880f20679,Maharashtra,Android,Home,4,Feature-Rich,421,0
cfd93d7c-7764-4227-bb9a-373adc38a310,Tamil Nadu,iOS,Profile,1,Easy to Use,287,0
eb6a0d88-9d4a-4237-ae87-0478ac1e87e0,Karnataka,Android,Home,3,Easy to Use,152,0
9c4c2376-1f30-46f8-8e4c-e16c1148ae26,Delhi,iOS,Profile,2,Helpful,60,0
92480652-99a6-4f0d-aba1-ee3266aeb3e8,Maharashtra,Android,Home,1,Helpful,283,0
511aee65-70b3-43ca-82b0-7857722ee9a8,Uttar Pradesh,iOS,Profile,3,Easy to Use,579,0
fa0a23ab-b86e-48db-b6ab-e973d6192096,Karnataka,Android,Notifications,3,Crash,312,0
8292e5ac-8912-4f3b-90c0-d28ccdaf3578,Karnataka,iOS,Notifications,1,Great UI,538,0
4302f01a-567e-424f-80ee-424f0a143b00,Tamil Nadu,Android,Search,5,Slow Loading,187,0
df5ca365-4216-42e6-9e6f-17dc032773a1,Maharashtra,iOS,Home,4,Feature-Rich,317,0
73f2280c-ead6-4520-8c60-a5d18a9cc757,Delhi,iOS,Settings,5,Feature-Rich,52,0
f7599cd7-1885-48a1-bf88-096d7bafaf93,Karnataka,iOS,Home,5,Feature-Rich,456,0
03694392-1f9e-4161-9672-494c9d5d6e77,Delhi,Android,Home,1,Confusing,347,0
5e63d00d-37ee-441e-9d42-9e39762c80f1,Delhi,iOS,Profile,2,Helpful,553,0
9795f612-b3a8-4260-9c42-52fe0d67ec15,Uttar Pradesh,iOS,Settings,3,Confusing,253,0
03eb288a-c457-48b1-8c1f-b7689cdbdf55,Tamil Nadu,Android,Settings,2,Great UI,33,0
cf2e4bdc-b761-4404-8340-8ee17c7831d2,Karnataka,Android,Notifications,4,Slow Loading,296,0
72040dbd-78e5-42ef-9b12-9d6436b7884c,Uttar Pradesh,iOS,Settings,1,Slow Loading,229,0
bd1482fd-9899-4a15-9e78-25a828415023,Maharashtra,iOS,Home,3,Feature-Rich,261,0
172d81bf-63e9-4e33-b0ee-f6aa1ab8ada2,Uttar Pradesh,iOS,Search,1,Crash,275,0
f93e3afb-0c6d-4909-bf8e-3a0627ace817,Uttar Pradesh,Android,Search,2,Buggy,461,0
d420e74c-d11b-40e4-a95a-7d1b36b5b3fe,Maharashtra,iOS,Home,4,Helpful,230,0
c0918dc1-e39b-4c10-a811-8406c6b84310,Uttar Pradesh,iOS,Profile,2,Confusing,515,0
dca4df9b-b187-406b-9b9c-6eb4eff8460d,Uttar Pradesh,iOS,Notifications,5,Confusing,551,0
04e30bf8-f023-4525-a396-ac73fbf165bd,Tamil Nadu,iOS,Settings,2,Great UI,386,0
94e040fd-2f1d-4fc0-b57d-6ab2acce3722,Uttar Pradesh,Android,Profile,5,Great UI,559,1
b374a666-405e-4c8d-a34a-dc318e53ad61,Karnataka,Android,Profile,2,Feature-Rich,224,0
5449cd95-2fb2-488c-9980-47d18b42dcc9,Uttar Pradesh,iOS,Settings,5,Buggy,442,0
3267ac27-e85e-4747-8911-da56519e64b0,Tamil Nadu,iOS,Notifications,1,Confusing,295,0
18b042dc-d101-4952-83b4-08c6daf64cab,Uttar Pradesh,Android,Settings,3,Buggy,598,0
a0ece7b1-3d7f-4718-8b8e-0c662f6e89b4,Uttar Pradesh,iOS,Search,2,Crash,246,0
4c8d8700-a2cd-4070-8911-cb4e1917c384,Maharashtra,Android,Settings,3,Feature-Rich,347,0
44ec1953-fe0e-4592-aea0-5b37ddb5c241,Maharashtra,iOS,Search,5,Helpful,293,0
a9026da6-f9f8-4439-a5fd-66e978adc5fb,Karnataka,iOS,Notifications,4,Great UI,448,0
3f4632e3-991f-4c4d-8f86-b7e989d42cdc,Karnataka,Android,Notifications,5,Helpful,444,0
ed23a51f-4b2f-4b62-a9a0-f3ea816a97b7,Maharashtra,iOS,Notifications,4,Feature-Rich,335,0
3d7dc5da-1f11-4f64-8f32-2d8b7ccf84c3,Delhi,iOS,Search,1,Confusing,461,0
13250dab-2954-401d-9834-f73ded715cf4,Tamil Nadu,Android,Home,1,Easy to Use,369,0
2f4de0a9-3ee9-45a3-9f78-57f9bc70f644,Maharashtra,Android,Home,4,Easy to Use,48,0
cc89b6a6-c7c9-464e-b21f-69c47ceb5e24,Delhi,iOS,Profile,2,Buggy,158,0
d79ce993-2394-4548-93c4-402b898ad011,Delhi,Android,Search,5,Great UI,501,0
cc786b42-dab7-49b2-a1da-c228a2237303,Uttar Pradesh,Android,Notifications,5,Buggy,456,0
18848048-1425-4575-b8b7-d285fb144dd0,Karnataka,Android,Notifications,1,Buggy,18,0
fedf7a40-60e4-4d3e-962a-8654e237095e,Maharashtra,iOS,Notifications,1,Crash,351,0
ebbef010-e83f-461a-a784-f764196f76e5,Tamil Nadu,Android,Search,5,Confusing,419,1
c10f4662-e04b-4d26-affe-7f7999a4719c,Tamil Nadu,Android,Search,3,Buggy,289,0
e67cdf18-ffc8-4832-bc8b-bc86f302d64c,Karnataka,iOS,Profile,5,Great UI,412,0
c688c874-5295-4ba9-aba2-13f6dba1b92c,Tamil Nadu,iOS,Search,4,Great UI,517,0
f11b544d-ce86-46d2-b462-2355b2823ffb,Delhi,Android,Settings,3,Crash,119,0
9cfd7a63-f70b-4cb6-a405-4e07b3162075,Maharashtra,iOS,Settings,4,Great UI,523,0
080b805d-036f-45ef-9cca-77ba0b3428c8,Karnataka,Android,Home,3,Feature-Rich,232,0
ddd45e87-d261-4432-af75-0165735b1496,Karnataka,iOS,Settings,3,Feature-Rich,572,0
28f5244f-ed33-468a-905d-9f1fcd27a685,Maharashtra,iOS,Profile,4,Buggy,232,1
5d3f91d4-d15b-4a13-8e4d-c17aa1e220a6,Delhi,iOS,Settings,5,Buggy,305,0
4bfa4841-1fc3-4ea3-bea7-c289550d9e8b,Karnataka,iOS,Notifications,5,Slow Loading,502,0
980a5ed7-af33-4a43-a00a-4a837970305a,Karnataka,Android,Notifications,5,Crash,477,0
70f93d6e-3258-43ac-82bf-7d458cc77264,Delhi,Android,Profile,5,Buggy,316,0
20b75754-9281-4fb2-925e-b6d0a5ea0ec8,Delhi,Android,Search,2,Crash,449,1
48f0d62d-9a7e-410e-937f-0798daae7391,Uttar Pradesh,Android,Notifications,2,Feature-Rich,594,0
67f4bf0c-18e2-4e25-9f51-2a3acce9451f,Tamil Nadu,iOS,Settings,3,Confusing,336,0
49a60114-8293-40fd-99fd-7fd14dd329fa,Karnataka,iOS,Home,3,Feature-Rich,320,0
83ed4023-8023-4ef9-88d0-34b79de477a7,Delhi,Android,Search,2,Confusing,559,0
f37d87e5-f03e-49a7-b828-b14a1d7886d4,Tamil Nadu,Android,Search,4,Great UI,154,0
29b8f644-38f6-481f-89f1-26cfee2effa6,Uttar Pradesh,iOS,Notifications,1,Helpful,424,1
2199e4b8-ead9-494b-84d7-dcf8242d6286,Maharashtra,iOS,Home,3,Easy to Use,378,0
7e25400d-63c4-4cb0-ade4-e4d495dcb0b9,Tamil Nadu,Android,Home,1,Crash,136,1
0590d5de-ad23-4a1b-850c-2bbb8412200d,Delhi,iOS,Settings,2,Buggy,279,0
d476d283-0e42-4889-9166-181d0510bf50,Karnataka,iOS,Notifications,4,Great UI,187,0
741744cf-e9c2-4066-9ce1-bd140969798c,Delhi,iOS,Notifications,3,Confusing,270,0
bf938e5b-32d2-4a6c-a402-bd0709e9397f,Delhi,iOS,Settings,3,Crash,412,0
36076416-4207-4852-a0d4-c98824aa9b30,Delhi,iOS,Profile,5,Feature-Rich,165,0
326c3a37-df18-40f2-84e8-faf52135f162,Maharashtra,iOS,Search,3,Slow Loading,362,0
698a8992-7a9c-47e5-9ad9-0bc95fb12cbb,Uttar Pradesh,iOS,Settings,3,Crash,428,0
cfd50707-2ff7-4ef5-a87d-b05ab2d2c93a,Maharashtra,iOS,Home,2,Confusing,181,0
f6c6c48f-8aef-46a2-82b5-bdbd8ee01b0f,Delhi,iOS,Home,3,Slow Loading,486,0
b1341ca2-bbd6-4eac-9ee0-551643660829,Tamil Nadu,iOS,Home,3,Helpful,510,0
a10e500d-7b3f-4905-ba8f-49071a61eae4,Maharashtra,iOS,Home,5,Feature-Rich,337,0
4f018ca3-5140-4c9a-b131-656c6c5c0115,Karnataka,Android,Settings,3,Feature-Rich,422,0
ca8dfb2f-de8d-4e69-961a-86a3ae0d836c,Tamil Nadu,Android,Profile,5,Confusing,113,0
fccb9682-9d6a-4635-b2c4-4aa60fa565ca,Tamil Nadu,iOS,Notifications,1,Slow Loading,117,0
6c7894c0-1a43-4f80-8fec-6ece59dfe4c5,Karnataka,iOS,Settings,5,Buggy,598,0
b755c2c4-51ad-46bb-a08f-83a3c075c6fe,Uttar Pradesh,iOS,Notifications,2,Feature-Rich,331,0
9e6ae28b-21cf-4922-9661-14abdd05484f,Tamil Nadu,Android,Home,3,Easy to Use,572,0
5839a01a-e3f4-41ff-ac84-b9cde60d68f6,Uttar Pradesh,iOS,Settings,4,Easy to Use,371,1
76351d20-c8c9-40f0-a554-0cf98a375d84,Tamil Nadu,iOS,Profile,3,Feature-Rich,549,0
604560dc-0ac9-4fbd-91bc-44115cfc2a3a,Karnataka,iOS,Home,4,Great UI,146,0
22309fd5-438b-48ad-96a8-1762d306a99f,Maharashtra,iOS,Home,2,Easy to Use,363,0
29be860f-ad05-4c9f-8b57-7a0491cda160,Maharashtra,Android,Home,3,Easy to Use,58,0
2f714477-0299-4017-93f6-67c89a9c211f,Delhi,Android,Settings,3,Easy to Use,452,0
be0e4f70-3149-42d1-8006-d0594c496522,Maharashtra,iOS,Settings,5,Confusing,462,0
112467d0-7328-453d-9831-76e0707c3736,Karnataka,iOS,Notifications,1,Easy to Use,21,0
b96d64ed-5f7a-43db-a9ec-c117b2056946,Tamil Nadu,Android,Search,4,Feature-Rich,584,0
8bced490-e273-4a45-b069-544fb393c7ca,Tamil Nadu,Android,Notifications,2,Feature-Rich,195,1
df338d8b-e236-413c-a611-f130f6aaf4ec,Tamil Nadu,Android,Settings,5,Buggy,79,0
3be93501-98f2-4950-aa6f-819f67b469ee,Uttar Pradesh,iOS,Settings,5,Crash,100,0
e222549a-ee45-4539-9200-b17d0f628ea4,Maharashtra,Android,Profile,1,Buggy,180,0
2da48b3b-f22f-4012-85cb-a4e1a7f74c10,Maharashtra,iOS,Home,1,Helpful,569,0
920298c8-a515-4cde-aed7-3b9ee96ea860,Maharashtra,iOS,Notifications,3,Confusing,336,0
6f312e44-5d5c-4cce-a591-0499138afab5,Delhi,iOS,Settings,3,Easy to Use,195,0
eedd1785-8e53-47d6-9cb9-ae46afe21fc6,Delhi,iOS,Search,1,Crash,543,0
9f6a5f2e-f373-46e1-8c35-b2766088eb81,Uttar Pradesh,iOS,Home,2,Confusing,470,0
178ebf1f-91ae-41f9-922d-9e6528bc3e63,Karnataka,iOS,Profile,1,Easy to Use,575,0
619126f2-290f-4dc3-b395-dc1b04af8cda,Uttar Pradesh,Android,Notifications,2,Helpful,449,0
138742c0-0042-4f0c-b6f9-dd0193c8b042,Karnataka,iOS,Settings,1,Buggy,401,0
7a4e3dd0-a2f1-4120-b65a-e66c24bf4ace,Maharashtra,Android,Home,3,Easy to Use,213,0
e9781342-6e44-4a4b-b5c9-95f896ba3b25,Delhi,Android,Home,1,Great UI,463,0
907d13e2-6e1e-4ece-8b63-5a84eec1fb4a,Maharashtra,iOS,Home,2,Slow Loading,530,0
8de3ca6c-6752-414d-ae1a-c5307af09d47,Tamil Nadu,iOS,Settings,4,Slow Loading,596,0
2b8fd964-f72a-44b0-a007-d159c54031c7,Tamil Nadu,iOS,Settings,1,Easy to Use,486,0
3b51cee9-5fab-446d-9cba-a090f110f6ee,Uttar Pradesh,iOS,Home,4,Confusing,504,0
2e735dc2-4f39-4dc5-a93c-35d71d28c45a,Karnataka,iOS,Profile,1,Helpful,160,0
a26e4927-93f0-42a4-996f-d0101b455ec1,Uttar Pradesh,iOS,Notifications,1,Buggy,115,0
994d54be-20e1-4da5-9e4d-60a46854e7f5,Uttar Pradesh,Android,Home,2,Great UI,406,0
9d90a53a-42aa-4b11-936a-961a50a88dd2,Delhi,iOS,Search,5,Confusing,488,0
ec7943c9-59d2-42d3-888f-f6d36f9d7868,Uttar Pradesh,Android,Settings,1,Feature-Rich,246,0
0728cef6-d102-4609-bfcf-7da26ce5b3b6,Karnataka,iOS,Search,5,Slow Loading,588,0
c816d30c-5441-488a-81c5-6d4208d8a906,Tamil Nadu,Android,Profile,3,Great UI,354,0
b81f7540-3ca0-4d68-b260-0d864ae47dc7,Karnataka,iOS,Home,1,Crash,392,0
3d44bf37-ab37-4853-ad15-476f0c4eb016,Karnataka,Android,Settings,5,Great UI,410,0
16cd95ab-4b71-459d-a023-e1452abfda19,Karnataka,iOS,Search,2,Crash,350,1
fe787b46-6514-4af6-bdfa-ce3d3414cde5,Karnataka,Android,Settings,2,Feature-Rich,185,0
d99b3b03-f178-480b-9d55-d9fe4afc072f,Karnataka,Android,Profile,1,Confusing,595,0
7632506f-957d-46bb-a941-3d38f801dfb9,Karnataka,iOS,Search,3,Slow Loading,154,0
ca2013f2-2934-4768-9971-6d0bac738791,Uttar Pradesh,Android,Profile,3,Easy to Use,525,0
9bccb45e-b270-4c48-91ee-0c10b1885a9d,Maharashtra,Android,Home,4,Feature-Rich,469,0
ab5b0ff9-fd79-4387-bc71-95c692fa0e8d,Delhi,Android,Settings,3,Feature-Rich,269,0
43ad900a-d443-49ad-9217-a46c7108f9c9,Maharashtra,iOS,Home,1,Great UI,93,0
4fc5f41b-d933-4578-9b44-d2729942e852,Karnataka,Android,Notifications,2,Easy to Use,98,0
fcb7d758-4120-48e2-aaff-28d92db90f70,Delhi,iOS,Notifications,5,Slow Loading,235,0
aa9f8a84-f540-4937-8ddc-64e7f2729f55,Uttar Pradesh,iOS,Home,4,Helpful,93,0
4fd4d77a-46a0-4536-8544-268a9c4df712,Karnataka,Android,Home,3,Confusing,522,0
04522d51-ea47-4c7f-98ab-dca2d058b43e,Karnataka,iOS,Home,2,Buggy,401,0
29fe36b2-bda6-4348-9e16-97d4f0644fe9,Karnataka,iOS,Search,5,Easy to Use,578,0
9877f51f-b125-41a0-bc31-d8df107e3f7f,Maharashtra,Android,Settings,4,Buggy,128,0
4b3907c5-67d6-4491-ad87-abb93934cdc9,Tamil Nadu,iOS,Settings,4,Confusing,72,0
8569b6eb-08f2-48de-b969-ad34d4fea502,Delhi,Android,Search,3,Helpful,248,0
720b85c6-be7a-4a54-a9e7-a22b77d89052,Tamil Nadu,Android,Home,2,Easy to Use,191,0
3b6c44fa-6bc7-4db6-ab45-541f6608b344,Tamil Nadu,iOS,Search,4,Buggy,358,0
b317bc38-3373-4abb-af57-52a6960eb5e3,Karnataka,iOS,Notifications,3,Slow Loading,320,0
bb9e0234-74fd-43b3-aab5-7555933d60cd,Tamil Nadu,Android,Home,5,Crash,362,0
bc4c65f3-caa3-4c87-9834-14cf8c7a596d,Delhi,iOS,Profile,4,Slow Loading,475,0
164d921b-d34d-4ed7-bc00-171ce011a3af,Uttar Pradesh,iOS,Notifications,3,Helpful,433,0
0c8468b3-109e-44e1-b7d5-a7e624573dbc,Karnataka,Android,Home,4,Helpful,411,0
60174bc8-7028-4d9b-b6fe-bdf21325b67e,Tamil Nadu,iOS,Search,3,Confusing,359,0
8cf777c3-d851-4193-b6a1-4589a9e0126c,Uttar Pradesh,iOS,Profile,2,Confusing,600,0
67da51fe-6b59-4ca8-bf09-59bac54c0771,Uttar Pradesh,iOS,Search,1,Easy to Use,20,0
fe9cbcaa-d144-4c58-964c-14d4e9246531,Delhi,iOS,Notifications,3,Confusing,21,0
8384ec33-e2f0-4380-8b8a-dd008ffd6d54,Tamil Nadu,Android,Settings,1,Easy to Use,541,0
d130a437-c015-4d68-b38f-f49830a6cd05,Tamil Nadu,iOS,Home,5,Helpful,461,0
b4445867-2577-4620-ae2e-bbdf89c5c222,Tamil Nadu,iOS,Settings,1,Easy to Use,593,0
1dfae4a3-cce5-4c6f-b024-59acb86e3e24,Tamil Nadu,Android,Settings,2,Helpful,489,0
17a00d3e-b6a9-4d03-9bf5-76f0eb8ca459,Tamil Nadu,Android,Home,1,Helpful,254,1
e9f6d747-57b3-400d-a2ce-6fc5438e813f,Karnataka,Android,Notifications,5,Confusing,186,0
b04be861-ff4d-4024-ac97-7df12512a34e,Karnataka,iOS,Notifications,2,Buggy,216,0
50fe60c7-dbae-4bb6-a22d-392095063976,Maharashtra,Android,Home,2,Easy to Use,245,0
3f02199c-fc83-48f0-81b7-7ee812cae217,Tamil Nadu,Android,Settings,1,Confusing,589,1
09f9be52-7a29-4a24-8c11-8b936866d0ac,Delhi,Android,Home,4,Feature-Rich,143,0
50e7ba8f-406b-4a62-9521-a843c94fe2c6,Tamil Nadu,iOS,Search,2,Buggy,102,0
9f2ce200-6e60-4b04-bb82-d0802e5f9f9c,Delhi,Android,Settings,1,Slow Loading,401,0
a265d9c8-72a6-494d-8092-223e3a714f94,Delhi,iOS,Notifications,5,Feature-Rich,304,0
58df92ce-989b-4167-8cb5-a4ca5ef2e4a7,Delhi,Android,Home,1,Slow Loading,272,0
9bbaf6ed-c921-44da-a373-973325e30f76,Delhi,iOS,Profile,5,Slow Loading,341,0
735daead-36e7-4271-bbe3-3442c10056e6,Tamil Nadu,iOS,Search,2,Feature-Rich,351,0
bf4e24e3-2084-4d58-8660-efae320e0a81,Tamil Nadu,iOS,Notifications,5,Helpful,567,0
b04bcd31-5139-4cfe-a5d9-a607536f131e,Maharashtra,Android,Profile,5,Great UI,182,0
29cd1b68-0175-4503-a36e-5d19b2e95c01,Karnataka,iOS,Home,1,Feature-Rich,583,0
405b57ba-8414-4740-8667-a894a5153896,Tamil Nadu,Android,Notifications,5,Great UI,562,0
31f9b8fe-ebef-4c65-9761-4c93c79904f9,Uttar Pradesh,iOS,Profile,5,Helpful,217,0
c4bb0bba-b255-49c4-b951-4f8659670f33,Karnataka,iOS,Profile,3,Feature-Rich,428,0
b3a813b4-7e76-4eb3-8985-f24e70c992b8,Karnataka,iOS,Notifications,4,Buggy,317,0
188d7414-b90f-4826-8304-74bf28a2eb9f,Karnataka,Android,Profile,2,Slow Loading,492,0
ea7d613f-be0a-4f6d-bded-ab4776eedff5,Delhi,Android,Home,2,Helpful,329,0
ec030a80-ba70-486b-9012-7aea19ceea33,Karnataka,Android,Home,2,Great UI,13,0
a31d1329-d319-4051-88cb-e90a7dd64796,Tamil Nadu,iOS,Search,3,Buggy,78,0
d5ae47a1-1b8b-4779-a9aa-5af37386ec2d,Uttar Pradesh,iOS,Notifications,2,Crash,66,0
a5fb217f-b9f7-4121-a154-44a66ffc1edd,Delhi,iOS,Settings,2,Helpful,337,0
6f3030c5-4370-4ad7-9d01-c1888045baee,Karnataka,Android,Search,2,Confusing,594,0
da5ae290-4a51-4e6e-bbce-62d844deba92,Delhi,Android,Home,2,Confusing,66,0
be8bac22-324f-430d-a4df-07d090a0d04b,Delhi,iOS,Notifications,2,Easy to Use,23,0
c0169421-5026-4133-acdb-731ef0c91bb3,Delhi,iOS,Profile,2,Easy to Use,417,0
0fe68a07-fb7c-4f8c-ab86-3a12e9f8f3ab,Karnataka,iOS,Home,1,Buggy,353,0
dc5cc71e-1b1a-4280-9030-a252effe046b,Uttar Pradesh,Android,Profile,2,Confusing,507,0
46987a28-77a7-415b-b227-e7d4859b2c44,Uttar Pradesh,iOS,Notifications,1,Helpful,17,0
b678ce37-fcd2-4256-b922-bb4532ebd0cb,Karnataka,Android,Notifications,4,Helpful,504,0
cc150f90-9e23-4dbd-85aa-00f61625d4ea,Karnataka,Android,Search,1,Great UI,57,0
7934c573-c654-42d1-aa61-fd72067f372c,Uttar Pradesh,Android,Notifications,3,Great UI,253,0
fd5e5df6-f73c-4fe0-93ab-d027282f9ed0,Maharashtra,iOS,Home,3,Easy to Use,498,0
c6b30212-547d-4608-9bac-7ed4a52177df,Uttar Pradesh,Android,Notifications,1,Feature-Rich,558,1
a634c395-7f2e-4fba-91fe-a3d92486e626,Delhi,iOS,Home,1,Confusing,226,0
d3b60099-6901-49b7-b0a6-c1a22410a657,Tamil Nadu,Android,Search,5,Great UI,29,1
64970d5e-7d12-4e5f-9ecf-22967552b083,Tamil Nadu,iOS,Settings,3,Crash,327,1
fc90cba8-f057-43f5-934c-d86a301da89e,Delhi,iOS,Profile,5,Confusing,172,0
be4879e2-49c4-41c2-8a50-7c2659239bc5,Delhi,Android,Notifications,5,Easy to Use,81,0
540e8769-6b4c-4aef-b9fa-2690dac19a7a,Uttar Pradesh,iOS,Settings,2,Confusing,482,0
7739bde8-cfbc-40f3-9432-ae4ec8b05531,Delhi,iOS,Profile,3,Easy to Use,360,0
b98bfad0-59d5-4003-af9a-b35fd10f4218,Uttar Pradesh,iOS,Notifications,4,Great UI,395,0
4506537e-f6f8-471e-b093-78773d3b665b,Karnataka,iOS,Settings,3,Easy to Use,540,0
1a0114a8-546f-46d5-961f-41e7ae2e71e6,Karnataka,Android,Notifications,5,Slow Loading,241,0
24a0f1a8-6ea0-421d-876a-bee0e5d9c73e,Uttar Pradesh,Android,Search,2,Buggy,492,0
437f37b7-f681-4c40-9d9d-34e215825655,Tamil Nadu,Android,Home,1,Buggy,19,0
ce0f7d2d-2080-461b-8480-b3fbd9b81d68,Tamil Nadu,iOS,Settings,2,Helpful,435,0
34466f75-0967-40be-b47e-104b3cbf5ccd,Maharashtra,iOS,Settings,2,Great UI,384,0
7de7f6e3-712a-4388-a495-d4bb694a19b1,Maharashtra,Android,Profile,4,Easy to Use,64,0
45f7f7f2-ba9f-44c1-bd82-0ca69dcd8a72,Karnataka,iOS,Home,1,Feature-Rich,161,0
b993c510-61c3-4067-8ac0-e2bcddb723a0,Karnataka,Android,Settings,2,Great UI,415,0
c444e500-f459-46c3-8925-729e9cdc0d4f,Karnataka,iOS,Settings,3,Confusing,595,1
de49b38d-0723-4518-a3f2-a552f9e39668,Karnataka,Android,Home,5,Buggy,138,1
cd11c351-f9e9-4097-b295-5b26103f2dbf,Maharashtra,Android,Search,5,Buggy,469,0
a71f5cbd-939c-4788-afdb-043c44f1f4b5,Maharashtra,Android,Notifications,5,Easy to Use,340,0
708e03cd-97ad-4f5c-9012-aace256f4a50,Tamil Nadu,iOS,Settings,1,Feature-Rich,265,0
b4fd278b-4549-45be-afd5-e92251e90177,Karnataka,Android,Profile,4,Great UI,318,0
39243506-e1d3-40ef-a9ee-0621b4902d8f,Maharashtra,iOS,Search,1,Slow Loading,217,0
1067b1f5-c9e5-45c4-8fd9-4f3b450281b0,Uttar Pradesh,Android,Notifications,1,Slow Loading,452,0
16c4bb39-2624-4659-bea8-df4432cfc4c7,Tamil Nadu,iOS,Home,3,Buggy,159,0
462217d1-b2b3-4452-845f-f1ae6f4776b9,Tamil Nadu,Android,Search,3,Buggy,63,0
acfc03b9-574d-4a69-8819-ee9d0aceeeed,Delhi,Android,Profile,1,Confusing,514,0
cc6dddef-12bc-4449-9cd4-3bf44d903160,Karnataka,iOS,Settings,3,Buggy,594,0
480f3448-8d0d-43d6-a7ab-00dafc226627,Maharashtra,iOS,Profile,5,Confusing,29,0
1829feb3-5f6a-46c4-b331-95c32cda5e30,Maharashtra,Android,Search,2,Helpful,581,0
75b43aa0-0364-417f-91fb-cd6e49e86310,Delhi,iOS,Profile,2,Crash,236,0
31d030d6-ebc5-422e-9042-089e7f987e76,Tamil Nadu,Android,Search,3,Easy to Use,223,0
abefefcd-2d7a-44bf-a7fb-2b2e803091eb,Maharashtra,iOS,Search,1,Great UI,166,0
10259a99-56de-4738-8187-dc1f54d6718b,Tamil Nadu,iOS,Home,5,Feature-Rich,205,0
ced51b88-d0ad-45c8-9b2c-740bf65783ba,Tamil Nadu,Android,Home,2,Easy to Use,365,0
5a1f2666-a418-41e3-96f1-bba92332ad91,Karnataka,iOS,Home,2,Easy to Use,145,0
a570ea5b-22b7-4f26-a480-6b1d133eeb97,Karnataka,iOS,Home,3,Feature-Rich,342,0
855355b4-b8cb-452e-b32c-2805db650e21,Tamil Nadu,Android,Notifications,3,Slow Loading,289,0
3869243f-8f82-4381-b48e-65dcdb237691,Delhi,iOS,Settings,3,Crash,90,0
796ee15c-98b3-4d3d-99b1-0febbc41951a,Maharashtra,iOS,Search,1,Great UI,338,0
31c14508-cc95-445c-b18c-d55948805de5,Karnataka,iOS,Notifications,1,Crash,265,0
e61c2c7a-7781-4711-9cc2-6deb1b208231,Delhi,Android,Search,2,Buggy,270,1
e2fbd6a2-195d-452a-88ec-77cc91bb5c20,Karnataka,iOS,Home,3,Helpful,331,0
a221bff6-5a30-4663-8827-3b7985257a21,Karnataka,iOS,Settings,2,Great UI,537,0
b8049d5a-65c2-4508-8105-dbe6c01cdf16,Maharashtra,iOS,Settings,2,Slow Loading,450,0
76ada750-9817-47c5-8275-c802aae59b09,Tamil Nadu,Android,Home,5,Feature-Rich,452,0
45e2e320-95ef-4b6a-8f0b-6d2b94f02510,Maharashtra,Android,Home,4,Confusing,84,0
e605c6ac-20ea-4b38-bab9-ab1c37b5fb56,Delhi,Android,Home,3,Confusing,522,0
40b804f4-c4fd-4e40-a439-487cab53b7e7,Tamil Nadu,iOS,Settings,1,Buggy,204,0
310701d0-37c5-4b30-ac59-93b861547a52,Tamil Nadu,Android,Notifications,1,Slow Loading,121,0
887221a9-24a1-4cac-a82f-7ab864e34f5a,Delhi,iOS,Home,1,Easy to Use,162,0
fadf455f-9f4b-4d6d-8afe-9e3cc1b9ceb5,Uttar Pradesh,Android,Notifications,5,Easy to Use,49,0
f88cc6f6-2f0c-4a70-8dbb-7355172909e9,Tamil Nadu,Android,Settings,2,Crash,427,1
91bd16fd-bb87-4f7a-a76a-c7792c9a18e1,Tamil Nadu,iOS,Home,5,Feature-Rich,440,1
60ccfc31-5fbc-4e37-ab5c-53de28be6eca,Karnataka,iOS,Home,5,Confusing,352,1
7421905e-e779-4575-9325-2bc673da1813,Uttar Pradesh,Android,Settings,4,Great UI,546,0
dbab3124-fac7-4810-b0d0-fbc44141ebda,Tamil Nadu,Android,Settings,2,Slow Loading,577,0
81297ebe-f118-4dbe-8175-3fd8c3088976,Delhi,iOS,Profile,2,Helpful,225,0
6db0d6ab-10d1-4ddd-9c2e-85526b0a3351,Delhi,Android,Settings,5,Easy to Use,39,1
231a6521-7e9f-48da-a265-cf1c90e88ca0,Maharashtra,Android,Settings,5,Helpful,542,0
88cc4371-522a-4e19-a6d6-b7d7fc5fb8ff,Uttar Pradesh,iOS,Home,3,Feature-Rich,300,0
b3a6504a-a99c-4930-8986-9ceb38668a75,Maharashtra,iOS,Settings,1,Buggy,406,0
4ed25b10-6769-4e3c-9523-ac49c43f85f3,Uttar Pradesh,Android,Settings,4,Confusing,470,0
d9703a94-e43d-4914-91c3-dd435524d6b0,Uttar Pradesh,iOS,Settings,1,Crash,445,0
b4043d87-7432-445e-9416-51a81520c9ce,Tamil Nadu,Android,Search,5,Feature-Rich,421,0
13723842-a836-47a8-8bd7-40b74e6f790c,Delhi,Android,Home,5,Slow Loading,459,0
0f9661c1-0988-407b-99c6-402cb983d0a7,Maharashtra,Android,Home,2,Feature-Rich,551,0
c9e71259-27f2-4aa7-ab38-0e39e16c72ea,Delhi,iOS,Search,2,Easy to Use,490,0
bef933ad-145f-4bc7-a514-2c7eb0c5421d,Tamil Nadu,Android,Home,2,Crash,397,0
64ba7c95-5df1-4fd3-88df-3659156e28b9,Uttar Pradesh,iOS,Home,5,Great UI,435,0
662a4d3b-193b-41cd-9994-b329ba2bdbc2,Delhi,iOS,Profile,1,Crash,157,0
bc97e124-0f00-442e-bb47-a0302afef54d,Karnataka,Android,Search,3,Feature-Rich,338,0
32f0fa39-3128-46b0-ac85-375b2ae9e33a,Karnataka,iOS,Search,5,Slow Loading,529,1
934044b4-12c8-4354-8b61-9ea0e603f879,Karnataka,Android,Notifications,4,Confusing,479,0
0e6dfae9-b70f-4856-ae14-2f599d38e83b,Uttar Pradesh,iOS,Profile,3,Confusing,109,0
3a3ba6d2-7907-4657-9e0d-a41a43bf2289,Karnataka,Android,Search,2,Easy to Use,70,0
5fc77172-bf92-47c0-9098-2f4a6cccffef,Uttar Pradesh,Android,Search,2,Feature-Rich,171,0
9c5d9a12-94fd-4137-b44b-f860ffb2faea,Uttar Pradesh,Android,Home,4,Buggy,118,0
8e2ff099-5b67-41b3-a702-574949822352,Uttar Pradesh,iOS,Search,3,Confusing,406,0
1548a55e-1924-4879-b221-eed4cd8de162,Uttar Pradesh,iOS,Profile,3,Crash,544,0
6f7823ad-95ca-4431-b0d1-b7dde4f42490,Tamil Nadu,Android,Profile,3,Great UI,473,0
d4768df2-b387-4bc2-a683-c8aa81f4e3a2,Tamil Nadu,Android,Home,2,Great UI,265,0
718ce9a5-091e-4bc9-b92d-02987634785c,Maharashtra,iOS,Home,3,Confusing,489,0
cdbd7b54-8ac0-4fbb-a5a4-31d7bc2af481,Karnataka,Android,Search,1,Feature-Rich,541,0
83bc4102-e8a1-48bf-98dc-37f1403e8c88,Karnataka,iOS,Home,5,Great UI,529,0
06df4423-3d53-4de5-a2ec-61a832ec7657,Karnataka,iOS,Home,4,Confusing,451,0
e67dc5cc-7ffc-4e03-96da-97481f8b0b0b,Uttar Pradesh,Android,Profile,2,Great UI,509,0
3dda002e-57a4-4448-9092-689b4be6e388,Delhi,iOS,Settings,5,Slow Loading,580,0
95242832-b08e-4f73-957c-f2ea21b2cb77,Maharashtra,iOS,Home,3,Great UI,495,0
ce6c8023-8193-4e2a-9ae5-d1aa5ecc3b9e,Delhi,iOS,Search,3,Great UI,25,0
afe6b369-9471-47b1-ac7f-a64210e7cd65,Delhi,Android,Search,5,Confusing,205,0
cf0e7a0e-3ba5-438b-9998-2aef529e87db,Maharashtra,iOS,Profile,4,Crash,317,0
c0e2ed65-726b-472c-9a8a-ec6b7600bf31,Maharashtra,Android,Home,5,Slow Loading,166,0
d6366af4-59a6-4d5e-8619-45137f0ba5cb,Tamil Nadu,Android,Search,1,Easy to Use,597,0
ccbaf4f8-d0f1-4ba9-b0d7-ebb33f41b4c6,Tamil Nadu,Android,Home,3,Helpful,104,0
5e6f797c-1695-46fa-a950-36e002a735ac,Uttar Pradesh,Android,Home,5,Great UI,332,0
438e9766-9f4e-454c-bc62-fffa4c7b7551,Tamil Nadu,Android,Search,4,Confusing,583,0
dcb32e88-3ce5-408f-941f-28f88dd5502b,Maharashtra,iOS,Home,1,Easy to Use,278,0
9ea51a1f-cf31-441a-966b-dd9cd015839a,Karnataka,Android,Home,5,Crash,123,1
7f98013e-37af-4cd1-9d0c-6a6ef8ccf2e5,Uttar Pradesh,Android,Search,1,Feature-Rich,97,0
87181b5c-f775-46eb-8b1f-e9d5726baac3,Maharashtra,Android,Search,1,Helpful,12,0
9027f0e7-4657-4dc2-aa8a-8168d9cdf4f1,Tamil Nadu,Android,Notifications,3,Confusing,11,0
f498c791-6e8a-4388-bf3b-eeb6913781ac,Delhi,Android,Settings,4,Crash,313,0
53e286a0-6fdb-4145-b132-b038a31e8e87,Uttar Pradesh,iOS,Notifications,2,Crash,32,0
aff4e6fe-c52e-467f-bce8-de5b46efffa7,Delhi,iOS,Settings,3,Feature-Rich,495,0
7b9ade60-c7b6-4009-879d-546babcb7eb0,Maharashtra,iOS,Search,4,Buggy,65,0
598794b3-02b1-4add-a427-ccc7da255ddb,Delhi,Android,Profile,2,Helpful,281,0
7f6cb15c-30e9-47b6-9913-75170dd2af6f,Uttar Pradesh,iOS,Home,5,Easy to Use,262,0
b73d66b1-d5e1-4554-b0f6-f280e66e595f,Maharashtra,iOS,Notifications,3,Crash,200,0
3e4dc8cf-d0a8-4db6-862d-5492b6b05917,Tamil Nadu,iOS,Home,1,Confusing,27,0
a14955bd-cb07-48f5-ada7-767aa0ac9fee,Tamil Nadu,iOS,Search,2,Crash,579,0
34abcf17-b852-4de9-a96a-d4c8e70efc9a,Tamil Nadu,iOS,Profile,1,Slow Loading,93,0
305a5169-455e-4805-b127-e314ddb58f5e,Uttar Pradesh,iOS,Search,3,Confusing,106,0
d58c2342-3c4b-4d53-bde0-38d4cea78d3a,Maharashtra,iOS,Home,4,Buggy,31,0
45e8117f-cea5-4fb4-b06f-357d017a10aa,Tamil Nadu,iOS,Notifications,4,Helpful,317,0
d36e58a8-f0c3-4043-89f0-cc63180f44a7,Tamil Nadu,iOS,Notifications,3,Crash,488,0
f0b59e1a-a4fa-46ab-b91c-ee8df2d7b61a,Maharashtra,iOS,Home,1,Slow Loading,476,0
1cfee08e-493b-42eb-8837-32b5b9f5cb8d,Karnataka,Android,Settings,4,Easy to Use,502,0
a5f27527-a301-4588-b3d0-b7b7ec7504d1,Delhi,Android,Profile,1,Helpful,550,0
71d05f41-17d7-474c-a220-c5dedd0e3530,Karnataka,iOS,Home,5,Confusing,63,1
dd7cd802-cfb1-41dd-bbdc-0cd73cba9d3e,Delhi,Android,Profile,1,Buggy,303,0
e504fc8d-8cdf-45cd-bc52-f5a89d60bbe0,Delhi,iOS,Notifications,4,Helpful,296,0
9d2fb196-0576-43ed-8244-3f95332025c1,Maharashtra,iOS,Notifications,4,Feature-Rich,393,1
28c978c0-5149-4160-834a-7c553a165c1a,Maharashtra,Android,Settings,1,Easy to Use,249,0
771a992f-97d4-4a47-9941-4c3701da82c4,Karnataka,Android,Search,5,Great UI,403,0
13d91cd9-df37-49fb-a852-018adff890bc,Delhi,Android,Settings,1,Helpful,477,0
bcbec72a-94a4-4c7a-a584-5f7547521037,Tamil Nadu,Android,Notifications,3,Confusing,168,0
1351ace8-fa56-4151-9969-8770c28f37dc,Tamil Nadu,Android,Profile,5,Feature-Rich,548,0
be9f09bd-5b35-4544-9963-db36063d3959,Delhi,Android,Notifications,2,Helpful,407,0
38cccc4b-61a5-4e18-a966-b20e411d78a9,Karnataka,iOS,Home,2,Buggy,600,0
25b1c1f2-ba61-4764-9601-61d32b2ed428,Karnataka,iOS,Notifications,4,Helpful,44,0
3d285cf8-fea8-4e89-92bd-91625b5154b9,Delhi,iOS,Notifications,1,Helpful,244,0
032a383f-1881-4231-b34f-3ea3945ad4ee,Tamil Nadu,Android,Home,1,Confusing,149,0
c9b4dd6d-ce43-4fc5-9226-2b8614875ec2,Tamil Nadu,Android,Search,3,Confusing,319,0
9cfbc239-4cb9-446b-bdcf-8db4c72eed95,Uttar Pradesh,iOS,Home,1,Buggy,345,0
8d24c3c4-f3c5-47a9-a949-8bd0a7c68b11,Karnataka,Android,Notifications,2,Buggy,145,0
dc7817a8-5044-4b7b-ae49-c9fc1c15f1c7,Karnataka,iOS,Settings,5,Great UI,380,0
8ee54588-44ec-48da-b043-ba68a70eb595,Uttar Pradesh,Android,Search,1,Great UI,408,1
3c610ce9-a9fd-4209-af53-7d4094cfee6e,Karnataka,Android,Home,1,Slow Loading,95,0
5a3bf9b4-03a2-48a7-b4e4-574531c72655,Tamil Nadu,Android,Settings,1,Helpful,207,0
45e311d0-af40-479c-bb01-24408777a0ff,Delhi,Android,Profile,1,Easy to Use,11,0
cacdd707-931c-4986-8c98-f5bcc7b53c27,Uttar Pradesh,Android,Profile,5,Buggy,394,0
d0eee86d-3927-4ad4-863f-71902e306826,Uttar Pradesh,Android,Notifications,4,Helpful,140,0
410afda1-79ff-47e8-ac91-3a542bc59e22,Maharashtra,Android,Home,3,Buggy,551,0
031d5464-ae91-4a36-8a65-648c7620baab,Tamil Nadu,Android,Settings,3,Feature-Rich,439,0
761f3763-0666-486b-a4d9-d5606df84a78,Maharashtra,Android,Home,5,Great UI,153,0
dd0ccfb5-21ce-40d9-8b4c-0a80241a4201,Maharashtra,Android,Notifications,4,Buggy,134,0
f14900ad-ff5d-4b71-808b-86e62a58b372,Karnataka,Android,Home,2,Easy to Use,433,0
ab90930d-a908-4bcb-b4e1-a3f9b8e56c1f,Karnataka,iOS,Notifications,2,Confusing,528,0
554fa86b-8dcd-4a69-815e-7138d23656aa,Uttar Pradesh,Android,Settings,4,Confusing,290,0
33acf2c5-8e85-4005-8015-6503a5aeab71,Maharashtra,Android,Profile,5,Crash,595,0
72e36b6d-0c08-4a97-9c7f-58d053206bc9,Maharashtra,iOS,Profile,5,Great UI,421,0
46a0a94a-6b15-4174-be29-493eef20bc09,Karnataka,Android,Settings,5,Easy to Use,482,0
24ad05b7-1e0e-4c5f-840e-0602bc2614cd,Uttar Pradesh,iOS,Profile,2,Feature-Rich,199,1
3abdaf73-be80-4712-bdb6-4c90ee8e3f83,Tamil Nadu,iOS,Search,3,Buggy,264,0
4db2fcd3-e816-43f6-8fa5-050e9945cc04,Tamil Nadu,iOS,Notifications,1,Crash,86,0
ef058eb3-51ce-4d91-b562-5859961aabe7,Maharashtra,Android,Home,4,Buggy,34,0
1dc713ff-0510-486a-949f-3f1535e10db8,Uttar Pradesh,Android,Search,5,Helpful,500,0
b3b2dbc2-5bf1-4c1d-b661-eb767a3ae758,Delhi,iOS,Search,5,Slow Loading,407,0
30b399c0-193f-4e89-8b83-6a9a31e20390,Maharashtra,iOS,Notifications,4,Slow Loading,185,1
a3254552-f705-4e2c-b0cf-06d7dfab6320,Uttar Pradesh,Android,Profile,1,Buggy,409,1
6f171523-dc09-4392-9acd-25092d840a68,Tamil Nadu,Android,Home,4,Great UI,416,0
bd3795d5-dd0c-4455-94be-ff393a41ee49,Karnataka,Android,Profile,2,Feature-Rich,530,0
8546993c-9156-4f11-8248-72fa3035ba63,Uttar Pradesh,Android,Profile,5,Feature-Rich,362,0
14b88ace-b76c-4248-ae3f-0864a18ce900,Uttar Pradesh,iOS,Settings,2,Helpful,594,0
7463f830-ea6f-4da5-a309-4c3d4ba5cf49,Delhi,iOS,Notifications,3,Feature-Rich,79,0
d9ac00e4-15ed-4cda-bb5f-9af271cab1e9,Maharashtra,iOS,Settings,3,Crash,85,0
a826eb68-83ad-43d3-8121-89a1f6a32d16,Maharashtra,iOS,Settings,1,Easy to Use,550,0
fb670a92-9786-4aa7-8f97-25e241daa54e,Delhi,iOS,Settings,4,Crash,115,0
84ecfc21-4bf0-4a87-9a09-b8b1c622659a,Uttar Pradesh,iOS,Profile,2,Easy to Use,41,0
b500a692-9139-45a1-9370-ef67ad4fa9d5,Uttar Pradesh,Android,Search,4,Easy to Use,42,0
016f4bc3-d209-4974-8114-40da6ca1ae01,Uttar Pradesh,Android,Notifications,2,Buggy,582,0
51804ec7-7460-4f23-bfd8-932f881751b1,Tamil Nadu,Android,Profile,1,Slow Loading,493,0
0b5c1fff-4ee4-4641-9550-b1e092a1267c,Uttar Pradesh,Android,Home,2,Helpful,245,0
cd8a6b63-58c4-4983-a7fc-3f6c320dc73a,Delhi,iOS,Notifications,3,Great UI,198,0
2d79c868-42a1-4ace-b829-be7c565084fb,Maharashtra,Android,Home,5,Helpful,33,0
255f7081-b664-48db-b8f1-1157d8f3a48f,Maharashtra,iOS,Search,1,Confusing,174,0
9440b13d-bbaa-4ca4-bc14-3642c5f402bf,Tamil Nadu,Android,Settings,3,Crash,170,0
35aa8552-5ec5-4e1a-bef0-c9cb756bf54b,Delhi,iOS,Search,1,Slow Loading,28,1
adc680d4-3185-494a-bf3e-16a8f593ad46,Karnataka,Android,Notifications,1,Buggy,560,0
91e3487e-9626-4d76-a075-fec7edc8d34b,Maharashtra,Android,Settings,2,Easy to Use,58,0
db60f235-2108-4e8e-8a42-d4ddfd6d7469,Tamil Nadu,Android,Settings,2,Great UI,256,0
ed9b2a87-3543-45f5-bb68-26f8709f387d,Maharashtra,Android,Home,2,Buggy,155,0
cc55713d-7618-4ab0-ac0c-26ea61cc7047,Delhi,Android,Settings,3,Easy to Use,598,0
0a1e841b-8f11-4d54-a9fd-c0b171ada890,Tamil Nadu,Android,Notifications,1,Crash,435,0
fc26e29b-4002-434f-abc2-f93f26806989,Maharashtra,Android,Settings,4,Confusing,581,0
02595ff4-3637-4d53-8566-967bae2d2b54,Delhi,Android,Profile,2,Slow Loading,270,0
ab08699c-4abc-49a9-90dc-fc640a4c8c4e,Delhi,Android,Home,4,Crash,456,0
66d4f792-f1bd-458f-89b7-1cfea3fc205a,Uttar Pradesh,iOS,Home,1,Buggy,307,0
88c85a4f-9f26-4474-8bb0-c333d2ec103d,Delhi,Android,Home,3,Crash,511,0
4b9d3c1e-495e-4140-8965-7e3d2407fa27,Maharashtra,iOS,Profile,5,Slow Loading,142,0
e5786d5b-e65c-4ca0-a519-b678dd1faa83,Karnataka,iOS,Home,3,Slow Loading,427,0
0c0680f6-7bf5-4e33-9e5e-ffca3e9b4f33,Tamil Nadu,Android,Profile,1,Feature-Rich,176,0
2f8cd690-ce71-415a-bea6-e84d7139208e,Delhi,Android,Profile,2,Great UI,575,1
908532f9-f15d-437d-a732-9d14716c7ed5,Delhi,Android,Settings,4,Buggy,250,0
c223b947-56aa-4d51-8c1a-02b8607f6ec1,Delhi,Android,Search,4,Confusing,188,1
93ebfbe4-6ac5-4d37-b143-b6aacdcb845a,Maharashtra,iOS,Home,1,Crash,128,1
652c6c6f-8ec0-44a6-b339-ccf381963348,Maharashtra,iOS,Search,5,Confusing,195,0
eb2f799c-b707-4a7b-bfb7-765243046429,Uttar Pradesh,Android,Settings,1,Easy to Use,94,1
b3e5abe2-6a93-40cd-9166-417396357063,Delhi,Android,Profile,1,Buggy,377,0
8c4e30e8-83e3-453f-91b0-dfc77ad75e9f,Uttar Pradesh,Android,Notifications,4,Crash,566,0
0e168edc-579a-45b1-b7ad-81d0f6088218,Delhi,Android,Profile,5,Easy to Use,386,1
319cb0fd-6bc5-4870-bea0-505b3b71a0f7,Delhi,iOS,Search,5,Great UI,56,0
3690c350-1325-4ae9-a9f4-569f74db5675,Delhi,iOS,Settings,3,Helpful,517,0
050e53a6-b4f6-4a66-88db-39a668cb60cf,Karnataka,Android,Profile,4,Easy to Use,28,0
1200005f-7f22-41e0-9f65-383930019a5f,Delhi,iOS,Settings,2,Helpful,266,0
b9bb9290-8b44-463a-9f1b-f05710bdf1d9,Karnataka,Android,Settings,1,Feature-Rich,553,0
1de6d6a9-87fe-4f6c-9fdf-1cccefa0186f,Karnataka,Android,Search,2,Great UI,129,0
c584ee83-7625-463f-aac2-a73c31f10227,Maharashtra,iOS,Notifications,5,Confusing,72,0
2dc01b86-eb95-4a87-8a32-5530384e1736,Uttar Pradesh,Android,Search,4,Confusing,82,0
215dc20c-252c-421f-90de-5f07283d8c83,Uttar Pradesh,Android,Home,4,Buggy,409,1
3930ac15-d155-43eb-9b6e-f8fc37778067,Karnataka,Android,Notifications,5,Helpful,139,0
8e899c19-e501-41d1-bc72-98b6adc12a6f,Delhi,iOS,Home,2,Easy to Use,543,0
8315a545-a6be-4ea7-bcf9-af69d7fb9e7d,Uttar Pradesh,iOS,Profile,5,Feature-Rich,584,0
808f7c71-b8d3-48d0-b742-b84aceab81bd,Uttar Pradesh,iOS,Notifications,1,Buggy,250,1
2755bdc9-7d5b-4202-ba9c-07f1a8d58b10,Tamil Nadu,iOS,Profile,1,Slow Loading,14,0
e7a6e35c-ed12-4bc0-917b-b05822021f4b,Tamil Nadu,iOS,Notifications,5,Buggy,293,0
61992b58-cc93-4d67-a619-63498dd67e54,Delhi,iOS,Search,1,Slow Loading,472,0
3cc7d254-214a-4eaf-97d4-db161feea881,Maharashtra,iOS,Profile,4,Feature-Rich,301,0
3be6ff54-e72a-407f-95f9-e7ec2326afcf,Delhi,iOS,Search,5,Crash,410,0
5e446679-b6aa-494d-a826-8c2deef272c2,Delhi,Android,Search,5,Easy to Use,538,0
2e20edc2-ab69-4bbc-a543-9418be9340a7,Uttar Pradesh,Android,Settings,5,Confusing,382,0
53429053-ec31-4636-8930-d577c76f7b4a,Delhi,iOS,Notifications,2,Helpful,347,0
a1da86de-9848-4dc4-a7f8-cd3238aea5b5,Uttar Pradesh,Android,Settings,4,Buggy,233,1
91002a40-5e93-4945-b3a3-89f1096820a7,Karnataka,iOS,Profile,1,Helpful,110,0
6a8fe415-a6c6-43e7-a925-c0986bae6a12,Tamil Nadu,iOS,Settings,1,Easy to Use,333,0
b661792e-3745-46d3-bbad-9d913ce2baad,Karnataka,iOS,Notifications,5,Easy to Use,407,0
7840eab0-bfe1-436a-9377-ea0c8859169d,Maharashtra,Android,Profile,5,Feature-Rich,299,0
d28afbaa-7c99-4bf5-9ec3-2bbb008f1f48,Maharashtra,iOS,Notifications,5,Feature-Rich,143,1
e71221ea-a4a6-4ff5-854d-191b6c4655f4,Delhi,Android,Profile,2,Crash,151,1
941b6e0c-a814-4714-aece-81c1eaf85c2d,Tamil Nadu,iOS,Profile,2,Helpful,253,0
303bda0f-eaa7-46cf-8a07-a1f194fe8620,Delhi,Android,Search,5,Helpful,169,0
d7db8446-25f5-4c83-ae54-31a84cf122b5,Karnataka,Android,Profile,2,Easy to Use,284,0
0bf16527-a9d5-4928-8e9d-69a816bf51b4,Karnataka,iOS,Settings,5,Feature-Rich,44,0
fc1acb1e-e0a3-410c-845e-9525dbb8c5e4,Delhi,iOS,Search,3,Helpful,52,1
e2caef06-5ab0-4adb-bcde-48cd30d53e6c,Maharashtra,Android,Home,4,Crash,491,0
edf83221-b1b3-4279-9d80-122ac35c8c04,Maharashtra,iOS,Search,3,Feature-Rich,587,0
a14305ca-fe13-4635-90aa-cacd60c446ee,Tamil Nadu,iOS,Home,2,Crash,574,0
34c7d127-7870-44db-8c4c-68987c258ea4,Uttar Pradesh,Android,Profile,4,Slow Loading,438,0
6b8fe81d-dc03-4e3c-a2d6-031c90cd25ce,Tamil Nadu,iOS,Home,2,Great UI,163,1
c56f549f-edba-40f0-9e2d-5c36851365ce,Uttar Pradesh,Android,Home,3,Confusing,313,0
4b703988-7cdc-4e61-a5ab-e7ab005247da,Uttar Pradesh,iOS,Profile,1,Buggy,389,0
ac722f3b-73e1-4eca-8df9-0dcfad7abc6e,Delhi,iOS,Home,2,Confusing,227,0
17e65b20-6432-45c2-a4c5-f97f1d4766a5,Tamil Nadu,Android,Settings,4,Helpful,561,0
eb1ed87d-48c4-4b12-af47-257f37e82e7a,Delhi,Android,Profile,2,Helpful,429,0
b520b860-edfe-4084-9b30-7cc2eda98ab0,Maharashtra,Android,Search,4,Slow Loading,39,0
e1eddfe3-6532-4c30-ba90-d84630a7a351,Maharashtra,iOS,Notifications,4,Great UI,444,0
7e1bdf5a-393e-4059-8e71-e3f38f14a4ec,Uttar Pradesh,Android,Profile,2,Great UI,73,0
0dacbeba-9731-4f6e-9639-0dab90592b45,Delhi,iOS,Home,4,Crash,478,0
53feb034-9c93-472f-b5f9-8debf3677b8e,Karnataka,iOS,Settings,1,Crash,358,0
e139744b-5f83-49b1-9b1e-2e8bb10451e6,Maharashtra,Android,Home,2,Easy to Use,268,0
858bd55b-af41-43bb-b6ed-53b7283a40c5,Karnataka,iOS,Settings,5,Helpful,177,1
d1e3ba36-946d-4e56-b147-7d6ceceb7275,Tamil Nadu,Android,Home,5,Easy to Use,253,0
d1d1b956-8c09-49ce-b067-6c8d7e34ab01,Maharashtra,Android,Notifications,2,Confusing,160,0
ddbac524-d401-437f-b582-39545ff71243,Delhi,Android,Home,4,Crash,173,0
78b4a4af-8add-4a8c-9624-9e2e0c3a2567,Tamil Nadu,Android,Home,5,Great UI,158,0
417991b5-6a17-4453-b95e-fc25968814c8,Tamil Nadu,iOS,Search,2,Helpful,65,0
891b176c-f203-49c5-80a0-334d3e27e147,Uttar Pradesh,iOS,Settings,5,Helpful,180,0
ed5ed65c-0792-496f-86ba-c825b58425e6,Maharashtra,Android,Settings,2,Great UI,172,0
5a1bafcb-fb56-4a2a-95ee-5663db09df42,Uttar Pradesh,Android,Home,2,Confusing,600,0
4b6907cf-bb97-4319-9a37-163719a04a7a,Delhi,iOS,Settings,4,Feature-Rich,525,0
51dab649-409d-4648-863b-2a6e1dab3275,Maharashtra,iOS,Settings,4,Slow Loading,591,0
f23d6efd-1b80-429f-a15c-570717207c06,Karnataka,iOS,Search,4,Great UI,273,1
0f3e212a-4c46-496c-9bac-538f7fc9e843,Delhi,Android,Search,4,Easy to Use,473,0
65d521b3-83b0-4c4a-96a8-ff66b63b4cab,Delhi,iOS,Settings,5,Buggy,24,0
591105c3-c808-4e07-a66e-c3e369479c58,Uttar Pradesh,iOS,Settings,3,Helpful,489,0
59815349-4b1f-4506-a436-d43c4a2f977e,Karnataka,iOS,Home,2,Helpful,166,0
53db6995-923a-47c2-b02f-26a8653afcfe,Maharashtra,iOS,Notifications,1,Great UI,534,0
accb24ed-734d-48bc-8314-f7521e52435d,Maharashtra,iOS,Home,4,Buggy,132,0
9bf3b805-9dc8-4ed0-bb8c-1f12cbb3e790,Karnataka,iOS,Profile,4,Crash,538,1
799af16a-77f8-493c-86f3-95fafc057265,Karnataka,iOS,Settings,4,Slow Loading,216,0
167d682d-9161-47ba-bbeb-b7aea942104c,Tamil Nadu,iOS,Search,4,Feature-Rich,75,0
cffcaacc-2ce5-46b7-98b9-41f038cdbac9,Uttar Pradesh,Android,Home,2,Buggy,146,0
26406f1e-28d2-4a50-9f0e-c655d343c9c3,Delhi,Android,Search,3,Crash,418,0
042246c2-c531-4dd6-9f9e-ba49f21c8e60,Karnataka,Android,Notifications,5,Buggy,579,0
fbd7d4fb-a422-48b7-8a8a-940a292c3aca,Tamil Nadu,Android,Home,4,Slow Loading,536,0
98c3d85b-cae0-44b2-a841-73b46380262b,Tamil Nadu,iOS,Home,3,Great UI,50,0
4f190801-be58-48d1-b839-dd14121f37b4,Karnataka,Android,Settings,3,Slow Loading,301,0
5e9971b8-be3a-47ea-a066-54271a62f552,Tamil Nadu,iOS,Settings,5,Confusing,473,0
ba9fe8e0-134a-45a8-8266-bef3736efc63,Delhi,iOS,Home,1,Feature-Rich,78,0
ee63cf0d-43df-446b-8943-c796128489d7,Uttar Pradesh,Android,Home,4,Slow Loading,118,0
dc78ca9f-3420-4396-8758-d0e599ea1e65,Delhi,Android,Profile,1,Feature-Rich,59,0
cde7adda-2e7b-406a-9af2-6c8362fafc65,Delhi,iOS,Profile,2,Great UI,43,0
9d30ba2c-e7ee-4453-8a52-523db4e6e31f,Maharashtra,iOS,Search,5,Helpful,285,0
e162aac4-ebcb-49df-b443-b806113565ab,Delhi,Android,Notifications,4,Feature-Rich,472,0
4994fe78-7e4f-48ee-a7f0-f71e6418b9af,Delhi,Android,Search,2,Confusing,274,0
cc59cdf3-778d-4402-a33e-82a46296734d,Maharashtra,Android,Search,1,Confusing,301,0
2b5fad34-1474-4e07-959f-156eb19135b0,Maharashtra,iOS,Search,1,Feature-Rich,105,1
14d714c4-1a96-44d7-8a74-3dfa56bbceaf,Maharashtra,Android,Settings,5,Easy to Use,464,0
9440dfed-b1a4-4f10-abf4-a9204e9c5fdd,Tamil Nadu,iOS,Settings,5,Crash,395,0
cfc3a98a-ab6d-4e43-8f17-17336d2454ac,Karnataka,iOS,Search,4,Crash,478,0
47083d33-7699-48b8-ba5f-d61ff2aa28d9,Karnataka,iOS,Notifications,3,Confusing,538,0
24ab3b1b-0683-4bcf-87d8-6ab4fe144d81,Delhi,iOS,Notifications,5,Slow Loading,537,0
bd93341c-a38e-4ee4-a5ff-13da24923e1b,Delhi,iOS,Profile,3,Slow Loading,374,0
3e45022e-2dc0-4e1b-b88a-fe289fae5746,Delhi,iOS,Home,5,Confusing,224,0
5e094b27-59b3-442e-a74a-7ef29d216cfd,Delhi,Android,Search,2,Helpful,121,0
9fbb9501-cece-4919-9b88-d8f8006486f0,Karnataka,Android,Home,5,Feature-Rich,82,1
06b5ca7f-1b0c-4cdd-840e-347dc3bac9d7,Delhi,iOS,Settings,5,Feature-Rich,237,0
4b438e00-edf8-4b81-b8e2-f0608eeea5fc,Karnataka,Android,Search,5,Confusing,130,0
f2b0b340-57ba-4ab1-abd1-59cd5bb5d4e4,Maharashtra,Android,Settings,2,Buggy,554,0
5fd2883e-5118-480e-b5b1-78a226fa5fba,Karnataka,Android,Profile,4,Buggy,168,0
c86fc782-40a2-4ee0-8786-8df2b65cc892,Tamil Nadu,Android,Home,3,Feature-Rich,313,0
bc0770c2-1be1-422b-9e44-75f6b45782bb,Maharashtra,iOS,Notifications,1,Great UI,75,0
aaa0d05b-9d26-436e-85f5-77d29adbe77f,Delhi,iOS,Search,5,Buggy,467,0
d81cf4ce-214e-4972-9c9a-c1b4370b128d,Karnataka,iOS,Profile,5,Easy to Use,476,1
255c0b8d-1aa5-49e4-a4b9-2381f8575747,Tamil Nadu,iOS,Settings,2,Crash,278,0
e7961b82-2fcc-4ce6-985f-b3876eaa603c,Tamil Nadu,Android,Settings,3,Slow Loading,287,0
23a25183-126a-437c-921f-ce152cd2ed5f,Maharashtra,Android,Settings,4,Confusing,525,0
c04315bd-7789-4d2a-9652-c92e7f4b02cd,Uttar Pradesh,iOS,Notifications,5,Helpful,491,0
ccf38da0-d68a-48a2-becd-c410cc47fca5,Delhi,iOS,Notifications,3,Helpful,311,1
6be50a64-060d-4c06-8c37-1918ce090fa8,Maharashtra,iOS,Home,1,Great UI,228,0
8e8d7aba-a92b-4756-a05b-6b194b398449,Karnataka,iOS,Notifications,4,Great UI,474,0
8040a11a-2c52-47af-b657-f496841dd860,Karnataka,Android,Search,4,Easy to Use,538,0
a0f5cf98-8d6b-4976-a25b-061e0940a4f2,Karnataka,Android,Search,5,Buggy,311,0
3d50ad6e-ed3b-4c73-86c1-a1c5e6d1d826,Maharashtra,iOS,Search,4,Crash,81,1
87a387c4-f209-4736-93fe-819765329d33,Tamil Nadu,iOS,Profile,2,Easy to Use,73,1
91e5dde6-9e60-4991-aec5-b7f8f3ad06c8,Tamil Nadu,Android,Settings,3,Buggy,540,0
6d001f3a-2619-4260-bd38-59b31325d12e,Delhi,Android,Home,4,Slow Loading,144,0
0b53b9ad-92d7-4fc6-9966-cc3d680cac21,Tamil Nadu,iOS,Profile,2,Slow Loading,228,0
acf811b7-5fba-45a3-b9b8-46b3bbf7add0,Maharashtra,iOS,Home,5,Confusing,175,0
b3e3cb0d-f870-4309-bf9e-b693f45b9147,Tamil Nadu,iOS,Settings,2,Crash,117,0
796c8a5f-8ac3-45ab-bcd5-f0c56e5176e7,Karnataka,Android,Notifications,1,Helpful,567,0
581ce364-6dae-426b-b0e4-24ac827021b6,Uttar Pradesh,iOS,Notifications,1,Confusing,436,0
86ec07de-0ca5-4bb9-b6f5-6fe04633bd40,Delhi,iOS,Notifications,5,Feature-Rich,535,0
ad974125-f8b8-49a8-85a5-494f66a26c81,Maharashtra,iOS,Settings,3,Buggy,91,0
dacd030c-4dcb-46a0-b27c-cd44216e1415,Karnataka,Android,Notifications,5,Great UI,356,0
99fa0c87-be2d-401b-a23d-901aec6a0bf6,Maharashtra,iOS,Settings,5,Slow Loading,333,0
387b3591-3214-470c-bf9b-485fa2048148,Uttar Pradesh,iOS,Settings,5,Buggy,189,0
d137e194-0559-4d3e-b60d-83bc0c01f878,Maharashtra,iOS,Settings,1,Feature-Rich,167,0
97cca435-f958-41f1-b3bb-df9c900c2487,Karnataka,Android,Profile,5,Helpful,103,0
a445aa81-d107-4e8f-8261-eeec790b3514,Maharashtra,Android,Profile,1,Easy to Use,452,1
3d062f10-4e74-4d05-9b95-fb85e1ef586e,Uttar Pradesh,iOS,Search,2,Helpful,502,0
660a4e28-2108-4e6e-b2cf-02649837a299,Maharashtra,iOS,Notifications,3,Great UI,492,0
1b9b30d4-c3da-4dcb-9adc-681a181032c3,Tamil Nadu,iOS,Home,2,Great UI,16,0
e44b0a49-69f5-4cef-ba78-35cc4d2cb6aa,Tamil Nadu,iOS,Notifications,2,Buggy,458,1
f13b51e3-62f9-4232-b437-327599221f05,Karnataka,iOS,Profile,5,Easy to Use,237,0
0e6c67f4-3bb5-4f29-ad11-bec842104103,Delhi,iOS,Settings,2,Feature-Rich,445,0
a56197ea-e255-427f-aee5-180a21cb9fd2,Maharashtra,iOS,Settings,1,Slow Loading,270,0
dc03eac1-1415-4834-b712-864821aeedc9,Delhi,iOS,Notifications,4,Easy to Use,72,1
1c740f86-5742-472e-a90a-b7adc749e010,Tamil Nadu,Android,Profile,2,Feature-Rich,468,1
27e2a503-7235-42ea-a160-6eb899785f59,Karnataka,iOS,Profile,3,Slow Loading,166,0
2f633ede-bbbf-463a-9884-c0220eec53c3,Delhi,iOS,Settings,5,Easy to Use,470,0
eeb7026b-63e2-43d4-8116-479e8c3403b7,Tamil Nadu,Android,Search,1,Crash,435,0
a0443cd7-e088-42e8-8207-682a9ba93121,Uttar Pradesh,Android,Search,5,Confusing,302,0
f4b4d5ef-2cc1-4749-9890-31ce553d6386,Tamil Nadu,Android,Notifications,4,Feature-Rich,399,0
2166f430-2e23-4e4e-b798-0b0a86f903f6,Delhi,iOS,Notifications,3,Confusing,521,0
fb38cec9-1c3f-4387-a4fe-5e0da3550c3a,Maharashtra,Android,Profile,5,Crash,176,0
6d52aa2d-f976-4f65-b70e-a600cb6b617a,Uttar Pradesh,iOS,Search,5,Helpful,458,0
53bac88a-3cce-4ff9-9f22-43310c4047bf,Tamil Nadu,Android,Profile,5,Buggy,330,0
c64d166b-0b03-4288-a5ea-03f6679d851e,Uttar Pradesh,iOS,Profile,4,Buggy,42,0
3974f01f-977a-4483-aa6a-5388996da7db,Karnataka,iOS,Profile,1,Crash,141,1
3ef302d4-5d08-4a93-b2dc-b42895e57565,Karnataka,Android,Profile,5,Slow Loading,130,0
dea104de-7103-4aea-8ba8-7aeb83aa537e,Uttar Pradesh,iOS,Home,4,Great UI,567,0
1c8f2927-d63c-44f2-9364-c531e7a6efe4,Delhi,iOS,Notifications,5,Slow Loading,338,0
930aa4bb-7078-46ee-8ce4-cb338eb50285,Uttar Pradesh,Android,Home,5,Slow Loading,129,0
de998873-64cd-42ae-823b-ed050e1e6a83,Maharashtra,Android,Settings,3,Easy to Use,343,0
63a875a3-e6e4-4621-8635-c0b8b9cc9d16,Karnataka,Android,Settings,4,Great UI,533,0
4b09dd5b-b36f-41fd-9c87-2bcb071196d7,Karnataka,iOS,Settings,3,Confusing,386,0
db6f995d-0bff-4dab-8cdf-41b605371b2e,Uttar Pradesh,iOS,Search,4,Feature-Rich,591,0
fa015f77-6e40-4e29-b2fe-8235a84bbbcd,Uttar Pradesh,iOS,Search,1,Feature-Rich,341,0
9ce113d1-e39e-4226-afb9-40a490b95e00,Maharashtra,iOS,Profile,5,Crash,463,0
2fdb3096-0a79-47f8-aee2-90c4eb85c6ca,Uttar Pradesh,iOS,Search,1,Easy to Use,363,1
251b22d3-e956-4b70-a7f8-c94f23a8a5cd,Delhi,Android,Search,2,Slow Loading,474,0
14e385f7-50e1-4ab7-b4ed-59a7bef1a638,Uttar Pradesh,Android,Home,4,Feature-Rich,108,0
ef60965c-ed22-4552-8d3f-fcf2997a1e43,Uttar Pradesh,Android,Home,3,Feature-Rich,513,0
70d7e48e-1cde-4761-9f33-57b56c716c31,Delhi,iOS,Profile,1,Easy to Use,51,0
8ef36082-2bac-40d3-9aa4-ce4af83c8c34,Maharashtra,iOS,Settings,5,Buggy,484,0
ae8c586b-cede-430f-92ea-6760f9f4a7f2,Uttar Pradesh,Android,Search,1,Easy to Use,381,0
842a4d6c-4b10-4d89-a62a-31d7b5b25536,Maharashtra,Android,Home,2,Buggy,302,0
5a7f99bf-4e4d-4510-9585-5a5e125e207f,Maharashtra,Android,Settings,2,Buggy,32,0
4d824b20-44f3-4979-8183-f83ef62e054e,Karnataka,Android,Home,5,Slow Loading,380,0
8bdbfdac-0c48-4b6f-ba01-fa17815f1440,Maharashtra,iOS,Settings,5,Feature-Rich,591,0
6f53b26e-c878-4161-a6a6-7616713d97ed,Karnataka,iOS,Settings,5,Buggy,100,0
af34f517-4c64-4e99-b1db-559e0d25eeee,Maharashtra,Android,Search,3,Confusing,18,0
147ea13e-655f-4f96-95be-1dfe8c883a6e,Uttar Pradesh,Android,Home,2,Buggy,248,0
6059e204-50a6-4b8f-be6a-c03acfde0c5a,Uttar Pradesh,iOS,Settings,1,Easy to Use,229,0
12d87fa6-73fa-4683-8c16-cafb840a2bcd,Uttar Pradesh,iOS,Profile,4,Confusing,569,0
5d50db2f-b183-4830-b70a-3cad7d9520b5,Maharashtra,iOS,Profile,3,Great UI,128,0
a3f01999-2e9a-486a-b43a-0d4175b62089,Maharashtra,Android,Profile,5,Crash,218,0
3f357a76-fef4-40c3-a87a-9e3c1e114477,Maharashtra,Android,Home,3,Buggy,583,0
13c155e5-b1f9-4852-88f1-88d5f2070d59,Uttar Pradesh,Android,Notifications,5,Crash,398,0
6905cccc-d41f-4d9c-a504-ee6c83be44a8,Delhi,iOS,Profile,2,Crash,596,0
9bb159cc-5798-4782-bc13-a7d7e5c66597,Uttar Pradesh,Android,Notifications,2,Crash,232,0
c9996cda-7dda-47df-8c2c-eb1b9718567b,Tamil Nadu,Android,Home,4,Great UI,249,0
e491fc6e-1d1b-4e04-8c04-3e21fcbf231a,Tamil Nadu,iOS,Home,3,Crash,505,0
439bf2a2-98ea-433d-bf08-208de5a10b73,Maharashtra,Android,Notifications,1,Helpful,307,0
4b890dfb-d58c-44e9-8164-f536583a84c5,Karnataka,Android,Profile,2,Great UI,33,0
12286952-1667-4800-8410-113008c669fd,Maharashtra,iOS,Search,5,Feature-Rich,450,0
bf3bf0de-3e7f-4b16-bcdb-9ed1e93f3238,Tamil Nadu,Android,Search,5,Helpful,410,0
ccb43eef-ae19-4e48-89ff-38bd44c29320,Tamil Nadu,iOS,Search,2,Feature-Rich,480,0
055a09db-3e2a-47b4-a097-85c3ff80c29d,Karnataka,iOS,Profile,1,Confusing,36,0
bac25d54-a5a3-4ce9-8df2-8e1578f36213,Tamil Nadu,Android,Home,1,Feature-Rich,460,1
2f0d60eb-850f-48c8-aba7-da2f19bf5332,Karnataka,Android,Notifications,5,Confusing,220,0
ebd82cc0-ceac-40c0-838d-5cf61e0819f4,Tamil Nadu,iOS,Home,1,Feature-Rich,297,0
797af30b-7bfd-4bc6-9106-4208f5b163da,Uttar Pradesh,iOS,Settings,5,Easy to Use,150,1
3ebf89e1-d796-4992-a62c-406d6bd3c4ec,Maharashtra,Android,Settings,1,Slow Loading,514,0
60b0334c-8d6a-4823-9d68-85eb17b4b5d5,Delhi,Android,Home,5,Helpful,77,0
966aa733-7155-4004-9b99-98e364b075a5,Karnataka,iOS,Profile,2,Great UI,231,0
b332c18c-ef8b-4537-b8ac-9e2edd567a4e,Karnataka,iOS,Search,5,Helpful,310,0
6e6d7d90-78fa-4cd4-8d00-0f8b239a63d3,Uttar Pradesh,Android,Notifications,2,Easy to Use,489,0
ea2a3567-6590-4536-8627-2a5b4ec03885,Karnataka,iOS,Profile,2,Feature-Rich,564,0
019b7cdb-4b04-4897-a7e8-34bebdc4e155,Maharashtra,iOS,Notifications,3,Buggy,374,0
7870c46e-ad94-40c0-a507-d3393607b5d5,Karnataka,Android,Notifications,1,Confusing,34,1
848654a1-f72f-4deb-bad8-3dfc8ea7856c,Delhi,Android,Profile,4,Helpful,565,0
1a3e944b-2315-465d-a3b4-6c0413091a53,Maharashtra,iOS,Profile,4,Easy to Use,158,1
a9fb14dd-4212-4b0c-9ff0-3aba3f445b6b,Uttar Pradesh,Android,Home,3,Easy to Use,431,0
f9155f29-a5d2-49ce-ad54-a0753b79cc3d,Delhi,iOS,Settings,4,Buggy,539,0
37c45dc3-dc82-4a77-aa37-7a6cf407ca15,Tamil Nadu,iOS,Home,4,Easy to Use,512,0
dc36ea96-cee1-4877-929a-38d884f27c7d,Maharashtra,Android,Settings,2,Crash,478,0
e8a0037a-0523-4c2f-a73c-7303a636fcc6,Maharashtra,iOS,Settings,4,Slow Loading,134,0
73a7c3fc-a3aa-4f4b-8fde-f93c2d20e5ba,Uttar Pradesh,iOS,Home,5,Crash,123,0
e21211b5-b102-41f8-82c7-8fd5e3223998,Delhi,iOS,Home,3,Helpful,192,0
e7144c47-6df2-49d5-8511-c032a5ff5404,Delhi,Android,Settings,1,Crash,434,0
772f5a12-08ed-4d67-8be3-33cb9ceb63b4,Karnataka,Android,Search,4,Slow Loading,213,0
83b9ae4d-acd3-47a1-96db-795ccf9fee41,Karnataka,Android,Notifications,5,Great UI,419,0
895a4449-12d1-46d4-8a26-7f2b782bfc4e,Karnataka,iOS,Search,3,Buggy,398,1
cf2e63e3-6da0-4555-8c3c-e5481f8ed8fd,Delhi,Android,Settings,5,Easy to Use,398,0
c27e81d3-eff9-43c8-a52e-dc34b316a27f,Delhi,Android,Settings,4,Crash,283,0
dec7f847-cf99-4d3f-b87b-21ce985ad6c2,Maharashtra,iOS,Search,3,Buggy,356,0
a7f2ace3-f325-4f6e-b44d-61011d37944e,Delhi,iOS,Settings,1,Slow Loading,246,1
b961f501-5ae5-4edc-9c72-4e40b3b20416,Karnataka,Android,Notifications,4,Great UI,165,0
32ebe42d-3189-49e5-8415-105d3fbe916e,Maharashtra,Android,Notifications,4,Helpful,283,0
1aba7f04-5580-4246-98c9-8dc4958e5fc2,Karnataka,iOS,Profile,4,Easy to Use,557,0
d1fa4a9c-ba4b-4e94-9b00-a45ecac69a8a,Karnataka,iOS,Settings,1,Easy to Use,274,0
afdee413-100e-45e4-a321-1387d83d63de,Uttar Pradesh,Android,Settings,3,Slow Loading,566,0
ecd83525-435d-4f8d-8a09-b4d7a4c85dd7,Maharashtra,iOS,Search,1,Easy to Use,291,0
fe081f49-6696-454a-b7e9-9998108a6df7,Delhi,iOS,Profile,4,Helpful,44,0
1965d4b3-c24d-47c3-a213-39b0c9d15b80,Tamil Nadu,Android,Settings,5,Feature-Rich,600,0
4fe5d75b-e6c4-43fb-87fe-f38cedafdcda,Karnataka,iOS,Profile,5,Feature-Rich,271,0
276aa4ce-e51a-423b-b60f-ca873e7ba023,Tamil Nadu,iOS,Notifications,3,Buggy,151,0
853e2003-3e5a-4760-a6b2-cee1a3cf7e4c,Tamil Nadu,iOS,Settings,2,Helpful,361,0
12e3e1f9-a466-49bf-808b-43fc71f4b2f1,Karnataka,Android,Home,4,Crash,467,0
1a462c4e-d645-4d3f-9601-acea87f6d6c6,Delhi,iOS,Notifications,3,Feature-Rich,198,0
436c266e-f6a8-4fd0-9caf-77356b767e2e,Karnataka,iOS,Profile,5,Easy to Use,176,0
16856419-eb41-4024-938a-60c9e0ee3acb,Uttar Pradesh,iOS,Home,1,Slow Loading,102,0
05a38ce9-1fc1-413f-a264-a2212ce37cc2,Tamil Nadu,Android,Profile,5,Buggy,355,0
1abadbf0-ae0e-447b-8596-a15590122345,Karnataka,Android,Home,3,Buggy,582,0
9d88f0c1-80ef-4fae-a386-c602e731b77c,Delhi,Android,Profile,3,Feature-Rich,163,0
3d4e3d26-0f3c-42d3-9a2a-f3a216253f32,Uttar Pradesh,Android,Profile,4,Great UI,557,0
82744f1a-8294-4c7c-bb62-47211a157b0b,Delhi,iOS,Settings,5,Crash,223,0
97b361cd-fcb5-4ddf-a1be-98103277b6cf,Maharashtra,iOS,Search,4,Buggy,477,1
f340433f-db74-40d9-84b1-169074219290,Tamil Nadu,Android,Home,3,Great UI,76,0
b9c54550-32ac-48dd-b7a1-5916056d5be1,Tamil Nadu,Android,Notifications,5,Buggy,84,1
5631f380-0171-413d-bac8-a6357da4970b,Karnataka,iOS,Notifications,1,Crash,436,0
2fb0ec6f-0970-4e75-92e0-949843eeb3f5,Delhi,iOS,Search,3,Confusing,93,1
e2f41156-6304-47ef-a236-2cb1dfb36fec,Uttar Pradesh,Android,Home,5,Helpful,381,0
f09e22ea-f5b3-4113-a5ab-82e82b1e62b7,Maharashtra,iOS,Settings,2,Feature-Rich,199,0
1ce04315-cb6f-4527-a403-f631d2adb040,Tamil Nadu,iOS,Notifications,4,Helpful,14,0
1abcf0e4-9e94-4450-b401-f476254cc11b,Uttar Pradesh,Android,Profile,3,Easy to Use,186,0
db6e19bb-61d5-47a8-afa6-6de8b3fb482a,Karnataka,Android,Home,5,Slow Loading,573,1
e4895a47-5595-484c-af14-22db2038049e,Maharashtra,iOS,Settings,5,Slow Loading,428,0
1f7e57ba-6fda-44f8-95cc-b9eb3cacf7bb,Tamil Nadu,Android,Profile,5,Confusing,379,1
0ecfa357-a2a3-4e51-9d8c-1b884301d7e2,Maharashtra,Android,Notifications,3,Helpful,74,0
78360067-cda4-4960-a504-6ffe91aae9e4,Tamil Nadu,Android,Home,1,Slow Loading,203,0
9e3b7e98-c4ca-4cba-a44b-15b54b56e7fc,Tamil Nadu,Android,Notifications,1,Helpful,57,0
8ee1b7c6-3071-4faa-b2b1-3816684077c9,Tamil Nadu,Android,Notifications,5,Confusing,455,0
bacf1644-55c1-4957-bedb-a631682620ec,Uttar Pradesh,Android,Profile,1,Helpful,45,0
f6a39892-4e1e-47af-896b-896c8b127bdf,Uttar Pradesh,Android,Search,5,Buggy,168,0
ba65f320-8bfd-442a-a43f-e8b9e58b34d5,Tamil Nadu,iOS,Search,5,Helpful,429,1
f9f966dc-14e9-4bb8-8651-84ab4d1b9ee0,Maharashtra,iOS,Search,1,Helpful,303,0
c9f4ccc5-a298-4c02-9018-84f68ece8279,Delhi,iOS,Settings,3,Helpful,146,0
a7f6250c-44ec-4612-8b54-baab3d142a72,Tamil Nadu,iOS,Search,1,Great UI,524,0
6ef092aa-a37e-4bc6-a0e9-15787c4b8c9c,Uttar Pradesh,iOS,Settings,4,Feature-Rich,13,0
47e2d8ea-900e-411a-9a0e-d44aa09572cc,Karnataka,Android,Search,3,Great UI,162,0
acc929e0-06db-4f5b-80c1-e04a8347efa4,Tamil Nadu,Android,Settings,5,Easy to Use,69,0
75e78bee-c84f-408f-b0b9-7428fda6be06,Tamil Nadu,iOS,Search,2,Feature-Rich,463,0
9cf5034c-67e8-48ef-90a9-d386c3b0ca6a,Karnataka,Android,Settings,3,Slow Loading,400,0
134f80f0-c3ef-4722-ab2f-63ad383a2482,Karnataka,iOS,Notifications,3,Great UI,162,0
6b0f1c69-6dc5-470c-a9c5-d554c599e70a,Tamil Nadu,iOS,Search,1,Great UI,360,0
55cfc5b4-76e0-47e1-b3c4-724e6c11b87f,Maharashtra,iOS,Notifications,5,Slow Loading,73,0
8a6c558b-8a7c-4d92-a772-8d171cbecb66,Delhi,Android,Settings,4,Easy to Use,208,0
8fa7747c-cfc1-4745-a2c0-9cff7b1bb5d1,Tamil Nadu,Android,Profile,3,Great UI,163,0
ff4553fc-78f7-412d-b144-843c1ae17837,Delhi,iOS,Profile,5,Easy to Use,486,0
4878cf35-34ea-43af-8fff-21b13195d41c,Maharashtra,iOS,Profile,2,Feature-Rich,222,0
731044c6-4ffe-4606-b2cb-40b42f26a284,Maharashtra,Android,Settings,1,Slow Loading,566,0
8c3b872c-c091-42d6-8d7a-38a87007dfb6,Delhi,Android,Profile,3,Slow Loading,219,0
1b4b3118-3409-43ee-8495-8c0171bab48f,Karnataka,iOS,Profile,2,Easy to Use,211,0
73591f0b-6a61-4f8a-be40-18b8ec890ccf,Uttar Pradesh,Android,Notifications,3,Feature-Rich,418,0
e204a546-571a-4a69-9b4b-e29c78482640,Karnataka,Android,Search,4,Slow Loading,285,0
fa881104-ccd5-40ed-85cc-061dcdbe1cf7,Tamil Nadu,Android,Notifications,5,Feature-Rich,126,0
11494e24-a93c-44c4-98c1-893cf116c601,Tamil Nadu,iOS,Notifications,1,Confusing,312,0
d54460c2-d042-49a2-921f-530978d4f41e,Delhi,iOS,Search,2,Crash,386,0
4a1daabf-2283-4f8f-a05d-0485118f9675,Uttar Pradesh,Android,Settings,5,Great UI,455,0
47780cdf-ced6-4f79-aa11-9ea687984a18,Delhi,Android,Profile,4,Easy to Use,448,0
880f31b9-596a-4a1c-9ec3-86d4d46af6f1,Delhi,Android,Search,2,Easy to Use,595,0
dda68db6-6b5a-4f17-ad3b-3717c0d75f7f,Uttar Pradesh,iOS,Notifications,5,Helpful,540,0
9ab5e558-5254-4c49-887a-0d849000013e,Maharashtra,Android,Search,1,Easy to Use,178,0
50ed88b4-a2be-48c2-aac1-8c4307dd8d43,Uttar Pradesh,iOS,Notifications,4,Feature-Rich,381,0
9d9fdbff-3c99-4c7b-afd3-0944510bc537,Karnataka,Android,Search,1,Confusing,456,0
fce0517b-db47-4b97-bd88-115b205ca76b,Uttar Pradesh,iOS,Home,4,Helpful,238,1
cee45caf-c69d-4a7f-8106-85f250dd0500,Tamil Nadu,iOS,Settings,1,Buggy,591,0
6f9a051f-7c34-446a-b889-2dd9588044fe,Uttar Pradesh,iOS,Profile,2,Feature-Rich,101,0
a26f8c0a-c6dc-47c1-9fa5-1d8d5362f8ef,Karnataka,Android,Notifications,3,Great UI,327,0
24b94886-7dcb-44bc-bcd1-2070a517a125,Tamil Nadu,iOS,Profile,2,Crash,343,0
8dc181aa-668c-45e9-a2f3-8df1089cc802,Tamil Nadu,Android,Settings,3,Easy to Use,596,0
457de4db-3012-4efc-b150-71b7caf335ea,Tamil Nadu,Android,Notifications,5,Buggy,354,1
47824ac7-5143-416a-bdd5-1d5ff5f26ff5,Delhi,Android,Profile,5,Feature-Rich,338,0
94d8433a-4054-4a7e-857a-1fcf86031777,Delhi,iOS,Search,4,Feature-Rich,213,0
71d99de9-36e0-4f34-9a0e-d4112ece7b22,Karnataka,iOS,Profile,1,Slow Loading,163,0
930a0784-a296-4867-9cb2-66bf69cf0f51,Karnataka,Android,Profile,4,Easy to Use,399,0
2d0dfc20-2c21-49e5-bd98-2132fd6f11e0,Maharashtra,Android,Search,4,Helpful,219,0
f6e73b47-8036-44b3-8c3f-090c668a66bd,Maharashtra,Android,Profile,3,Helpful,284,0
380ba7a2-3d9e-4a06-8d1c-bb64270abfae,Uttar Pradesh,Android,Settings,4,Slow Loading,108,0
3963746d-3583-4751-813b-3de472717776,Karnataka,Android,Search,5,Confusing,415,0
f11bf37b-9419-4350-91f8-eb67222ef986,Karnataka,iOS,Profile,2,Confusing,326,0
9c5de303-1fa6-4e5e-9e95-a474dad03ecd,Tamil Nadu,Android,Settings,5,Feature-Rich,381,0
144871c5-45ae-41aa-8ded-014819451859,Delhi,Android,Settings,4,Slow Loading,33,0
6d4b6a41-417a-4d8f-a8b8-70e6173d6d5e,Tamil Nadu,Android,Settings,3,Feature-Rich,582,0
98ec7e16-5663-41c6-a404-a0934512819c,Delhi,iOS,Settings,2,Buggy,438,0
78f80b24-3494-4e8a-890f-9c0de63e2d90,Uttar Pradesh,iOS,Search,4,Easy to Use,249,0
4c5d46f5-c090-477b-9001-323822040abb,Uttar Pradesh,Android,Search,2,Slow Loading,349,0
c39f7dcc-f8e7-48cc-9d83-62667d1b60ad,Delhi,Android,Notifications,2,Helpful,565,0
b54d6db6-8937-40d7-9aaa-43991419512f,Delhi,iOS,Settings,1,Easy to Use,465,0
0153ecbe-41ca-4e40-b495-1e11416a0f28,Delhi,iOS,Home,5,Confusing,530,0
64fc5cee-0b50-44e4-b346-ea53042bf675,Maharashtra,Android,Settings,2,Feature-Rich,69,0
2183e418-e710-4946-a366-c5d9ee0550bb,Karnataka,iOS,Search,4,Great UI,281,1
e26e4f84-cc36-4cd2-9123-faa3bf40b283,Delhi,Android,Search,3,Confusing,347,0
81bb3a0a-a993-416c-b34a-5e0cb9ceae3d,Karnataka,Android,Home,3,Confusing,42,0
bcb7cc28-364b-44a0-9fee-a9009a230fa7,Uttar Pradesh,iOS,Home,1,Slow Loading,224,0
0c28b5e4-93d7-490d-8165-7dc7e0b28a20,Delhi,iOS,Notifications,3,Confusing,447,0
98763bbe-23d6-436c-8ed6-c068cb91b7fa,Delhi,Android,Profile,4,Confusing,275,0
33532d2f-4b7c-4090-ade6-ad76004b895d,Tamil Nadu,iOS,Notifications,1,Crash,446,0
1c09f083-6dd4-44b4-aa28-4c43e32ed135,Maharashtra,Android,Search,1,Easy to Use,598,0
48a2c540-d50c-4d9f-8e1b-0ecf6c3889cf,Tamil Nadu,iOS,Search,5,Confusing,524,0
080efe1b-3a16-405c-887c-7b201cad7f23,Karnataka,Android,Home,3,Crash,331,0
793a655e-b69a-449c-a924-f8fcfe480ae8,Maharashtra,Android,Profile,3,Great UI,566,0
c3c44373-5203-4d2e-b7b5-079fbb657480,Tamil Nadu,Android,Home,2,Feature-Rich,333,0
77d71bb3-2577-4560-a0f8-4b04b62756c9,Karnataka,Android,Notifications,3,Helpful,207,0
ccbf27fa-6a47-4010-96a8-256042fb1ba7,Karnataka,Android,Home,1,Great UI,311,0
254d59c5-e591-4ea4-8868-7e83879c8037,Tamil Nadu,Android,Notifications,1,Feature-Rich,582,0
6762e603-5bf7-4186-a362-00244b11e5cb,Karnataka,iOS,Notifications,5,Crash,204,1
967627c4-4c4a-4299-834e-a3792ee38d27,Delhi,Android,Search,3,Crash,599,0
ff4e7cda-2a41-473a-8374-271884b62ba4,Uttar Pradesh,Android,Notifications,4,Helpful,93,0
22e958a5-431a-48b8-a264-205d645e380d,Tamil Nadu,Android,Settings,1,Slow Loading,328,0
df3cf2a4-16b8-4781-b80a-febf1913c5c2,Maharashtra,Android,Profile,5,Feature-Rich,27,0
7e9e099a-d7ea-4e20-8737-6c5da3094b54,Karnataka,iOS,Home,2,Easy to Use,222,0
599f3a89-9765-47b5-a587-6ce629bed835,Karnataka,Android,Search,5,Feature-Rich,177,1
28432281-23d2-4884-a66a-3ad5cef5732e,Karnataka,iOS,Home,1,Easy to Use,499,0
373eeb47-1f19-408c-bda7-a2e94f4f59bd,Karnataka,iOS,Settings,3,Feature-Rich,404,0
3958c6f2-2efe-41d9-82d4-138ee2e2996b,Tamil Nadu,iOS,Notifications,1,Confusing,419,0
5171bf33-c848-4d36-853e-bceb328e1b58,Maharashtra,iOS,Profile,1,Easy to Use,70,1
31023aaf-3b7b-4d46-a7ce-26f6a714cec6,Uttar Pradesh,iOS,Home,4,Feature-Rich,512,0
1b5fb246-9e7c-468c-8753-3919ebe03dd6,Maharashtra,Android,Home,5,Confusing,59,0
799d2b28-b38f-4dfa-bce9-bd6a2e77391d,Karnataka,Android,Home,2,Easy to Use,236,0
5b5157e0-4659-43d8-879e-dec724fafbb7,Maharashtra,iOS,Search,5,Helpful,148,0
e9b396ee-43b7-4a14-b66b-78e9bb416cc8,Maharashtra,Android,Home,3,Feature-Rich,450,0
1ef85417-f8e6-457c-a81a-7b96b110850e,Uttar Pradesh,Android,Home,5,Confusing,120,0
504d4c6a-672c-462f-aaec-3be3edd25d7a,Tamil Nadu,Android,Search,3,Slow Loading,362,0
6bbe312a-7f99-49c2-a7fe-33d4540c3a52,Karnataka,Android,Home,2,Confusing,16,0
dca03d93-fd51-4817-a35d-229d046cb035,Tamil Nadu,iOS,Home,5,Slow Loading,269,0
b9cb0f5b-4334-47c6-a039-251c5245cdf8,Tamil Nadu,Android,Notifications,1,Helpful,114,0
4b0d4189-d87f-4662-91a0-f3d9778ecddd,Uttar Pradesh,Android,Search,4,Feature-Rich,279,0
f50f8c87-a8b0-4751-a696-e7e8217fc5ed,Delhi,Android,Settings,1,Feature-Rich,523,0
35f9ac8d-b3a8-4b90-9550-274fd32ac0a2,Maharashtra,iOS,Search,3,Confusing,452,0
c484196a-c664-447c-92a1-31a0888ab8b8,Maharashtra,iOS,Notifications,1,Helpful,274,0
8d279bf8-0ca7-4173-876d-8aa272731de2,Delhi,Android,Search,2,Slow Loading,307,0
e5be79c6-2023-40b1-a7af-f6c929579aaf,Tamil Nadu,iOS,Settings,2,Feature-Rich,205,0
47b97292-5be0-47cc-a54b-3e5dd367552f,Uttar Pradesh,iOS,Settings,4,Confusing,97,0
31d0783a-c1a1-472f-8258-fdf3f7952393,Delhi,Android,Home,1,Confusing,302,0
d24c0138-ef77-4df4-9db9-521f9faf23a4,Uttar Pradesh,iOS,Home,4,Buggy,394,0
6be8ed2a-137a-43c0-af27-a2b4b4d902a8,Delhi,Android,Profile,4,Great UI,466,1
a5ab0deb-ae04-432d-95b2-86fe8b439aea,Karnataka,Android,Settings,4,Great UI,563,0
def3973e-12c6-4913-8093-554e9c1db146,Karnataka,Android,Search,5,Great UI,286,0
8459c22e-3669-489d-9a00-6d2ab746b7d2,Tamil Nadu,iOS,Settings,1,Crash,415,0
127e5b6b-9c11-4953-9c59-06e0f9ad9a55,Maharashtra,iOS,Settings,3,Slow Loading,171,0
31e8539c-776d-4896-b109-1f6ffeb9ba5a,Delhi,iOS,Profile,2,Crash,161,0
791148d6-3584-42b1-85f9-b9417932f5a7,Delhi,Android,Profile,3,Great UI,359,0
f4bd55f0-14c2-480a-b297-99262bc9a278,Tamil Nadu,Android,Home,5,Feature-Rich,545,0
c98de58d-61e2-4a5b-ad11-99ec8576e160,Delhi,iOS,Home,4,Great UI,120,0
046e993a-2266-4fd0-be6e-77afc78fa889,Karnataka,iOS,Profile,1,Feature-Rich,243,0
6a870dfc-ab5a-4ce4-9404-e839718d54eb,Karnataka,Android,Home,5,Buggy,390,1
68aa8e56-ed94-487b-a2af-82e2d2b7847e,Karnataka,iOS,Notifications,5,Easy to Use,305,0
7715eb4b-5084-484d-91ff-6ea3ea86680b,Maharashtra,Android,Profile,1,Slow Loading,97,0
e76ef4ff-8967-49a9-b895-9861a7ce2d2e,Uttar Pradesh,iOS,Search,2,Crash,293,1
cdd76652-2880-4f76-acc6-265c305e5868,Karnataka,iOS,Home,5,Helpful,534,0
e99da096-d8b3-4266-b0b0-dd0dab9e2e95,Maharashtra,iOS,Settings,5,Great UI,321,0
be5330c3-8629-4bc1-8011-8dc7edc30740,Maharashtra,Android,Home,4,Great UI,243,0
3ea966bc-18dc-4a1f-9563-cdc228d80547,Tamil Nadu,Android,Notifications,1,Slow Loading,53,0
612c5c21-50e4-4197-9bcd-deafda4ad5af,Uttar Pradesh,iOS,Profile,3,Great UI,428,0
ab1246ad-dd89-425b-8eb7-c0a60a6ac5d5,Tamil Nadu,iOS,Profile,3,Feature-Rich,526,0
a26fa6e8-9951-4a87-a8c2-8bdf17d8ecd8,Delhi,iOS,Profile,4,Easy to Use,317,0
29258bd0-15ab-4ff2-acde-eec35bda5cea,Uttar Pradesh,Android,Profile,4,Great UI,332,0
d03d72e5-d15e-4fe2-bcbd-6ceb1227d1c4,Maharashtra,Android,Search,2,Feature-Rich,129,0
af6cef03-d336-46ba-a6a6-3ae60c39ece6,Tamil Nadu,Android,Notifications,1,Feature-Rich,57,1
33499d55-0765-4d4e-875f-e84faaeb0c79,Delhi,iOS,Search,2,Great UI,533,1
7811cc02-a6a5-4ef6-b87d-04607e1e9dcf,Maharashtra,Android,Search,4,Confusing,494,0
806f741b-0d53-4264-99cc-d501f60f9eb5,Tamil Nadu,Android,Notifications,2,Helpful,316,0
83f4b13f-cab3-4f97-982d-b0a3705d35cd,Uttar Pradesh,iOS,Home,2,Slow Loading,493,0
9e6ed6e2-58ba-44d8-82bc-99bababbec78,Karnataka,Android,Settings,5,Feature-Rich,204,0
9b9d3a85-a94a-4a08-8449-d905dff69db7,Maharashtra,iOS,Profile,1,Slow Loading,502,0
388e0ad8-7b10-474e-9f02-ca8d22f6f7e5,Karnataka,iOS,Search,2,Slow Loading,134,0
3d07ca7e-56f0-431e-a4a6-34e856b14904,Tamil Nadu,Android,Search,3,Feature-Rich,155,0
4f302ace-f3ab-44b1-ad4b-33744058119e,Uttar Pradesh,iOS,Search,3,Helpful,329,0
a0162c42-b10b-43bd-aba5-0a0f0c09cc7d,Maharashtra,Android,Home,5,Helpful,109,0
a92ebf62-2379-4435-8649-ec6c7ecf3668,Delhi,Android,Profile,2,Buggy,471,0
eb3752b7-ce7f-4314-b5c2-d55f9ca0d214,Tamil Nadu,iOS,Home,1,Slow Loading,56,0
fa888a95-5e9e-401a-bd47-65870e698817,Delhi,Android,Search,3,Helpful,383,0
0a5bb101-dcaa-4a72-8c4c-037c28ccac00,Uttar Pradesh,iOS,Notifications,4,Crash,553,0
21cf86a5-f975-402b-a960-c67be3ec6d48,Karnataka,iOS,Notifications,4,Slow Loading,143,0
0ff6f433-ed76-4dca-b0c4-b5d2ff7c6a91,Uttar Pradesh,Android,Settings,5,Buggy,232,0
a626a249-0215-46cb-83a2-7aecbd2e3042,Maharashtra,Android,Settings,3,Slow Loading,225,0
02cfbfda-8d41-4e51-a427-3819f408d53c,Maharashtra,Android,Profile,2,Feature-Rich,280,0
c40642fe-f2c0-4b5d-a789-60e4b96cf669,Tamil Nadu,Android,Search,4,Easy to Use,130,1
b4463f3b-1381-4c1f-a1d4-d5ceafbde1a7,Uttar Pradesh,Android,Settings,5,Helpful,327,0
5d5cbf6c-f3ec-4a2e-934b-6f8cbd0c5a69,Tamil Nadu,iOS,Home,4,Slow Loading,236,0
8546b237-f283-48d5-b844-ca9b3532f96e,Tamil Nadu,iOS,Settings,1,Slow Loading,470,0
461d90a6-e47a-4e1e-a2b9-f939610f964f,Maharashtra,Android,Notifications,2,Crash,195,0
607e6330-3dfd-4f24-843a-8802175e87c0,Uttar Pradesh,Android,Home,5,Easy to Use,525,0
cf61f92d-8dfb-4946-8092-df657e933be9,Uttar Pradesh,Android,Settings,5,Buggy,460,0
5a29f036-7e49-4caa-8558-216f7c61dfca,Delhi,Android,Notifications,2,Easy to Use,21,1
0e94fb93-37a4-4058-81c8-2485a69e942f,Delhi,iOS,Notifications,2,Slow Loading,421,0
ec5ceb12-a206-423c-ac11-1aba621a6e1a,Tamil Nadu,Android,Search,5,Feature-Rich,247,0
1810deb3-10a7-4d23-8fa3-1b2811cb3208,Maharashtra,iOS,Search,2,Feature-Rich,543,0
a8d25590-7303-4274-9bb4-a44094fd7206,Delhi,Android,Home,5,Buggy,453,0
24cbb817-6995-4b85-bfb4-e5ba6a0e559e,Maharashtra,iOS,Profile,1,Slow Loading,408,0
fe181bac-a0d1-4de2-aa20-1f4778057c3b,Tamil Nadu,Android,Settings,1,Buggy,582,0
3d918ae8-9327-4777-949d-fd15d736c18d,Maharashtra,iOS,Search,5,Crash,95,0
90bf3452-b4b5-40c5-8d34-df8713e2f43a,Delhi,iOS,Search,5,Feature-Rich,596,1
7ff2e9c0-a5bc-4ce5-9f1f-7aa7568c7010,Maharashtra,Android,Notifications,2,Helpful,597,0
24d5dc85-def4-4736-8ac2-a497af0c2f8d,Karnataka,Android,Settings,2,Confusing,354,0
53105cc4-de41-4141-abb7-29dc0b8368be,Maharashtra,iOS,Settings,4,Confusing,542,0
9022fd3f-57df-41c1-a2bb-7ab72fc972ce,Tamil Nadu,iOS,Notifications,2,Feature-Rich,582,0
7b9cc14a-ea8e-4b3d-a89c-9aa024c36d82,Maharashtra,iOS,Home,4,Buggy,84,0
16345f31-e546-4512-8040-8525b02a844f,Maharashtra,Android,Notifications,5,Buggy,193,0
2895b22c-af55-4d96-9b98-0deb16c9ebaa,Tamil Nadu,Android,Profile,2,Slow Loading,511,0
d67afa90-0024-4b0d-bc13-31024d848b56,Karnataka,iOS,Home,1,Crash,86,0
a1f7d0be-90db-46d6-bee4-7b7f9e88f87a,Uttar Pradesh,Android,Search,3,Slow Loading,325,0
01b40e39-0ce1-4aef-a418-ad677015b2da,Maharashtra,iOS,Search,4,Great UI,86,0
ad6aa98c-229c-46c4-b159-c4c031a1361e,Uttar Pradesh,Android,Home,1,Confusing,109,0
15ee2440-4fd4-4667-9b46-c8b7fe5630a7,Tamil Nadu,iOS,Settings,5,Slow Loading,329,0
2980f204-b72b-4926-aa93-6aa1e223394f,Uttar Pradesh,Android,Search,4,Easy to Use,553,0
bc56b21e-c722-4e7e-b81b-6be0bd13b71b,Karnataka,iOS,Settings,5,Confusing,482,0
acaed5ad-41c8-41e6-80b4-2211884ea1e9,Tamil Nadu,iOS,Profile,1,Confusing,131,0
07b20634-5445-4ba1-abd2-c3ff9cae3c35,Maharashtra,Android,Settings,2,Confusing,322,0
c52ba1bb-4b7f-41a3-b32d-53bdc7a8d79e,Maharashtra,Android,Search,5,Confusing,591,0
9ecd5997-a113-427d-8eaa-bbe89ff560df,Maharashtra,iOS,Search,5,Helpful,116,0
de475623-28e9-4ee8-a4e2-cecd72f44930,Delhi,iOS,Settings,5,Easy to Use,170,0
14f083ab-c72e-44f8-ba21-dd4b19b3a08d,Tamil Nadu,iOS,Home,1,Crash,353,0
738c81d1-3b9a-4a2a-99a4-03ef021182f0,Uttar Pradesh,Android,Settings,4,Easy to Use,197,0
254b0ac6-7c04-4262-9b29-f7500bddbba2,Tamil Nadu,Android,Notifications,4,Feature-Rich,426,0
eb5afb30-e500-4d8c-bc58-8ac2e9f165c8,Uttar Pradesh,iOS,Home,1,Feature-Rich,495,0
1f5bda81-f6ca-41d3-bcc7-2c4ff95445a1,Delhi,iOS,Settings,5,Buggy,227,1
c969af7f-5c56-49a9-ba2f-edf38c219773,Maharashtra,iOS,Search,3,Helpful,62,0
daea5fd3-ad52-40d3-b432-98035477f49f,Maharashtra,Android,Settings,4,Helpful,444,0
9dbaef06-82bd-4b21-9965-42c507701a2c,Delhi,iOS,Search,3,Helpful,406,0
02cd4fa2-9bcb-4523-83fa-8d2b586e9c52,Delhi,iOS,Settings,1,Feature-Rich,372,0
3d4c39ad-56b0-4bc5-a50a-00f4930edacd,Maharashtra,iOS,Settings,3,Feature-Rich,46,0
cc78e124-697a-48d0-bb49-3b2bd62a1dfa,Maharashtra,iOS,Home,3,Easy to Use,463,0
26ee014a-5b2b-40b4-946c-084bf3e85840,Uttar Pradesh,Android,Notifications,3,Confusing,332,0
d86cb536-86db-4529-871a-b0b36820fc8c,Uttar Pradesh,iOS,Search,1,Easy to Use,461,0
dbec1c42-e5aa-48c0-b9b8-9a7d2565a259,Delhi,iOS,Notifications,1,Helpful,547,0
8f762aac-f691-434f-925b-e848e79ba229,Maharashtra,Android,Profile,5,Feature-Rich,422,0
5f8d1ad5-393d-4266-a585-92be45f7ad8e,Maharashtra,Android,Profile,4,Confusing,320,1
9a8069d2-456a-4222-8b69-7ddbf05c6dc9,Uttar Pradesh,Android,Search,1,Helpful,236,0
1e5c457c-296d-498a-84cb-942c7810b6eb,Karnataka,iOS,Home,3,Slow Loading,405,0
ce25fd5a-8e8b-4d57-9941-e58e6fc58bdb,Delhi,Android,Search,1,Slow Loading,154,0
f4a4786f-508f-45d5-ac6f-95ba73904a64,Uttar Pradesh,Android,Notifications,4,Confusing,220,0
a42c8303-91a0-4157-b67c-d9474b6fed1e,Delhi,iOS,Settings,3,Confusing,282,0
88a9e224-e350-4b6d-88a1-e09064db5cf7,Tamil Nadu,iOS,Home,2,Easy to Use,149,1
bc9c29e0-6da7-4d85-a79f-df52b3e69baa,Maharashtra,iOS,Search,1,Feature-Rich,160,0
f6eda5a4-7a6c-466f-89f0-ac28dd91045a,Uttar Pradesh,iOS,Home,1,Crash,31,0
aa925182-acd0-414c-b44f-6f94c505d7b7,Tamil Nadu,iOS,Home,4,Crash,345,0
1830ed41-6780-4064-9be4-42ac65e6702a,Delhi,iOS,Notifications,4,Helpful,589,0
16dc2e85-9e7c-4af7-a341-357832c7f042,Maharashtra,Android,Profile,1,Confusing,99,0
b5c6f3ba-5194-4f55-b1be-06d24266a1dc,Maharashtra,iOS,Settings,3,Buggy,494,0
ed2ff604-bece-4e02-bde0-9d571161c8f7,Maharashtra,iOS,Home,3,Great UI,429,0
44769ee9-c367-4414-85e3-a966465c96b2,Tamil Nadu,Android,Settings,5,Helpful,352,0
458930e3-9e91-41c7-bced-d9f9d5d0ea80,Tamil Nadu,Android,Settings,1,Crash,173,0
08b0676f-9154-482b-9cc6-1508251793eb,Maharashtra,iOS,Home,2,Crash,140,0
d99a3269-f0e4-4f32-b794-0f7672ecf0e1,Tamil Nadu,iOS,Search,5,Buggy,114,0
5acd75fa-dd0f-4b06-8800-56e57dd7d619,Maharashtra,Android,Settings,4,Helpful,19,0
e44cb409-9a2b-48da-bef2-23d48abdfe78,Uttar Pradesh,Android,Settings,5,Crash,55,0
2fa77b47-e5e2-431d-87b2-835c36fc128c,Tamil Nadu,iOS,Home,1,Confusing,283,0
f028319f-c850-46e3-93f3-8f8f38ddd2ea,Karnataka,iOS,Notifications,2,Buggy,461,0
297437e8-0dd2-4682-9c5e-02e66305b7b6,Delhi,Android,Home,2,Buggy,539,0
69a19929-9028-4588-bf56-65ea105d4771,Delhi,iOS,Profile,4,Feature-Rich,301,0
8bca2882-4804-41a0-a4b1-f82bcda354a8,Karnataka,iOS,Search,5,Great UI,500,0
fd994f25-91c2-4504-bb96-30d38fb57a1b,Karnataka,Android,Profile,1,Helpful,577,0
0ed73e27-763e-4f38-813f-73d996975c98,Uttar Pradesh,Android,Settings,3,Easy to Use,94,0
1df9c676-2675-4584-971f-8d37a30b46a1,Uttar Pradesh,iOS,Notifications,5,Buggy,277,1
a23655e1-f312-493d-836c-72fd75a6044a,Karnataka,iOS,Notifications,2,Slow Loading,214,1
23afdcf9-5509-418a-ac69-d00d0c175c12,Karnataka,iOS,Search,4,Slow Loading,360,0
4d9ef456-0cf0-4573-91d6-3a267f106532,Uttar Pradesh,Android,Home,3,Great UI,221,0
9f69bd80-3942-4179-b950-02a39d53e3c6,Karnataka,Android,Notifications,5,Confusing,400,0
7de4d4ae-b846-4f6f-b760-790f86ab5067,Karnataka,Android,Profile,3,Confusing,371,0
9a2866b6-68a1-4535-9cfb-e7f46f53d94e,Karnataka,Android,Home,4,Crash,371,0
0c081103-9289-4eb4-96d3-af5bf0df2e66,Karnataka,Android,Settings,2,Great UI,36,0
907d6c0d-782f-4303-8059-c1b68fe44aa9,Uttar Pradesh,iOS,Profile,1,Feature-Rich,14,0
f8323cb2-e579-4591-9cdf-cb9dea1fe88a,Maharashtra,Android,Home,5,Great UI,49,0
0a794c8a-ba97-4dec-9a3d-f3ed2f2af9dd,Tamil Nadu,Android,Home,3,Crash,43,0
44def641-eadb-4252-bcc7-fc1f5c42a305,Karnataka,iOS,Search,5,Buggy,469,0
51de2ef8-046e-42fd-aef3-1ce45618b838,Uttar Pradesh,iOS,Settings,4,Helpful,219,0
786d3a56-23f1-492f-9607-02c7d39867a7,Uttar Pradesh,Android,Search,3,Feature-Rich,252,0
f7cf27a5-01c8-41c8-933b-796d6c069c93,Karnataka,iOS,Home,5,Great UI,507,0
ab3379d8-3b70-4e46-bdf2-f16a50687119,Maharashtra,Android,Settings,3,Great UI,373,0
ae7ec5f7-40bc-4506-be26-aff66692597f,Karnataka,iOS,Profile,3,Feature-Rich,488,0
398c97df-4117-4aef-a103-fbb1ef25fd81,Uttar Pradesh,Android,Search,3,Slow Loading,259,0
8572c5f6-6632-4add-8739-58cea3bb1eb1,Uttar Pradesh,Android,Notifications,4,Feature-Rich,320,0
90a22913-67ef-4fed-9ab0-4684b1c58229,Uttar Pradesh,iOS,Settings,1,Feature-Rich,25,0
650d548c-6f61-48d3-9fba-38d7e2e8dba3,Delhi,iOS,Notifications,1,Feature-Rich,41,0
635b7363-2dc0-4aca-b798-a38f55d06aa2,Maharashtra,iOS,Search,4,Buggy,52,0
9e1b7ca3-f0b9-4287-8077-47e6449cbbc2,Delhi,Android,Settings,4,Feature-Rich,364,0
92a93d6a-401e-4bcb-b9a4-ac1369c40625,Uttar Pradesh,Android,Search,3,Crash,73,0
1c324c94-e6fb-4a75-911d-24dc56ef8de8,Maharashtra,Android,Settings,4,Feature-Rich,317,0
b5288dae-b59b-4eb7-9cb7-67b149fbf71b,Tamil Nadu,iOS,Settings,3,Feature-Rich,598,0
56bfb296-e24f-4cb6-87cb-2cedda88be57,Delhi,iOS,Home,2,Easy to Use,536,0
8e5fed08-3911-45bd-bfae-d57822dfa682,Delhi,Android,Settings,5,Helpful,49,0
3f75cb02-0232-4310-8d18-4792f97c95d4,Karnataka,iOS,Search,3,Buggy,570,0
bbdaf031-3ef7-4a67-92ce-61a632bbbe16,Uttar Pradesh,iOS,Settings,3,Crash,456,0
62c720a2-99a2-422e-9b95-15f15279b28c,Maharashtra,iOS,Settings,4,Crash,167,0
027ba007-bd90-44f3-b5ce-98f08731bc49,Uttar Pradesh,Android,Search,1,Great UI,471,0
b1b248bb-7cde-488d-a3f2-46808adcfb1c,Delhi,Android,Settings,3,Crash,168,1
efcea008-7c42-49d7-b88b-fd8202f3813a,Maharashtra,iOS,Profile,4,Confusing,379,0
447da928-a065-41e1-b5cd-5c56cb135622,Karnataka,iOS,Search,1,Easy to Use,292,0
db4215bf-0502-45a6-b9a6-247c62ec1ed8,Karnataka,Android,Search,3,Feature-Rich,354,0
7b6a8e8f-3170-4b0e-8e7b-bb7300e6f130,Delhi,iOS,Search,5,Feature-Rich,382,1
86dec214-bb64-47f6-b978-e3f4d5b34a27,Maharashtra,Android,Settings,5,Easy to Use,218,0
f8a4f6f6-be90-45bb-a84d-87b107625f8c,Tamil Nadu,iOS,Settings,5,Slow Loading,583,0
d628e451-8d33-48ab-b5de-1c17e3de8045,Uttar Pradesh,iOS,Home,3,Crash,40,0
04742271-8fbf-4077-8ec5-e976f0862521,Karnataka,iOS,Profile,1,Helpful,100,0
3db8d498-d9db-4af7-9b03-99434318f015,Delhi,iOS,Notifications,3,Great UI,105,0
35b539be-2cc6-46c0-8003-08d6b8b4310f,Uttar Pradesh,iOS,Notifications,2,Easy to Use,410,0
237dae76-eb5c-4d18-9c1a-6d5f33f4b244,Karnataka,Android,Home,4,Slow Loading,546,0
97c6b75b-01c0-4b62-b5c8-43a241680a45,Uttar Pradesh,iOS,Home,1,Slow Loading,387,0
d3adef39-b199-4ad9-ac88-7490abead025,Uttar Pradesh,Android,Notifications,1,Crash,120,0
4d007b5e-66aa-4df0-b6d7-8a2f036e13f8,Maharashtra,Android,Home,2,Confusing,301,0
01480597-7adb-411e-932a-5511323fe1c9,Uttar Pradesh,Android,Profile,2,Confusing,258,0
4181182b-e33d-4cb8-9f98-b7acd2e5a538,Karnataka,Android,Home,2,Helpful,541,0
d329e99e-af10-4950-97c5-31def7355c82,Karnataka,Android,Notifications,3,Buggy,470,0
ac37e02f-7cab-4016-bf50-3900fad15e26,Tamil Nadu,iOS,Settings,4,Easy to Use,289,0
b90e9f8d-7302-4206-a04d-83cfae9c226b,Maharashtra,Android,Notifications,2,Buggy,534,0
7932cf32-fb23-470c-bc73-b84f0ab9f2c6,Maharashtra,iOS,Profile,4,Confusing,309,0
d84eff62-b1c8-4011-8356-8cb29e8326f7,Maharashtra,iOS,Search,3,Slow Loading,273,0
0d3d4667-1356-4ae7-8d58-cee3e051f497,Uttar Pradesh,Android,Profile,4,Confusing,426,0
f843554a-115f-4ea1-85d9-3355db4fd9cb,Uttar Pradesh,iOS,Notifications,1,Helpful,464,0
c0946351-cdd4-4093-8971-4b7e2a13151e,Delhi,iOS,Notifications,5,Great UI,328,0
d8dc0f1a-68a7-4591-a3bb-5e5ebc286384,Tamil Nadu,Android,Search,3,Confusing,232,1
853a30f6-c4a0-48c8-a971-5ee9408e55ff,Uttar Pradesh,iOS,Profile,1,Feature-Rich,348,0
d90ec341-7946-44ff-8119-64140d89d5de,Tamil Nadu,iOS,Profile,2,Buggy,20,1
b459bf6c-0624-40d4-9a09-397f96c386cd,Tamil Nadu,Android,Notifications,5,Confusing,284,0
f70c1d2a-581b-4016-acaf-678935ee7409,Uttar Pradesh,iOS,Settings,4,Crash,134,0
fbb9606f-9795-46b1-bbde-8caf6c961a44,Uttar Pradesh,Android,Profile,5,Great UI,258,0
171822b3-6518-4633-a41b-1fca8bf63247,Maharashtra,iOS,Settings,5,Helpful,150,0
a0e340ca-e2aa-42ca-8d16-cb0edc4293e2,Karnataka,Android,Settings,2,Easy to Use,507,0
d40ea2ab-ffee-4315-b018-08bc8d30e326,Delhi,Android,Settings,1,Easy to Use,537,0
dbe7ef42-0529-400c-96af-68806f0bcbea,Delhi,iOS,Settings,5,Easy to Use,62,1
73382e8f-48da-429f-a175-37516517fbc1,Delhi,iOS,Notifications,4,Feature-Rich,470,0
5504d83b-1427-4869-85f3-8a4922a9406d,Delhi,iOS,Notifications,4,Slow Loading,65,0
ebfbf3c0-2793-4a23-af55-b0dee79d9b2c,Delhi,Android,Profile,4,Helpful,444,0
76875a1e-1b28-442d-bf0c-c166c03353f0,Delhi,iOS,Profile,4,Easy to Use,179,0
250d5bde-3f77-4216-9c16-780ad8c725a4,Delhi,iOS,Home,3,Confusing,373,0
07adc5b6-71e9-429a-a610-34d2776f4b53,Delhi,iOS,Profile,1,Slow Loading,308,0
6037a19c-a5d8-458c-9f7e-146840fdd5e2,Uttar Pradesh,iOS,Settings,3,Helpful,112,0
59ae9364-28fb-4ac0-a963-b7179574e75b,Maharashtra,Android,Profile,3,Crash,598,0
98bd2619-e3d5-4bfd-88cf-43d9a274ca05,Uttar Pradesh,iOS,Home,3,Confusing,393,0
ddedbba6-e198-4f3a-bc36-3ad94c904f3d,Maharashtra,Android,Search,5,Feature-Rich,60,0
4b34c1cd-0e8c-4b8c-a62a-0826d567db2b,Delhi,Android,Profile,2,Helpful,443,0
1854cc69-2b11-43cc-a0ed-6a08ee074160,Maharashtra,Android,Settings,5,Slow Loading,295,0
5bbf2ad6-deed-48a1-847f-a049bc7750ac,Maharashtra,Android,Home,4,Slow Loading,527,0
b239c6c8-a2dd-45ab-bd36-a077d610b5e3,Karnataka,iOS,Home,1,Feature-Rich,164,0
0b929510-d77d-43d3-bc87-ef895e6fff2f,Karnataka,iOS,Search,4,Buggy,426,0
973bbe74-70f5-49a3-a6c0-105272d506ec,Uttar Pradesh,Android,Search,2,Helpful,29,0
fc8df5dd-2e16-4125-9a6d-4c77b8c29e24,Delhi,iOS,Home,1,Buggy,230,0
393bd3ea-6b34-454c-b5b3-ca78c38732bd,Uttar Pradesh,Android,Home,3,Slow Loading,505,0
16cf63e2-05d2-4d91-9c69-359ad0fb470a,Delhi,Android,Profile,1,Confusing,88,0
bca4b7ff-a35c-4d07-9258-5199e17e5916,Maharashtra,Android,Home,4,Helpful,304,0
03065643-c565-4d98-8ee9-902de38bf104,Maharashtra,iOS,Home,3,Helpful,254,1
29628107-b574-4486-8fab-952a6e2cbe1e,Maharashtra,Android,Search,2,Crash,139,0
ac896d78-c072-4019-a1d0-56829599ff7a,Maharashtra,Android,Profile,4,Confusing,431,0
cb9b14ce-fc93-4744-864c-250e8558a2e0,Karnataka,Android,Profile,2,Confusing,98,1
46baaa50-2ca9-42cf-8130-f40dda780f50,Delhi,iOS,Notifications,1,Confusing,159,0
f8c5a518-a906-43bb-b31f-af4a9fdf46c5,Delhi,iOS,Search,2,Confusing,477,1
8a82150a-ee2c-4d51-b8a9-286eeadcb78a,Karnataka,Android,Settings,4,Slow Loading,157,0
0358209b-3c83-4cb4-8634-96561ea88ce5,Delhi,Android,Home,1,Feature-Rich,457,0
7a11b591-3677-4615-a8a1-973b67c7a7aa,Karnataka,iOS,Notifications,1,Feature-Rich,483,1
